CD_CLIENTE,CD_UNIDADE,CD_FAZENDA,CD_TALHAO,CD_ZONA,CULTURA,DATA_PLANTIO,DATA_COLHEITA,DELTA_TEMPO,geohash_macro,geohash_regional,geohash_sub_regional,geohash_local
281,1,1,2,1,soja,20221027,20230208,104,6,6y38,6y38d,6y38d5
221,61,16,231,8,soja,20231127,20240319,113,6,6v0c,6v0cw,6v0cwx
1019,261,64,37,1,soja,20231102,20240301,120,6,6yrp,6yrpp,6yrppj
374,42,1,29,9,soja,20251108,20260315,127,6,6yxr,6yxrq,6yxrq6
248,1,1,61,1,soja,20221025,20230308,134,6,6u0t,6u0te,6u0te5
1019,141,8,19,1,soja,20231011,20240205,117,6,6yqw,6yqwt,6yqwtt
52,1,84,709,1,soja,20221003,20230309,157,6,6v1b,6v1b2,6v1b2t
1019,521,500,1,1,soja,20251023,20260301,129,6,6vfk,6vfk6,6vfk6g
209,1,10,203,4,soja,20231105,20240305,121,6,6uu4,6uu4m,6uu4mn
221,63,23,21,3,soja,20231104,20240221,109,6,6v1g,6v1gz,6v1gzc
1019,161,18,124,2,soja,20240924,20250115,113,6,6vzs,6vzsc,6vzsc9
444,1,1,4,28,soja,20240102,20240518,137,6,6f4x,6f4xu,6f4xuv
1019,201,62,145,2,soja,20231002,20240112,102,6,6tx2,6tx28,6tx28b
52,1,17,87,3,soja,20221102,20230226,116,6,6v1b,6v1b0,6v1b01
232,1,3,3,5,soja,20211023,20220215,115,6,6tzz,6tzzk,6tzzks
425,1,1,9,1,soja,20240103,20240427,115,7,7n81,7n81d,7n81dk
52,1,15,427,3,soja,20221105,20230314,129,6,6ucx,6ucxx,6ucxxx
281,1,1,3,1,soja,20221021,20230210,112,6,6y38,6y38d,6y38dd
1019,181,44,36,1,soja,20231101,20240228,119,6,6vfe,6vfer,6vferz
278,1,18,4,2,soja,20220922,20230125,125,6,6y7s,6y7sq,6y7sqz
483,1,1,12,1,soja,20241006,20250107,93,6,6twq,6twq6,6twq61
327,1,402,44,1,soja,20221014,20230204,113,6,6vrt,6vrtg,6vrtgp
10,1,1,73,1,soja,20241103,20250403,151,6,6tqt,6tqt2,6tqt2w
179,1,1,13,1,soja,20201120,20210321,121,7,7n84,7n846,7n846x
15,1,1,3,9,soja,20241105,20250308,123,6,6vx7,6vx7h,6vx7hx
42,1,1102,113,1,soja,20221201,20230311,100,6,6yx8,6yx8k,6yx8kr
1019,201,62,81,1,soja,20231011,20240115,96,6,6trp,6trpw,6trpws
239,1,1,43,3,soja,20211028,20220224,119,6,6y11,6y11w,6y11w4
52,1,16,436,2,soja,20201106,20210315,129,6,6ucx,6ucxz,6ucxzw
282,1,1,160,2,soja,20221001,20230216,138,6,6vn6,6vn6b,6vn6bs
239,41,2,2,1,soja,20221010,20230124,106,6,6y02,6y02y,6y02yd
175,62,2,76,4,soja,20211201,20220312,101,6,6yk9,6yk9s,6yk9s1
52,1,114,5679,2,soja,20211103,20220323,140,6,6ucz,6uczj,6uczj2
547,1,10,1001,1,soja,20260105,20260507,122,6,6g6y,6g6yx,6g6yxv
436,83,6,92,1,soja,20251112,20260215,95,6,6vzm,6vzm3,6vzm30
327,41,401,9,1,soja,20231116,20240306,111,6,6yrf,6yrft,6yrfts
52,1,100,4906,2,soja,20201118,20210403,136,6,6ucx,6ucxw,6ucxws
184,1,1,19,1,soja,20201211,20210405,115,6,6yx9,6yx9w,6yx9wt
232,1,2,6,11,soja,20211023,20220215,115,6,6vbj,6vbjd,6vbjdy
1019,421,74,177,1,soja,20231005,20240116,103,6,6tqz,6tqzq,6tqzq2
278,1,18,8,12,soja,20231103,20240306,124,6,6y7u,6y7u1,6y7u1t
1022,1,5,50011,50011,soja,20221108,20230326,138,6,6vrs,6vrsh,6vrsh3
52,1,13,79,3,soja,20211025,20220223,121,6,6ucx,6ucxp,6ucxps
221,41,25,92,25,soja,20231120,20240326,127,6,6u07,6u07s,6u07s9
39,1,15,1,9,soja,20210106,20210512,126,6,6dxh,6dxhk,6dxhku
1019,261,64,45,1,soja,20231205,20240312,98,6,6yrn,6yrnz,6yrnz4
30,41,2,26,1,soja,20201202,20210316,104,6,6yx8,6yx84,6yx84r
393,42,3,6,1,soja,20231001,20240102,93,6,6twg,6twg2,6twg27
327,41,401,2,4,soja,20231226,20240417,113,6,6yrf,6yrf7,6yrf7p
483,1,1,11,2,soja,20241013,20250206,116,6,6twq,6twq6,6twq60
284,81,6,10,2,soja,20221121,20230426,156,7,7h0w,7h0wc,7h0wcj
1019,341,23,18,1,soja,20231104,20240313,130,6,6yrs,6yrs6,6yrs6t
1019,421,74,167,1,soja,20231007,20231229,83,6,6tqz,6tqzm,6tqzm9
275,1,100,23,4,soja,20251014,20260227,136,6,6ugs,6ugsu,6ugsu9
240,1,1,4,2,soja,20220112,20220505,113,7,7nb3,7nb3m,7nb3m0
27,1,1,38,5,soja,20201109,20210328,139,6,6vzt,6vztg,6vztg5
175,1,1,39,1,soja,20231104,20240305,122,6,6ym3,6ym3c,6ym3cg
238,61,1,136,4,soja,20211115,20220322,127,6,6trt,6trt8,6trt8s
1019,101,6,40,1,soja,20231030,20240126,88,6,6uf1,6uf1n,6uf1nd
52,1,62,633,4,soja,20201111,20210318,127,6,6ucz,6ucz6,6ucz6t
42,1,1102,137,1,soja,20231223,20240415,114,6,6yxb,6yxb2,6yxb2b
1019,543,11,1320,2,soja,20251103,20260402,150,6,6yhp,6yhpu,6yhpud
444,1,1,9,26,soja,20231201,20240425,146,6,6f4x,6f4xg,6f4xg3
27,1,1,21,3,soja,20201125,20210418,144,6,6vzt,6vztr,6vztrj
27,1,1,21,3,soja,20201125,20210418,144,6,6vzt,6vztr,6vztrj
352,1,2,40,2,soja,20221202,20230501,150,7,7h0x,7h0xj,7h0xj2
36,1,1,45,3,soja,20201021,20210206,108,6,6v85,6v85e,6v85e7
1019,261,64,46,1,soja,20231110,20240309,120,6,6yrn,6yrny,6yrnyt
1019,221,39,204,1,soja,20241030,20250226,119,6,6tzy,6tzy0,6tzy0m
221,62,21,1,1,soja,20231110,20240330,141,6,6u95,6u955,6u955m
267,1,1,28,4,soja,20221021,20230211,113,6,6tw4,6tw4q,6tw4qb
221,1,5,45,10,soja,20231101,20240301,121,6,6u02,6u02y,6u02y6
221,1,5,45,10,soja,20231101,20240301,121,6,6u02,6u02y,6u02y6
392,61,20,6,1,soja,20250919,20260211,145,6,6gsm,6gsms,6gsmst
1019,421,74,104,1,soja,20231012,20240214,125,6,6tqz,6tqzs,6tqzs3
36,1,1,2,3,soja,20201027,20210225,121,6,6v8h,6v8hh,6v8hhh
1019,181,44,7,1,soja,20231025,20240209,107,6,6vfe,6vfen,6vfenr
232,1,2,3,8,soja,20211017,20220308,142,6,6vbj,6vbju,6vbjud
52,1,104,4514,1,soja,20201104,20210317,133,6,6v1c,6v1c2,6v1c2k
327,1,402,45,1,soja,20221002,20230125,115,6,6vrw,6vrww,6vrww5
360,1,871802,86,1683402,soja,20231122,20240315,114,6,6y21,6y21b,6y21bp
315,1,1,4,21,soja,20241016,20250210,117,6,6vep,6vepc,6vepcw
1019,543,11,315,2,soja,20251104,20260401,148,6,6yk0,6yk0h,6yk0hs
1019,301,10,20,1,soja,20231117,20240402,137,6,6vx5,6vx5w,6vx5wd
240,1,1,23,1,soja,20220102,20220425,113,7,7nb3,7nb3t,7nb3t6
1019,461,68,112,1,soja,20231013,20240128,107,6,6v88,6v886,6v8869
547,1,10,1003,1,soja,20260105,20260507,122,6,6g7n,6g7n8,6g7n8h
350,41,36,31,543,soja,20251201,20260409,129,6,6vze,6vzen,6vzent
10,1,1,143,1,soja,20241021,20250214,116,6,6tqm,6tqmm,6tqmmw
1019,181,44,16,2,soja,20241013,20250125,104,6,6vfd,6vfdy,6vfdyj
382,42,4,22,2,soja,20241030,20250304,125,6,6v5m,6v5mb,6v5mbq
277,1,1,21,1,soja,20221102,20230321,139,6,6vz8,6vz81,6vz81y
36,1,1,22,2,soja,20200929,20210125,118,6,6v85,6v85g,6v85gh
52,1,22,226,3,soja,20211112,20220305,113,6,6ucx,6ucxx,6ucxxn
299,1,6,9,1,soja,20221022,20230321,150,6,6y28,6y280,6y2809
239,1,1,29,1,soja,20211019,20220210,114,6,6y11,6y11x,6y11xe
370,1,1,7,3,soja,20251110,20260308,118,6,6vng,6vngw,6vngw2
27,1,1,22,1,soja,20201121,20210417,147,6,6vzt,6vzts,6vztsp
10,1,1,565,1,soja,20231009,20240306,149,6,6tqt,6tqt3,6tqt3x
10,101,2,25,2,soja,20201112,20210313,121,6,6trh,6trh8,6trh8g
267,1,1,9,8,soja,20220928,20230205,130,6,6tw4,6tw4r,6tw4rb
49,2,2,11,2,soja,20241119,20250313,114,6,6vff,6vffc,6vffc5
360,61,572302,1614202,572802,soja,20231005,20240206,124,6,6ucq,6ucqk,6ucqk1
327,41,401,1,1,soja,20231211,20240422,133,6,6yrf,6yrfm,6yrfmw
238,61,1,106,2,soja,20211210,20220329,109,6,6trt,6trt8,6trt84
444,1,1,3,14,soja,20240103,20240526,144,6,6f4x,6f4xu,6f4xut
1019,81,83,204,2,soja,20231026,20240212,109,6,6udt,6udtf,6udtf4
1019,181,44,107,2,soja,20241107,20250314,127,6,6vfg,6vfg0,6vfg01
267,1,1,15,3,soja,20221005,20230209,127,6,6tw4,6tw4n,6tw4nu
392,41,21,11,1,soja,20241101,20250226,117,6,6ywk,6ywk2,6ywk25
299,1,7,3,1,soja,20221031,20230301,121,6,6y22,6y22p,6y22p7
4,2,2,28,4,soja,20201027,20210209,105,6,6vb6,6vb69,6vb69j
27,1,1,29,5,soja,20201116,20210401,136,6,6vzt,6vztk,6vztkc
444,1,1,2,13,soja,20240103,20240521,139,6,6f4x,6f4xe,6f4xev
30,1,1,21,1,soja,20201202,20210406,125,6,6yrn,6yrne,6yrned
175,1,1,21,1,soja,20201105,20210305,120,6,6ym3,6ym39,6ym39c
329,1,1,1013,2,soja,20221106,20230415,160,6,6ytj,6ytjb,6ytjbf
1019,321,46,214,1,soja,20231118,20240326,129,6,6vxt,6vxt8,6vxt89
52,1,77,3304,3,soja,20201102,20210303,121,6,6v18,6v18m,6v18m6
52,1,15,429,3,soja,20221102,20230301,119,6,6ucx,6ucxx,6ucxxz
27,1,1,20,2,soja,20201120,20210411,142,6,6vzt,6vzty,6vztyc
221,41,25,23,25,soja,20231012,20240209,120,6,6u07,6u07s,6u07sj
221,41,25,23,25,soja,20231012,20240209,120,6,6u07,6u07s,6u07sj
10,1,1,3,1,soja,20201012,20210126,106,6,6tqt,6tqtf,6tqtfr
444,1,1,10,28,soja,20240102,20240517,136,6,6f4x,6f4xe,6f4xeq
177,1,101,23,1,soja,20231016,20240117,93,6,6vz0,6vz0j,6vz0jy
1019,421,74,110,1,soja,20231013,20240217,127,6,6tqz,6tqze,6tqze8
30,41,2,111,1,soja,20251127,20260501,155,6,6yx8,6yx8x,6yx8x9
1019,241,2,17,1,soja,20231128,20240301,94,6,6vn5,6vn5p,6vn5p1
1019,321,46,101,1,soja,20231102,20240305,124,6,6vxm,6vxmk,6vxmkf
1019,301,10,17,1,soja,20231102,20240322,141,6,6vx5,6vx5v,6vx5v6
392,41,21,4,3,soja,20251218,20260414,117,6,6ywk,6ywk8,6ywk8x
392,61,20,32,1,soja,20250920,20260201,134,6,6gsm,6gsms,6gsms6
42,42,18,305,1,soja,20231209,20240411,124,6,6yru,6yru8,6yru8p
42,42,18,305,1,soja,20231209,20240411,124,6,6yru,6yru8,6yru8p
436,61,3,21,1,soja,20241101,20250221,112,6,6vzw,6vzwc,6vzwcx
1019,441,70,147,1,soja,20231019,20240210,114,6,6wpb,6wpbx,6wpbxu
1019,141,8,28,1,soja,20231027,20240215,111,6,6yqx,6yqxx,6yqxx4
1019,221,39,210,2,soja,20231025,20240215,113,6,6tzy,6tzy8,6tzy8m
1019,542,4,236,2,soja,20251112,20260216,96,6,6yrn,6yrn7,6yrn74
436,41,2,28,1,soja,20241009,20250211,125,6,6vzs,6vzs1,6vzs1j
400,1,10,1,1,soja,20241105,20250209,96,6,6txm,6txm0,6txm0s
52,1,15,432,2,soja,20201207,20210329,112,6,6ucx,6ucxz,6ucxz9
52,1,116,5708,3,soja,20201205,20210402,118,6,6ucx,6ucxk,6ucxkp
127,1,1,53,3,soja,20201105,20210312,127,6,6vq8,6vq8w,6vq8we
359,1,1,30,1,soja,20241214,20250406,113,7,7n8h,7n8h1,7n8h1q
1019,521,500,24,1,soja,20251024,20260309,136,6,6vf7,6vf7g,6vf7gw
299,1,6,13,1,soja,20221012,20230205,116,6,6y0r,6y0rz,6y0rzv
184,1,1,25,1,soja,20201211,20210519,159,6,6yx9,6yx9v,6yx9vc
52,1,107,4534,1,soja,20211212,20220408,117,6,6v1c,6v1cb,6v1cb0
1019,181,44,10,1,soja,20231024,20240213,112,6,6vfe,6vfeq,6vfeqs
1019,181,44,44,2,soja,20241104,20250224,112,6,6vfg,6vfg8,6vfg8p
52,1,50,474,2,soja,20211201,20220409,129,6,6ucz,6ucz9,6ucz9f
221,41,25,63,25,soja,20231122,20240312,111,6,6u07,6u07w,6u07wk
24,1,1001,33,1,soja,20211017,20220305,139,6,6uge,6uge5,6uge5e
1019,543,11,303,1,soja,20251108,20260302,114,6,6yk0,6yk07,6yk078
1019,381,93,216,2,soja,20241117,20250405,139,6,6vxs,6vxs8,6vxs8e
361,1,1,353,1,soja,20230510,20230808,90,6,6vus,6vusu,6vusuj
309,1,1,12,1,soja,20251109,20260205,88,6,6trz,6trzf,6trzf2
350,1,35,1,302,soja,20221105,20230323,138,6,6vxn,6vxnn,6vxnnz
444,1,1,1,24,soja,20231211,20240425,136,6,6f4x,6f4xu,6f4xu4
315,1,1,1,4,soja,20221010,20230220,133,6,6vf8,6vf8n,6vf8ne
1019,141,8,39,1,soja,20231008,20240229,144,6,6yqx,6yqxn,6yqxnr
177,1,101,3,1,soja,20201123,20210401,129,6,6vz0,6vz0m,6vz0m2
1019,341,23,22,1,soja,20231206,20240402,118,6,6yrs,6yrs6,6yrs68
444,1,1,8,2,soja,20241125,20250424,150,6,6f4x,6f4xs,6f4xsm
1019,81,83,229,2,soja,20231024,20240221,120,6,6udw,6udw6,6udw6d
278,1,18,6,13,soja,20231120,20240319,120,6,6y7u,6y7u8,6y7u8e
52,1,125,4650,1,soja,20221114,20230405,142,6,6v1c,6v1ct,6v1ctq
1019,301,10,32,1,soja,20241102,20250331,149,6,6vx5,6vx5s,6vx5sy
1019,321,46,117,1,soja,20231207,20240403,118,6,6vxm,6vxms,6vxmsp
329,1,1,1008,1,soja,20221113,20230208,87,6,6ytj,6ytjb,6ytjbj
350,1,35,3,111,soja,20221201,20230401,121,6,6vxq,6vxq3,6vxq3h
1019,381,93,125,1,soja,20231116,20240402,138,6,6vxs,6vxs2,6vxs29
267,1,1,2,8,soja,20221006,20230124,110,6,6tw4,6tw4r,6tw4rs
487,1,2,2,4,soja,20241104,20250305,121,6,6vqq,6vqqc,6vqqcb
1019,421,74,179,1,soja,20230915,20231226,102,6,6tqz,6tqzn,6tqzn4
1019,361,22,305,1,soja,20231229,20240402,95,6,6ypd,6ypdm,6ypdmq
439,1,2,25,2,soja,20241107,20250311,124,7,7h86,7h867,7h8678
1019,181,44,111,2,soja,20241105,20250311,126,6,6vfg,6vfg0,6vfg0w
444,1,1,1,18,soja,20231205,20240503,150,6,6f4x,6f4xu,6f4xu4
450,1,1,17,1,soja,20251211,20260505,145,6,6v10,6v10c,6v10c5
327,1,402,27,1,soja,20221011,20230131,112,6,6vrw,6vrw5,6vrw5n
1019,441,70,155,2,soja,20241119,20250213,86,6,6y00,6y008,6y008c
232,1,3,1,7,soja,20211001,20220114,105,6,6tzy,6tzyk,6tzykt
10,1,1,558,1,soja,20230919,20240213,147,6,6tqt,6tqt8,6tqt8y
444,1,1,2,14,soja,20240116,20240526,131,6,6f4x,6f4xe,6f4xev
444,1,1,2,12,soja,20250106,20250504,118,6,6f4x,6f4xe,6f4xev
52,1,16,437,2,soja,20201107,20210329,142,6,6ucx,6ucxz,6ucxzs
52,1,89,1206,1,soja,20221021,20230309,139,6,6v1b,6v1b0,6v1b0c
1019,381,93,311,3,soja,20241220,20250402,103,6,6vxk,6vxkv,6vxkvr
360,61,572302,1616402,572802,soja,20231024,20240225,124,6,6ucq,6ucqk,6ucqkg
52,1,104,4512,1,soja,20201104,20210317,133,6,6v1c,6v1c2,6v1c27
390,1,3,4,1,soja,20231102,20240226,116,6,6vjd,6vjdd,6vjddk
468,1,1,16,1,soja,20241214,20250401,108,6,6ykx,6ykxe,6ykxe3
444,1,1,5,26,soja,20231127,20240421,146,6,6f4x,6f4xv,6f4xvj
221,41,25,35,25,soja,20231201,20240322,112,6,6u07,6u07u,6u07ug
52,1,114,5683,2,soja,20211112,20220414,153,6,6ucy,6ucyv,6ucyvy
444,1,1,16,18,soja,20231205,20240509,156,6,6f4x,6f4xs,6f4xs2
1019,461,68,142,1,soja,20231003,20240214,134,6,6v88,6v88e,6v88e8
267,1,1,5,5,soja,20221018,20230207,112,6,6tw4,6tw4r,6tw4rd
487,1,2,3,2,soja,20241110,20250304,114,6,6vqn,6vqnw,6vqnwt
253,1,3,5,3,soja,20220115,20220402,77,6,6yrg,6yrgw,6yrgwt
436,41,2,131,1,soja,20241216,20250305,79,6,6vz7,6vz7z,6vz7z6
1019,141,8,58,1,soja,20231018,20240217,122,6,6yqx,6yqxx,6yqxxv
379,41,5001,11,1,soja,20231020,20240307,139,6,6vxd,6vxd5,6vxd52
1022,1,5,65,65,soja,20251117,20260205,80,6,6vre,6vrev,6vrevr
444,1,1,3,2,soja,20241124,20250424,151,6,6f4x,6f4xu,6f4xut
1019,241,2,78,1,soja,20231005,20240215,133,6,6vn5,6vn5u,6vn5u6
52,1,4,9,1,soja,20201023,20210225,125,6,6v1b,6v1b2,6v1b2p
52,1,98,3707,2,soja,20221125,20230401,127,6,6ucw,6ucwz,6ucwzt
1019,261,64,32,1,soja,20231124,20240401,129,6,6yrp,6yrpq,6yrpqr
52,1,17,87,3,soja,20221102,20230226,116,6,6v1b,6v1b0,6v1b01
42,1,1102,110,1,soja,20221123,20230404,132,6,6yrz,6yrze,6yrzey
323,1,5130,3,1,soja,20221023,20230317,145,6,6udw,6udwk,6udwkc
42,81,21,44,1,soja,20251107,20260304,117,6,6yvb,6yvby,6yvbym
52,1,10,34,3,soja,20201202,20210322,110,6,6ucx,6ucxv,6ucxve
221,1,4,38,17,soja,20231016,20240215,122,6,6u02,6u02w,6u02wm
392,1,15,115,2,soja,20231026,20240316,142,6,6yrj,6yrj8,6yrj8s
42,101,60,1,1,soja,20251108,20260309,121,6,6yxv,6yxvw,6yxvw6
1019,161,18,204,1,soja,20231101,20240315,135,6,6vzj,6vzjz,6vzjzb
1019,543,11,324,2,soja,20251101,20260407,157,6,6yhp,6yhpe,6yhpey
278,1,18,3,9,soja,20221110,20230401,142,6,6y7g,6y7gc,6y7gce
52,1,88,1103,2,soja,20231201,20240419,140,6,6ucz,6ucz3,6ucz3q
52,1,50,474,4,soja,20201108,20210415,158,6,6ucz,6ucz9,6ucz9f
240,1,1,33,1,soja,20220102,20220501,119,7,7nb3,7nb3q,7nb3qq
392,41,21,7,1,soja,20241106,20250306,120,6,6ywk,6ywkb,6ywkbd
426,1,1,1,1,soja,20231107,20240301,115,7,7n84,7n849,7n849m
27,1,1,50,2,soja,20221109,20230312,123,6,6vzt,6vztn,6vztn7
27,1,1,50,2,soja,20221109,20230312,123,6,6vzt,6vztn,6vztn7
42,103,59,60,1,soja,20251124,20260412,139,6,6yrm,6yrmt,6yrmtk
52,1,103,4557,1,soja,20211201,20220403,123,6,6v1c,6v1cu,6v1cu1
483,1,1,3,1,soja,20241007,20250123,108,6,6twq,6twq4,6twq4z
177,42,107,4,1,soja,20210119,20210410,81,6,6yr5,6yr5m,6yr5mc
221,41,24,4,24,soja,20231123,20240325,123,6,6u07,6u07d,6u07dp
42,42,1101,237,1,soja,20231225,20240401,98,6,6yru,6yru2,6yru25
444,1,1,3,12,soja,20250106,20250504,118,6,6f4x,6f4xu,6f4xut
330,1,88,17,1,soja,20230104,20230514,130,6,6f68,6f68k,6f68ks
52,1,82,702,2,soja,20201019,20210217,121,6,6v1b,6v1b1,6v1b1m
315,61,3,11,11,soja,20231227,20240325,89,6,6vfr,6vfrw,6vfrwv
10,1,1,228,1,soja,20231003,20240228,148,6,6tqm,6tqmt,6tqmt7
267,1,1,65,7,soja,20221021,20230219,121,6,6tw4,6tw4w,6tw4wb
327,41,401,1,2,soja,20231106,20240315,130,6,6yrf,6yrfm,6yrfmw
1019,421,74,127,1,soja,20231026,20240213,110,6,6tqz,6tqzv,6tqzvb
1019,421,74,127,1,soja,20231026,20240213,110,6,6tqz,6tqzv,6tqzvb
286,1,1,11,1,soja,20221101,20230210,101,6,6ttg,6ttgs,6ttgs4
30,41,2,27,1,soja,20201202,20210321,109,6,6yx8,6yx84,6yx84p
1019,301,10,7,1,soja,20231101,20240403,154,6,6vx5,6vx5x,6vx5xn
481,1,1,1,1,soja,20241111,20250312,121,6,6uf5,6uf51,6uf51c
309,1,2,11,2,soja,20251108,20260310,122,6,6txb,6txbd,6txbdp
413,1,2,4,4,soja,20231020,20240213,116,6,6vbj,6vbjg,6vbjgb
52,1,79,3504,1,soja,20201107,20210315,128,6,6ucz,6uczg,6uczg6
175,62,2,56,2,soja,20211028,20220208,103,6,6yk9,6yk9s,6yk9s0
413,1,2,6,6,soja,20231003,20240112,101,6,6vbn,6vbn6,6vbn64
1019,381,93,205,2,soja,20231025,20240318,145,6,6vxk,6vxkq,6vxkq3
42,1,1102,134,1,soja,20231220,20240405,107,6,6yxb,6yxb2,6yxb2h
52,1,12,51,3,soja,20211101,20220305,124,6,6ucx,6ucxq,6ucxqe
10,1,1,123,1,soja,20231027,20240223,119,6,6tqm,6tqmr,6tqmre
51,1,12,17,1,soja,20211117,20220403,137,6,6vzq,6vzq0,6vzq0c
1019,161,18,408,1,soja,20231101,20240301,121,6,6vzq,6vzq8,6vzq85
335,1,2,17,1,soja,20251013,20260204,114,6,6tyw,6tywp,6tywpq
30,1,1,19,1,soja,20221114,20230215,93,6,6yrn,6yrne,6yrney
1019,221,39,203,1,soja,20241111,20250301,110,6,6tzy,6tzy0,6tzy0n
1019,543,11,313,2,soja,20251030,20260221,114,6,6yk0,6yk0h,6yk0h7
1019,241,2,221,3,soja,20231114,20240328,135,6,6vnu,6vnu6,6vnu61
360,81,6925353402,6925684402,1,soja,20241029,20250226,120,6,6v0e,6v0ee,6v0ee7
466,1,1,30,1,soja,20241019,20250216,120,6,6yxc,6yxcx,6yxcxb
52,1,4,4,1,soja,20201019,20210219,123,6,6v18,6v18r,6v18r8
1019,141,8,29,1,soja,20231024,20240229,128,6,6yqx,6yqxr,6yqxrr
52,1,47,467,1,soja,20251108,20260316,128,6,6v18,6v18p,6v18pe
329,1,1,1036,3,soja,20221122,20230328,126,6,6ytj,6ytjb,6ytjbt
360,81,6925353402,6925688802,1,soja,20241031,20250307,127,6,6v0e,6v0ee,6v0ee5
221,41,25,57,25,soja,20231023,20240222,122,6,6u07,6u07y,6u07ys
436,61,3,19,1,soja,20241023,20250223,123,6,6vzx,6vzx1,6vzx10
315,41,2,10,1,soja,20221013,20230303,141,6,6v0t,6v0t7,6v0t7u
30,61,3,342,1,soja,20211028,20220216,111,6,6yqz,6yqz3,6yqz31
27,1,1,32,5,soja,20201116,20210405,140,6,6vzt,6vztg,6vztgs
175,1,1,31,7,soja,20211106,20220212,98,6,6ym3,6ym3d,6ym3d0
327,1,402,6,1,soja,20221025,20230223,121,6,6vrw,6vrw7,6vrw7c
444,1,1,2,23,soja,20231212,20240514,154,6,6f4x,6f4xe,6f4xev
413,1,2,4,13,soja,20231015,20240201,109,6,6vbj,6vbjg,6vbjgb
1019,301,10,30,1,soja,20241103,20250313,130,6,6vx5,6vx5t,6vx5tq
327,1,402,1,1,soja,20221030,20230227,120,6,6vrw,6vrw5,6vrw5g
1019,381,93,521,5,soja,20231028,20240313,137,6,6vxs,6vxsz,6vxszh
267,1,1,14,3,soja,20221022,20230224,125,6,6tw4,6tw4n,6tw4nv
1019,181,44,54,1,soja,20231028,20240223,118,6,6vfe,6vfez,6vfezs
444,1,1,3,13,soja,20240104,20240526,143,6,6f4x,6f4xu,6f4xut
330,1,88,4,1,soja,20230106,20230514,128,6,6f68,6f68k,6f68ke
392,41,21,8,3,soja,20251122,20260331,129,6,6ywh,6ywhp,6ywhpu
379,61,4001,217,4,soja,20231125,20240412,139,6,6gk6,6gk6h,6gk6hy
177,42,107,1,3,soja,20201212,20210407,116,6,6yr7,6yr70,6yr70e
221,63,23,25,3,soja,20251107,20260318,131,6,6v1g,6v1gw,6v1gwy
52,1,125,4657,1,soja,20221116,20230310,114,6,6v1f,6v1fn,6v1fn7
1019,381,93,529,5,soja,20231030,20240313,135,6,6vxs,6vxsz,6vxszq
1019,201,62,11,1,soja,20231012,20240119,99,6,6tx0,6tx0m,6tx0mc
360,101,3419374803,3439686503,2,soja,20250918,20260118,122,6,6v2k,6v2kd,6v2kd2
52,1,11,44,3,soja,20201121,20210327,126,6,6ucx,6ucxm,6ucxmu
52,1,101,5119,3,soja,20201208,20210405,118,6,6ucx,6ucxk,6ucxky
256,1,1,27,1,soja,20241021,20250214,116,6,6vcm,6vcmv,6vcmv9
361,1,1,341,1,soja,20230503,20230815,104,6,6vus,6vusy,6vusy0
390,1,4,3,1,soja,20231126,20240429,155,6,6vjd,6vjdg,6vjdgb
275,41,500,80,1000,soja,20251104,20260326,142,6,6v5p,6v5p4,6v5p4b
1019,401,77,202,2,soja,20231205,20240302,88,6,6v2n,6v2n2,6v2n26
52,1,4,16,1,soja,20201022,20210224,125,6,6v18,6v18r,6v18r0
52,1,110,5601,2,soja,20211117,20220323,126,6,6ucz,6ucz1,6ucz1e
221,41,25,55,25,soja,20231025,20240224,122,6,6u07,6u07y,6u07y6
1019,201,62,37,1,soja,20231016,20240117,93,6,6tx0,6tx0h,6tx0hg
1019,281,17,5,1,soja,20231101,20240315,135,6,6vx3,6vx3j,6vx3je
221,1,3,31,16,soja,20231026,20240224,121,6,6u02,6u02y,6u02y0
481,1,1,6,1,soja,20241023,20250224,124,6,6uf5,6uf51,6uf51m
24,1,1001,17,1,soja,20251101,20260309,128,6,6uge,6uge5,6uge59
10,1,1,1,4,soja,20201016,20210201,108,6,6tqm,6tqmx,6tqmxg
320,1,1,29,1,soja,20241028,20250405,159,7,7h0w,7h0wk,7h0wkp
256,1,1,18,1,soja,20211116,20220301,105,6,6vcm,6vcmv,6vcmv3
52,1,114,5678,2,soja,20211105,20220322,137,6,6ucz,6uczj,6uczjk
52,1,86,849,1,soja,20201127,20210327,120,6,6v1b,6v1bv,6v1bvf
360,1,871802,86,168302,soja,20241019,20250221,125,6,6y21,6y21b,6y21bp
209,1,6,21,6,soja,20231015,20240209,117,6,6uu4,6uu4t,6uu4tp
324,1,1,26,1,soja,20241121,20250315,114,6,6urm,6urmx,6urmxw
444,1,1,8,17,soja,20231226,20240516,142,6,6f4x,6f4xs,6f4xsm
279,1,1,1,4,soja,20221112,20230403,142,6,6vnk,6vnkd,6vnkdn
315,61,3,13,11,soja,20231025,20240220,118,6,6vfr,6vfrx,6vfrxq
52,1,121,5770,2,soja,20211113,20220419,157,6,6ucz,6ucz5,6ucz53
335,1,1,2,1,soja,20231029,20240221,115,6,6tyw,6tyww,6tyww2
299,1,7,15,1,soja,20221005,20230117,104,6,6y0r,6y0ry,6y0ryu
359,1,1,39,1,soja,20221204,20230413,130,7,7n8h,7n8h3,7n8h3r
392,61,20,50,4,soja,20251005,20260219,137,6,6gsm,6gsm5,6gsm5j
221,41,25,89,25,soja,20231107,20240303,117,6,6u07,6u07m,6u07mh
39,1,14,1463,4,soja,20211203,20220511,159,6,6dxh,6dxhs,6dxhst
52,1,51,480,4,soja,20201117,20210401,135,6,6ucz,6ucz0,6ucz0u
42,103,59,50,1,soja,20260122,20260418,86,6,6yrm,6yrmu,6yrmur
1019,241,2,73,1,soja,20231002,20240126,116,6,6vn5,6vn5s,6vn5sb
1019,141,8,33,1,soja,20231019,20240216,120,6,6yqx,6yqxz,6yqxz2
15,1,1,2,7,soja,20211114,20220331,137,6,6vx7,6vx7h,6vx7hs
1019,241,2,212,3,soja,20231116,20240301,106,6,6vnu,6vnu7,6vnu7j
278,1,18,13,2,soja,20221219,20230413,115,6,6y7s,6y7sz,6y7szf
182,161,7283,3,1,soja,20251115,20260307,112,6,6vxk,6vxkh,6vxkh1
350,1,35,4,120,soja,20221125,20230411,137,6,6vxn,6vxnx,6vxnxf
52,1,15,424,2,soja,20201203,20210324,111,6,6ucz,6ucz8,6ucz8h
329,1,1,1049,1,soja,20231129,20240326,118,6,6ytj,6ytjb,6ytjbn
42,103,59,8,1,soja,20251106,20260325,139,6,6yrq,6yrqx,6yrqx9
232,1,2,4,3,soja,20210926,20220111,107,6,6vbj,6vbjg,6vbjgb
15,1,1,11,1,soja,20201024,20210312,139,6,6vx7,6vx70,6vx706
52,1,107,4529,1,soja,20211222,20220408,107,6,6v19,6v19z,6v19zy
30,41,2,22,1,soja,20201223,20210404,102,6,6yx8,6yx8e,6yx8ek
232,1,3,6,3,soja,20211005,20220225,143,6,6tzz,6tzzh,6tzzh9
1019,381,93,128,1,soja,20231116,20240320,125,6,6vxs,6vxs3,6vxs3p
350,1,39,2,401,soja,20251127,20260423,147,6,6vxm,6vxmu,6vxmud
36,1,1,33,1,soja,20211020,20220223,126,6,6v85,6v85g,6v85gr
238,61,1,133,2,soja,20211115,20220321,126,6,6trt,6trt8,6trt86
1019,181,44,43,2,soja,20241020,20250218,121,6,6vfg,6vfg8,6vfg8k
10,1,1,278,1,soja,20241101,20250323,142,6,6tqt,6tqtc,6tqtcu
127,1,1,52,3,soja,20201103,20210311,128,6,6vq8,6vq8w,6vq8wv
10,1,1,557,1,soja,20231005,20240203,121,6,6tqt,6tqt9,6tqt9r
327,1,402,31,1,soja,20221009,20230130,113,6,6vrw,6vrw6,6vrw68
27,1,1,2,4,soja,20211118,20220401,134,6,6vzt,6vztt,6vztt9
458,1,1,1,1,soja,20241018,20250216,121,6,6ugk,6ugkt,6ugktm
1019,181,44,51,1,soja,20231029,20240227,121,6,6vfe,6vfey,6vfeyb
403,1,4,1,1,soja,20240527,20240927,123,6,6yhe,6yhe3,6yhe33
1019,301,10,21,1,soja,20231119,20240401,134,6,6vx5,6vx5q,6vx5qk
426,1,1,8,1,soja,20231202,20240317,106,7,7n85,7n854,7n854p
1019,221,39,223,1,soja,20241020,20250215,118,6,6tzw,6tzwx,6tzwxe
232,1,1,1,2,soja,20211003,20220119,108,6,6vbt,6vbtm,6vbtmg
1019,241,2,207,3,soja,20231116,20240327,132,6,6vjf,6vjfj,6vjfj4
42,1,1102,154,1,soja,20231107,20240407,152,6,6yxb,6yxb4,6yxb4b
221,61,20,253,4,soja,20231215,20240416,123,6,6v0c,6v0cn,6v0cnn
221,61,20,253,4,soja,20231215,20240416,123,6,6v0c,6v0cn,6v0cnn
286,1,1,2,1,soja,20221001,20230201,123,6,6ttg,6ttge,6ttge1
282,1,1,140,2,soja,20221020,20230310,141,6,6vn6,6vn6b,6vn6bg
52,1,97,1710,3,soja,20211025,20220301,127,6,6ucx,6ucxj,6ucxj9
52,1,52,3203,4,soja,20201123,20210325,122,6,6ucz,6ucz1,6ucz11
52,1,125,4658,1,soja,20221121,20230418,148,6,6v1f,6v1fn,6v1fn9
425,41,2,10,1,soja,20231015,20240217,125,6,6tmy,6tmyc,6tmyc4
390,1,2,1,1,soja,20231121,20240318,118,6,6vj9,6vj9g,6vj9gj
15,1,1,1,12,soja,20241109,20250402,144,6,6vx6,6vx69,6vx69k
466,1,1,1,1,soja,20241118,20250327,129,7,7n81,7n812,7n8129
466,1,1,1,1,soja,20241118,20250327,129,7,7n81,7n812,7n8129
52,1,11,39,3,soja,20201123,20210327,124,6,6ucx,6ucxq,6ucxq1
390,1,7,4,1,soja,20231129,20240405,128,6,6uvp,6uvp6,6uvp6y
4,2,2,46,4,soja,20241025,20250311,137,6,6vb6,6vb63,6vb63j
1019,81,83,206,2,soja,20231026,20240307,133,6,6udt,6udtc,6udtc4
52,1,17,86,3,soja,20221101,20230227,118,6,6v18,6v18p,6v18pc
444,1,1,12,17,soja,20231231,20240518,139,6,6f4x,6f4xg,6f4xg8
413,1,2,1,9,soja,20230928,20240107,101,6,6vbj,6vbju,6vbju0
232,1,2,5,11,soja,20211023,20220214,114,6,6vbj,6vbjd,6vbjd6
127,1,1,51,3,soja,20201102,20210310,128,6,6vq8,6vq8w,6vq8ww
327,1,402,60,1,soja,20221005,20230128,115,6,6vrx,6vrxn,6vrxnk
1019,321,46,109,1,soja,20231102,20240314,133,6,6vxm,6vxms,6vxms9
1019,141,8,42,1,soja,20231013,20240123,102,6,6yqx,6yqxn,6yqxn9
1019,542,4,201,2,soja,20251108,20260318,130,6,6yrn,6yrn5,6yrn5x
1019,542,4,201,2,soja,20251108,20260318,130,6,6yrn,6yrn5,6yrn5x
481,1,1,5,2,soja,20241010,20250224,137,6,6uf5,6uf51,6uf519
466,1,1,11,1,soja,20241117,20250327,130,7,7n81,7n813,7n813m
52,1,62,638,4,soja,20201112,20210321,129,6,6ucz,6ucz6,6ucz6z
466,1,1,17,1,soja,20241203,20250401,119,6,6yxb,6yxby,6yxbyu
313,41,1,4,3,soja,20241101,20250307,126,6,6uej,6uejb,6uejbq
360,61,572302,1617302,572802,soja,20231024,20240224,123,6,6ucq,6ucqk,6ucqke
327,1,402,8,1,soja,20221124,20230406,133,6,6vrw,6vrw5,6vrw5t
232,1,2,4,13,soja,20211025,20220219,117,6,6vbj,6vbjg,6vbjgb
436,83,6,67,1,soja,20251016,20260214,121,6,6vzm,6vzm9,6vzm9j
439,1,1,118,1,soja,20251008,20260305,148,7,7h86,7h867,7h867x
232,1,2,3,12,soja,20211026,20220225,122,6,6vbj,6vbju,6vbjud
1019,81,83,230,2,soja,20231101,20240217,108,6,6udw,6udw7,6udw74
278,1,18,6,14,soja,20241122,20250402,131,6,6y7u,6y7u8,6y7u8e
52,1,15,421,2,soja,20201208,20210420,133,6,6ucz,6uczb,6uczb4
52,1,114,5671,4,soja,20201202,20210413,132,6,6ucy,6ucyu,6ucyun
27,1,1,331,5,soja,20231027,20240311,136,6,6vzt,6vzth,6vzthd
27,1,1,12,3,soja,20201126,20210421,146,6,6vzt,6vzty,6vztyh
398,1,1,10,10,soja,20231202,20240403,123,6,6vs0,6vs07,6vs075
52,1,8,82,3,soja,20201026,20210211,108,6,6v18,6v18n,6v18n5
278,1,18,2,13,soja,20231130,20240311,102,6,6y7s,6y7sr,6y7srv
444,1,1,4,22,soja,20241116,20250422,157,6,6f4x,6f4xu,6f4xuv
27,1,1,221,5,soja,20221103,20230306,123,6,6vzt,6vztx,6vztxp
327,1,402,26,1,soja,20221027,20230221,117,6,6vrw,6vrw5,6vrw5q
1019,401,77,120,1,soja,20230922,20240109,109,6,6v82,6v827,6v8274
393,41,2,10,1,soja,20231101,20240214,105,6,6v2t,6v2tx,6v2txx
221,41,25,50,25,soja,20231101,20240226,117,6,6u07,6u07w,6u07wh
52,1,50,473,4,soja,20201108,20210327,139,6,6ucz,6ucz9,6ucz98
1019,381,93,139,1,soja,20231003,20240201,121,6,6vxk,6vxkp,6vxkpc
1022,1,25,121,121,soja,20220927,20230113,108,6,6vru,6vruu,6vruu1
324,1,1,22,1,soja,20231121,20240314,114,6,6urm,6urmx,6urmxw
10,1,1,312,1,soja,20231121,20240309,109,6,6tqt,6tqtc,6tqtc5
10,1,1,169,2,soja,20241001,20250113,104,6,6tqm,6tqmm,6tqmm2
487,1,3,7,4,soja,20241111,20250319,128,6,6vqn,6vqnw,6vqnwk
1019,181,44,30,1,soja,20231009,20240302,145,6,6vfe,6vfer,6vfer6
232,1,3,3,6,soja,20211022,20220211,112,6,6tzz,6tzzk,6tzzks
15,1,1,125,1,soja,20201030,20210319,140,6,6vx7,6vx76,6vx76q
350,1,39,2,402,soja,20251117,20260406,140,6,6vxm,6vxmu,6vxmud
27,1,1,10,4,soja,20211119,20220328,129,6,6vzt,6vztw,6vztwd
313,1,1,23,7,soja,20251015,20260202,110,6,6ugs,6ugs3,6ugs3w
10,1,1,365,1,soja,20231001,20240107,98,6,6tqt,6tqtb,6tqtbk
483,1,1,5,1,soja,20241020,20250211,114,6,6twq,6twq4,6twq4m
10,121,4,16,1,soja,20211028,20220120,84,6,6ttc,6ttc7,6ttc7b
36,1,1,17,2,soja,20200923,20210123,122,6,6v85,6v85g,6v85gz
232,1,2,7,7,soja,20211020,20220206,109,6,6vbn,6vbn6,6vbn60
127,1,4,138,4,soja,20251128,20260420,143,6,6vnz,6vnz0,6vnz0s
30,1,1,221,1,soja,20221201,20230328,117,6,6yrn,6yrne,6yrne7
52,1,54,601,2,soja,20201019,20210208,112,6,6v1b,6v1b1,6v1b11
278,1,18,15,6,soja,20221201,20230410,130,6,6y7s,6y7sx,6y7sx7
278,1,18,15,10,soja,20221015,20230207,115,6,6y7s,6y7sx,6y7sx7
1022,1,5,74,74,soja,20211201,20220404,124,6,6vrs,6vrsh,6vrsh2
42,103,59,18,1,soja,20251129,20260416,138,6,6yrq,6yrqr,6yrqre
1019,361,22,104,1,soja,20231203,20240401,120,6,6yps,6ypsn,6ypsnk
299,1,5,13,1,soja,20221024,20230218,117,6,6y22,6y22p,6y22p2
10,1,1,1,3,soja,20201020,20210222,125,6,6tqm,6tqmx,6tqmxg
253,1,1,6,8,soja,20221124,20230412,139,6,6yrf,6yrfq,6yrfq4
52,1,17,91,3,soja,20221026,20230224,121,6,6ucx,6ucxz,6ucxzz
1019,361,22,120,1,soja,20231219,20240420,123,6,6yps,6ypsh,6ypshe
1019,441,70,242,3,soja,20241105,20250225,112,6,6wpc,6wpcq,6wpcq3
232,1,2,2,12,soja,20211026,20220224,121,6,6vbj,6vbju,6vbju3
315,1,1,1,21,soja,20241017,20250208,114,6,6vf8,6vf8n,6vf8ne
182,41,29,10,1,soja,20211114,20220320,126,6,6vzp,6vzpb,6vzpb8
1019,261,64,6,1,soja,20241107,20250301,114,6,6yrp,6yrpy,6yrpyf
293,1,100,132,1,soja,20221011,20230225,137,6,6u08,6u086,6u086q
278,1,18,7,5,soja,20221208,20230418,131,6,6y7u,6y7u0,6y7u0v
323,41,44940,43,1,soja,20220930,20230207,130,6,6udq,6udqk,6udqkb
350,1,35,4,117,soja,20221125,20230405,131,6,6vxn,6vxnx,6vxnxf
444,1,1,5,12,soja,20250125,20250503,98,6,6f4x,6f4xv,6f4xvj
42,102,61,12,1,soja,20251126,20260301,95,6,6yrh,6yrh9,6yrh9s
51,1,12,3,1,soja,20211020,20220309,140,6,6vzq,6vzq1,6vzq14
1019,381,93,513,5,soja,20231014,20240202,111,6,6vxs,6vxsz,6vxsz6
221,41,25,42,25,soja,20231208,20240311,94,6,6u07,6u07t,6u07te
10,1,1,563,1,soja,20231017,20240301,136,6,6tqt,6tqtf,6tqtfp
238,61,1,122,4,soja,20211113,20220323,130,6,6trt,6trt8,6trt8k
1019,381,93,405,4,soja,20231227,20240413,108,6,6vxs,6vxsb,6vxsbh
1019,1,72,115,1,soja,20231026,20240129,95,6,6tw0,6tw0t,6tw0t4
1019,381,93,523,5,soja,20231101,20240311,131,6,6vxs,6vxsz,6vxszs
15,1,1,3,11,soja,20241116,20250401,136,6,6vx7,6vx7h,6vx7hx
1019,401,77,127,1,soja,20231024,20240122,90,6,6v82,6v824,6v824z
1019,81,83,122,1,soja,20231101,20240128,88,6,6udt,6udtd,6udtd3
1019,341,23,29,1,soja,20231207,20240325,109,6,6yrs,6yrs8,6yrs8k
330,1,88,7,1,soja,20230110,20230515,125,6,6f68,6f68k,6f68k6
1019,241,2,210,3,soja,20231116,20240301,106,6,6vnu,6vnu6,6vnu6v
1019,241,2,112,2,soja,20231116,20240312,117,6,6vjc,6vjcv,6vjcvx
42,1,1102,111,1,soja,20221201,20230326,115,6,6yxb,6yxb4,6yxb49
52,1,10,27,3,soja,20201201,20210323,112,6,6ucx,6ucxt,6ucxtr
52,1,121,5772,2,soja,20211113,20220419,157,6,6ucz,6ucz5,6ucz55
1022,1,5,50003,50003,soja,20221102,20230323,141,6,6vre,6vref,6vrefu
487,1,4,1,1,soja,20241207,20250308,91,6,6vqn,6vqne,6vqnex
175,1,1,80,4,soja,20211106,20220220,106,6,6ym3,6ym3d,6ym3d7
1019,421,74,155,1,soja,20231002,20240102,92,6,6tqz,6tqzh,6tqzhd
1019,181,44,33,2,soja,20241012,20250213,124,6,6vfg,6vfg2,6vfg21
1019,101,6,22,1,soja,20231016,20240217,124,6,6uf0,6uf0h,6uf0hr
1022,1,25,130,130,soja,20231109,20240401,144,6,6vru,6vrug,6vrug7
232,1,3,3,9,soja,20211020,20220201,104,6,6tzz,6tzzk,6tzzks
52,1,11,41,3,soja,20201122,20210326,124,6,6ucx,6ucxq,6ucxqh
52,1,125,4652,1,soja,20221122,20230409,138,6,6v1c,6v1cv,6v1cv7
275,41,500,7,1000,soja,20231125,20240423,150,6,6v5p,6v5p4,6v5p4d
1022,1,5,9,9,soja,20211024,20220305,132,6,6vre,6vref,6vrefb
379,1,2002,5,1,soja,20231108,20240306,119,7,7jds,7jds4,7jds4p
221,41,25,71,25,soja,20231101,20240301,121,6,6u07,6u07q,6u07qm
367,61,1,1,4,soja,20241025,20250206,104,6,6v8m,6v8m6,6v8m6k
232,1,1,1,7,soja,20211018,20220201,106,6,6vbt,6vbtm,6vbtmg
52,1,4,202,1,soja,20201023,20210224,124,6,6v18,6v18r,6v18r4
221,63,23,22,3,soja,20231106,20240221,107,6,6v1g,6v1gx,6v1gxx
221,63,23,22,3,soja,20231106,20240221,107,6,6v1g,6v1gx,6v1gxx
1019,181,44,19,1,soja,20231105,20240306,122,6,6vfd,6vfdy,6vfdys
221,1,7,68,20,soja,20231207,20240404,119,6,6u02,6u02x,6u02x9
267,1,1,33,2,soja,20221003,20230113,102,6,6tw1,6tw1y,6tw1yg
221,62,21,8,1,soja,20231112,20240316,125,6,6u95,6u95h,6u95h9
52,1,13,62,3,soja,20211027,20220301,125,6,6ucx,6ucxq,6ucxqb
1019,241,2,55,1,soja,20231005,20240119,106,6,6vn5,6vn5e,6vn5eu
221,41,25,54,25,soja,20231028,20240302,126,6,6u07,6u07w,6u07wr
282,1,1,12,1,soja,20221110,20230306,116,6,6vn6,6vn6d,6vn6dj
175,1,1,92,1,soja,20231118,20240319,122,6,6ym3,6ym3c,6ym3cg
52,1,17,88,3,soja,20221101,20230226,117,6,6v1b,6v1b0,6v1b02
466,1,1,9,1,soja,20241117,20250329,132,7,7n81,7n813,7n813j
466,1,1,9,1,soja,20241117,20250329,132,7,7n81,7n813,7n813j
403,1,4,4,1,soja,20240503,20240914,134,6,6yhe,6yhe3,6yhe39
52,1,94,1426,3,soja,20211112,20220413,152,6,6ucw,6ucwy,6ucwyu
390,1,2,3,1,soja,20231121,20240321,121,6,6vjd,6vjd5,6vjd54
1019,542,4,219,2,soja,20251117,20260301,104,6,6yrj,6yrjg,6yrjg4
444,1,1,12,17,soja,20231231,20240518,139,6,6f4x,6f4xg,6f4xg8
52,1,98,3703,2,soja,20221125,20230330,125,6,6ucz,6ucz0,6ucz03
1019,341,23,11,1,soja,20231222,20240419,119,6,6yrs,6yrs0,6yrs09
1019,221,39,216,2,soja,20231108,20240210,94,6,6tzw,6tzwx,6tzwxv
374,42,1,19,9,soja,20251102,20260225,115,6,6yxx,6yxx0,6yxx01
52,1,86,848,1,soja,20201125,20210326,121,6,6v1c,6v1cj,6v1cjb
221,41,25,30,25,soja,20231013,20240207,117,6,6u07,6u07u,6u07ud
184,1,1,28,1,soja,20201117,20210316,119,6,6yx9,6yx9y,6yx9yq
267,1,1,4,6,soja,20221018,20230203,108,6,6tw4,6tw4r,6tw4rf
1019,381,93,201,2,soja,20231205,20240410,127,6,6vxk,6vxkm,6vxkmb
52,1,82,706,2,soja,20201019,20210213,117,6,6v1b,6v1b0,6v1b0v
177,1,101,26,1,soja,20231115,20240410,147,6,6vz0,6vz0j,6vz0ju
36,1,1,3,2,soja,20201113,20210308,115,6,6v8h,6v8hh,6v8hh5
327,1,402,2,1,soja,20221028,20230225,120,6,6vrw,6vrw5,6vrw5v
52,1,15,424,3,soja,20221104,20230315,131,6,6ucz,6ucz8,6ucz8h
279,1,1,11,3,soja,20221118,20230325,127,6,6vnk,6vnkd,6vnkd0
221,61,17,235,9,soja,20231130,20240319,110,6,6v11,6v118,6v118n
42,42,18,270,1,soja,20231228,20240323,86,6,6yrs,6yrsr,6yrsrn
253,1,3,6,1,soja,20221216,20230414,119,6,6yrg,6yrgt,6yrgth
127,1,1,53,1,soja,20231026,20240302,128,6,6vq8,6vq8w,6vq8we
278,1,18,18,6,soja,20231027,20240301,126,6,6y7g,6y7gc,6y7gcw
278,1,18,18,6,soja,20231027,20240301,126,6,6y7g,6y7gc,6y7gcw
52,1,114,5674,4,soja,20201204,20210416,133,6,6ucz,6uczh,6uczhb
10,1,1,79,1,soja,20230914,20240102,110,6,6tqt,6tqtb,6tqtbt
466,1,1,17,1,soja,20241203,20250401,119,6,6yxb,6yxby,6yxbyu
444,1,1,9,22,soja,20241115,20250420,156,6,6f4x,6f4xg,6f4xg3
327,1,402,49,1,soja,20221002,20230123,113,6,6vrw,6vrwy,6vrwy1
175,1,1,104,2,soja,20241111,20250318,127,6,6ym3,6ym3c,6ym3cg
27,1,1,8,3,soja,20211107,20220325,138,6,6vzt,6vzts,6vztsy
52,1,88,1102,4,soja,20201112,20210312,120,6,6ucz,6ucz3,6ucz3h
52,1,86,838,1,soja,20251118,20260322,124,6,6v1b,6v1bt,6v1btn
10,161,5,47,2,soja,20221101,20230302,121,6,6tye,6tyeb,6tyeb8
327,41,401,2,5,soja,20240104,20240410,97,6,6yrf,6yrf7,6yrf7p
327,1,402,64,1,soja,20220927,20230118,113,6,6vrx,6vrxj,6vrxjz
221,41,25,69,25,soja,20231025,20240218,116,6,6u07,6u07q,6u07qv
1019,181,44,59,2,soja,20241103,20250220,109,6,6vfg,6vfgb,6vfgbq
315,1,1,13,12,soja,20221013,20230210,120,6,6vf8,6vf87,6vf87g
278,1,18,5,6,soja,20221103,20230305,122,6,6y7s,6y7sr,6y7srs
392,41,21,22,1,soja,20241101,20250226,117,6,6ywk,6ywk9,6ywk97
360,1,871802,27,1683502,soja,20231208,20240315,98,6,6y24,6y241,6y241s
436,81,4,72,1,soja,20251014,20260223,132,6,6yxg,6yxgn,6yxgn0
42,41,15,415,1,soja,20251201,20260429,149,6,6yrt,6yrt0,6yrt0e
1019,261,64,48,1,soja,20231102,20240311,130,6,6yrn,6yrny,6yrnyf
1019,1,72,39,2,soja,20231011,20240127,108,6,6ttb,6ttbx,6ttbxj
42,42,18,310,1,soja,20231105,20240402,149,6,6yrs,6yrsx,6yrsx7
1019,241,2,76,1,soja,20231004,20240209,128,6,6vn5,6vn5u,6vn5uc
27,1,1,5,5,soja,20201105,20210325,140,6,6vzt,6vzts,6vztsu
30,1,1,211,1,soja,20221201,20230328,117,6,6yrn,6yrne,6yrne2
51,1,10,16,1,soja,20201210,20210401,112,6,6vzk,6vzk1,6vzk1t
52,1,5,408,1,soja,20201029,20210225,119,6,6v1b,6v1b8,6v1b84
392,41,21,15,1,soja,20241102,20250225,115,6,6ywh,6ywhx,6ywhxy
350,1,35,2,202,soja,20231102,20240314,133,6,6vxq,6vxq2,6vxq2d
350,1,38,1,202,soja,20251119,20260407,139,6,6vxm,6vxmf,6vxmf4
238,61,1,112,2,soja,20211215,20220306,81,6,6trm,6trmr,6trmrz
299,1,7,7,1,soja,20221010,20230201,114,6,6y0r,6y0ry,6y0ryy
256,1,1,13,1,soja,20211015,20220214,122,6,6vcm,6vcmv,6vcmvy
52,1,501,902,500,soja,20211017,20220213,119,6,6v1b,6v1b2,6v1b2u
42,102,61,4,1,soja,20251201,20260401,121,6,6yrh,6yrh2,6yrh2g
327,1,402,23,1,soja,20221012,20230223,134,6,6vrw,6vrw7,6vrw72
42,103,59,56,1,soja,20251203,20260416,134,6,6yrm,6yrmu,6yrmuy
1019,141,8,48,1,soja,20231006,20240129,115,6,6yqx,6yqxj,6yqxj1
1019,241,2,7,1,soja,20231027,20240229,125,6,6vn5,6vn5q,6vn5qd
1019,201,62,32,1,soja,20230922,20240107,107,6,6trp,6trpg,6trpge
1019,301,10,31,1,soja,20241108,20250401,144,6,6vx5,6vx5t,6vx5t0
27,1,1,71,4,soja,20231127,20240331,125,6,6vzt,6vztx,6vztxh
15,41,2,67,1,soja,20221107,20230303,116,6,6vxy,6vxyq,6vxyq5
221,1,1,4,22,soja,20231101,20240129,89,6,6u08,6u082,6u082k
209,1,5,143,5,soja,20221101,20230201,92,6,6uu5,6uu5h,6uu5h2
1019,321,46,213,1,soja,20231118,20240322,125,6,6vxt,6vxt8,6vxt80
392,41,21,17,1,soja,20241113,20250320,127,6,6ywk,6ywkb,6ywkb0
1019,221,39,216,1,soja,20241101,20250302,121,6,6tzw,6tzwx,6tzwxv
239,1,1,47,7,soja,20211026,20220301,126,6,6y11,6y11n,6y11nu
42,81,21,7,1,soja,20251119,20260309,110,6,6yy1,6yy13,6yy130
52,1,109,507,2,soja,20211204,20220324,110,6,6ucz,6uczf,6uczf6
35,7,5,3,1,soja,20231002,20240109,99,6,6tw1,6tw1f,6tw1f1
232,1,3,2,6,soja,20211022,20220211,112,6,6tzz,6tzzq,6tzzq0
42,81,21,51,1,soja,20251108,20260304,116,6,6yvb,6yvby,6yvbym
392,61,20,52,4,soja,20250928,20260211,136,6,6gsm,6gsm5,6gsm5x
184,1,1,21,1,soja,20201107,20210305,118,6,6yx9,6yx9t,6yx9tv
360,101,3419374803,3439650103,4,soja,20251021,20260219,121,6,6v2k,6v2k7,6v2k71
255,41,2,94,1,soja,20221003,20230311,159,6,6gbt,6gbt1,6gbt1r
1019,281,17,124,1,soja,20251201,20260225,86,6,6vx3,6vx3n,6vx3ns
359,1,1,25,1,soja,20221206,20230411,126,7,7n8h,7n8hd,7n8hdk
507,41,1,16,1,soja,20251107,20260304,117,6,6ug6,6ug6b,6ug6bm
175,1,1,2,1,soja,20201105,20210223,110,6,6ym3,6ym3c,6ym3cg
444,1,1,3,11,soja,20250109,20250507,118,6,6f4x,6f4xu,6f4xut
487,1,3,6,1,soja,20241024,20250224,123,6,6vqn,6vqnt,6vqntz
1019,101,6,14,1,soja,20231012,20240212,123,6,6uf0,6uf0q,6uf0qu
36,1,1,35,2,soja,20200928,20210114,108,6,6v85,6v85d,6v85dg
1019,201,62,153,1,soja,20231027,20240210,106,6,6trp,6trpv,6trpvy
350,1,35,1,105,soja,20221201,20230329,118,6,6vxn,6vxnn,6vxnnz
1019,381,93,203,2,soja,20231206,20240410,126,6,6vxk,6vxkq,6vxkq0
182,161,30,4,1,soja,20251127,20260322,115,6,6vx7,6vx7s,6vx7s4
176,1,8,808,1,soja,20211011,20220119,100,6,6ubu,6ubux,6ubuxm
444,1,1,10,5,soja,20240106,20240601,147,6,6f4x,6f4xe,6f4xeq
1019,321,46,120,1,soja,20231124,20240422,150,6,6vxm,6vxmw,6vxmw2
52,1,18,441,2,soja,20201117,20210326,129,6,6ucz,6uczb,6uczbv
24,1,1001,18,1,soja,20211023,20220306,134,6,6uge,6uge5,6uge56
221,41,25,90,25,soja,20231108,20240307,120,6,6u07,6u07k,6u07kg
1019,421,74,169,1,soja,20230917,20240114,119,6,6tqz,6tqzj,6tqzje
483,1,1,3,2,soja,20241002,20250117,107,6,6twq,6twq4,6twq4z
52,1,52,3207,4,soja,20201124,20210326,122,6,6ucy,6ucyb,6ucybv
350,1,35,1,115,soja,20221109,20230403,145,6,6vxn,6vxnn,6vxnnz
330,1,45,5,1,soja,20221125,20230502,158,6,6f68,6f68w,6f68w1
52,1,7,20,3,soja,20201112,20210311,119,6,6v18,6v18n,6v18nn
367,61,2,6,1,soja,20241021,20250215,117,6,6v9w,6v9w1,6v9w1r
401,1,1,2,9,soja,20231101,20240408,159,6,6zmn,6zmnz,6zmnz6
379,41,5001,19,1,soja,20231006,20240214,131,6,6vxd,6vxd5,6vxd55
10,1,1,2,3,soja,20201021,20210222,124,6,6tqt,6tqt8,6tqt8h
221,1,6,62,11,soja,20231209,20240411,124,6,6u02,6u02z,6u02zh
1019,301,10,29,1,soja,20241101,20250402,152,6,6vx5,6vx5t,6vx5t2
15,1,1,81,1,soja,20251126,20260421,146,6,6vx6,6vx62,6vx62q
1019,101,6,30,1,soja,20231021,20240223,125,6,6uf0,6uf0s,6uf0st
1019,543,11,1317,2,soja,20251121,20260312,111,6,6yk0,6yk0j,6yk0je
1019,281,17,135,1,soja,20251130,20260221,83,6,6vx3,6vx3n,6vx3ng
253,1,3,1,1,soja,20221110,20230304,114,6,6yrg,6yrgq,6yrgqp
335,1,2,11,1,soja,20221025,20230222,120,6,6tyw,6tywp,6tywpz
221,41,25,28,25,soja,20231120,20240320,121,6,6u07,6u07s,6u07sy
176,41,4,405,1,soja,20221118,20230318,120,6,6vdu,6vdu8,6vdu8e
240,1,1,8,1,soja,20240103,20240429,117,7,7nb3,7nb3s,7nb3s0
1019,1,72,103,1,soja,20231001,20240114,105,6,6tw0,6tw0e,6tw0e9
230,1,1,7,2,soja,20211007,20220207,123,6,6v2q,6v2qf,6v2qf4
36,1,1,26,3,soja,20201104,20210310,126,6,6v85,6v85g,6v85gd
52,1,14,410,3,soja,20201109,20210309,120,6,6ucx,6ucxr,6ucxr8
221,1,4,43,17,soja,20231222,20240411,111,6,6u02,6u02w,6u02wu
1019,201,62,87,1,soja,20231008,20240307,151,6,6tx0,6tx0k,6tx0ku
439,1,2,202,2,soja,20241122,20250402,131,7,7h86,7h86k,7h86k5
42,103,59,5,1,soja,20251129,20260408,130,6,6yrq,6yrqq,6yrqqx
398,1,1,2,1,soja,20231009,20240302,145,6,6vkp,6vkpu,6vkpuh
4,2,2,16,4,soja,20201024,20210130,98,6,6vb6,6vb6d,6vb6d3
52,1,52,3202,2,soja,20221201,20230405,125,6,6ucy,6ucyc,6ucycr
10,1,1,3,5,soja,20201027,20210304,128,6,6tqt,6tqtf,6tqtfr
1019,281,17,24,1,soja,20231130,20240427,149,6,6vx2,6vx2w,6vx2wp
221,1,5,45,10,soja,20231101,20240301,121,6,6u02,6u02y,6u02y6
221,1,5,45,10,soja,20231101,20240301,121,6,6u02,6u02y,6u02y6
444,1,1,2,13,soja,20240103,20240521,139,6,6f4x,6f4xe,6f4xev
36,1,1,43,3,soja,20201022,20210207,108,6,6v85,6v85e,6v85eg
240,1,1,19,1,soja,20260103,20260401,88,7,7nb3,7nb3s,7nb3su
52,1,88,1102,2,soja,20231201,20240419,140,6,6ucz,6ucz3,6ucz3h
1019,421,74,103,1,soja,20231014,20240209,118,6,6tqz,6tqzs,6tqzse
52,1,103,4573,1,soja,20241205,20250402,118,6,6v1c,6v1cg,6v1cgv
27,1,1,11,3,soja,20211111,20220324,133,6,6vzt,6vztu,6vztug
256,1,1,10,1,soja,20211102,20220311,129,6,6vcq,6vcqj,6vcqj2
444,1,1,3,24,soja,20240106,20240503,118,6,6f4x,6f4xu,6f4xut
1019,261,64,47,1,soja,20231111,20240311,121,6,6yrn,6yrnz,6yrnzm
1019,261,64,47,1,soja,20231111,20240311,121,6,6yrn,6yrnz,6yrnzm
350,41,36,45,567,soja,20251122,20260327,125,6,6vzd,6vzdu,6vzduz
52,1,99,4006,1,soja,20241119,20250422,154,6,6v1c,6v1cr,6v1cr4
42,101,60,32,1,soja,20251215,20260316,91,7,7n8j,7n8jc,7n8jcw
309,1,1,9,1,soja,20251101,20260214,105,6,6trz,6trzd,6trzdw
1019,461,68,147,1,soja,20231016,20240213,120,6,6v88,6v88s,6v88sm
1019,401,77,106,1,soja,20231025,20240116,83,6,6v82,6v826,6v826r
374,42,1,11,9,soja,20251125,20260330,125,6,6yxr,6yxrp,6yxrp9
360,101,3419374803,3439690503,1,soja,20251020,20260219,122,6,6v2k,6v2k3,6v2k3g
240,1,1,6,2,soja,20220114,20220507,113,7,7nb3,7nb3k,7nb3ks
1019,281,17,101,1,soja,20251112,20260411,150,6,6vx3,6vx3j,6vx3j4
221,41,25,98,25,soja,20231203,20240323,111,6,6u07,6u07k,6u07kd
24,1,2001,217,1,soja,20201027,20210303,127,6,6ug7,6ug7r,6ug7rn
379,41,5001,12,1,soja,20231026,20240307,133,6,6vxd,6vxd5,6vxd53
52,1,77,3303,1,soja,20211005,20220201,119,6,6v18,6v18m,6v18m3
350,1,39,3,411,soja,20251108,20260403,146,6,6vxm,6vxmg,6vxmgu
177,1,101,5,1,soja,20201124,20210409,136,6,6vz0,6vz0j,6vz0jx
360,41,421147202,6240160302,1016974802,soja,20231103,20240213,102,6,6y5v,6y5v3,6y5v3v
436,61,3,6,1,soja,20241003,20250205,125,6,6vzx,6vzx1,6vzx14
450,1,2,23,1,soja,20241031,20250319,139,6,6v10,6v102,6v102c
350,1,35,3,115,soja,20221109,20230401,143,6,6vxq,6vxq3,6vxq3h
240,1,1,27,1,soja,20220112,20220425,103,7,7nb3,7nb3m,7nb3mv
39,1,100,1584,7,soja,20241105,20250413,159,6,6dxh,6dxh7,6dxh7y
436,81,4,107,3,soja,20251006,20260209,126,6,6yxf,6yxfn,6yxfns
42,1,1102,115,1,soja,20221201,20230418,138,6,6yxb,6yxb0,6yxb0c
52,1,78,3403,3,soja,20201214,20210412,119,6,6ucw,6ucws,6ucwsh
361,1,1,365,1,soja,20230523,20230912,112,6,6vus,6vusu,6vusup
392,41,21,1,3,soja,20251218,20260408,111,6,6ywk,6ywk8,6ywk8j
176,1,8,808,4,soja,20211107,20220305,118,6,6ubu,6ubux,6ubuxm
175,1,1,23,1,soja,20201119,20210311,112,6,6ym3,6ym3c,6ym3cg
52,1,86,842,1,soja,20201124,20210326,122,6,6v1c,6v1cn,6v1cn2
1019,381,93,511,5,soja,20231013,20240201,111,6,6vxs,6vxsz,6vxszg
15,41,2,60,1,soja,20221202,20230303,91,6,6vxy,6vxyh,6vxyh4
436,41,2,125,1,soja,20241128,20250301,93,6,6vz7,6vz7w,6vz7wy
360,101,3419374803,3439680403,4,soja,20251029,20260312,134,6,6v2k,6v2k6,6v2k6g
175,1,1,18,4,soja,20241026,20250320,145,6,6ym3,6ym3c,6ym3cg
24,1,1001,1,1,soja,20211009,20220201,115,6,6ugd,6ugds,6ugdsw
209,1,10,206,4,soja,20231204,20240222,80,6,6uu4,6uu4m,6uu4mq
460,1,2,4,23,soja,20241116,20250309,113,6,6vx2,6vx2v,6vx2vm
52,1,100,4906,3,soja,20211107,20220302,115,6,6ucx,6ucxw,6ucxws
52,1,7,19,3,soja,20201112,20210311,119,6,6v18,6v18n,6v18nn
30,62,4,301,1,soja,20211107,20220310,123,6,6ywb,6ywbb,6ywbbg
177,61,5,17,1,soja,20221201,20230321,110,6,6yx0,6yx00,6yx00m
42,61,20,63,1,soja,20241127,20250319,112,7,7n8d,7n8dd,7n8dd5
1019,281,17,162,1,soja,20251208,20260421,134,6,6vx2,6vx2z,6vx2zh
1022,1,5,50006,50006,soja,20221115,20230322,127,6,6vre,6vree,6vreet
1019,441,70,2411,3,soja,20241114,20250224,102,6,6wpc,6wpcq,6wpcq3
52,1,53,498,3,soja,20201118,20210314,116,6,6ucx,6ucxx,6ucxx1
379,41,5001,21,1,soja,20231004,20240206,125,6,6vxd,6vxd5,6vxd5n
127,1,4,137,4,soja,20251201,20260419,139,6,6vnz,6vnz0,6vnz0s
175,1,1,71,1,soja,20231012,20240315,155,6,6ym3,6ym3c,6ym3cg
1019,181,44,28,2,soja,20241012,20250127,107,6,6vfe,6vfep,6vfepp
52,1,18,440,2,soja,20201118,20210327,129,6,6ucz,6uczc,6uczcp
1019,381,93,504,5,soja,20231007,20240124,109,6,6vxu,6vxu8,6vxu8p
367,61,1,4,3,soja,20241024,20250219,118,6,6v8m,6v8m0,6v8m0s
221,1,9,86,14,soja,20231201,20240314,104,6,6u08,6u08f,6u08fd
221,1,9,86,14,soja,20231201,20240314,104,6,6u08,6u08f,6u08fd
267,1,1,19,5,soja,20231028,20240222,117,6,6tw6,6tw62,6tw62n
52,1,13,78,3,soja,20211024,20220220,119,6,6ucx,6ucxp,6ucxpt
350,1,35,1,408,soja,20231218,20240409,113,6,6vxn,6vxnn,6vxnnz
1019,381,93,202,2,soja,20240103,20240406,94,6,6vxk,6vxkm,6vxkmd
547,1,10,1002,1,soja,20260105,20260507,122,6,6g6y,6g6yx,6g6yxu
221,1,8,74,21,soja,20231216,20240411,117,6,6u08,6u088,6u088q
177,1,101,7,1,soja,20211027,20220316,140,6,6vz0,6vz0j,6vz0jf
248,1,24,100,1,soja,20221022,20230321,150,6,6u0t,6u0t2,6u0t2e
413,1,2,1,13,soja,20231017,20240201,107,6,6vbj,6vbju,6vbju0
1019,221,39,2051,1,soja,20241026,20250311,136,6,6tzy,6tzy2,6tzy2n
253,1,3,12,1,soja,20221201,20230412,132,6,6yrg,6yrgy,6yrgyf
51,1,8,8,2,soja,20231103,20240202,91,6,6vzk,6vzk2,6vzk2v
182,41,29,16,1,soja,20211119,20220212,85,6,6vyz,6vyzx,6vyzx9
286,1,1,20,1,soja,20221021,20230227,129,6,6ttg,6ttgs,6ttgsc
392,41,21,4,2,soja,20241202,20250421,140,6,6ywk,6ywk8,6ywk8x
350,1,39,1,407,soja,20251128,20260419,142,6,6vxm,6vxmu,6vxmun
52,1,82,706,1,soja,20221007,20230310,154,6,6v1b,6v1b0,6v1b0v
177,42,103,1,2,soja,20251127,20260412,136,6,6yrd,6yrdu,6yrdue
221,1,7,66,20,soja,20231207,20240402,117,6,6u02,6u02x,6u02xs
350,1,35,2,203,soja,20231103,20240317,135,6,6vxq,6vxq2,6vxq2d
1019,1,72,35,2,soja,20231030,20240114,76,6,6ttb,6ttbw,6ttbws
238,61,1,301,3,soja,20211230,20220404,95,6,6trm,6trmx,6trmxv
238,61,1,11,1,soja,20211027,20220212,108,6,6trm,6trmq,6trmq4
1019,241,2,60,1,soja,20231003,20240203,123,6,6vn5,6vn5t,6vn5tn
52,1,57,616,2,soja,20201212,20210408,117,6,6ucz,6ucz9,6ucz95
1019,361,22,101,1,soja,20231206,20240326,111,6,6yps,6ypsq,6ypsqb
1019,361,22,311,1,soja,20231229,20240501,124,6,6ypd,6ypdh,6ypdht
1019,401,77,102,1,soja,20231002,20240115,105,6,6v82,6v82d,6v82dt
238,61,1,223,3,soja,20211205,20220325,110,6,6trm,6trmz,6trmzb
425,41,2,7,1,soja,20231019,20240217,121,6,6tmy,6tmyc,6tmycj
221,41,25,29,25,soja,20231013,20240207,117,6,6u07,6u07u,6u07u8
221,41,25,29,25,soja,20231013,20240207,117,6,6u07,6u07u,6u07u8
1019,181,44,40,2,soja,20241025,20250211,109,6,6vfe,6vfex,6vfexf
51,1,8,27,1,soja,20211022,20220225,126,6,6vzk,6vzk3,6vzk3j
52,1,98,3701,4,soja,20201120,20210402,133,6,6ucz,6ucz0,6ucz05
177,61,5,9,1,soja,20221101,20230217,108,6,6ywb,6ywbr,6ywbrh
42,42,1101,225,1,soja,20231213,20240326,104,6,6yru,6yru3,6yru3m
1019,461,68,102,1,soja,20231023,20240203,103,6,6v88,6v886,6v886h
1019,543,11,203,1,soja,20251016,20260208,115,6,6yk1,6yk16,6yk16t
1019,461,68,114,1,soja,20231002,20240110,100,6,6v88,6v884,6v884u
361,1,1,363,1,soja,20230522,20230912,113,6,6vus,6vusu,6vusuq
466,1,1,43,1,soja,20241127,20250319,112,7,7n81,7n810,7n810e
42,1,1102,192,1,soja,20231212,20240319,98,6,6yx8,6yx8n,6yx8ny
1019,543,11,121,1,soja,20251127,20260422,146,6,6yk1,6yk1j,6yk1j8
221,41,25,87,25,soja,20231120,20240309,110,6,6u07,6u07t,6u07t0
239,41,2,25,1,soja,20221108,20230404,147,6,6y03,6y03m,6y03m9
52,1,8,83,3,soja,20201027,20210216,112,6,6v18,6v18n,6v18n4
52,1,57,610,2,soja,20201219,20210409,111,6,6ucz,6uczc,6uczc1
30,101,5,9,1,soja,20231117,20240308,112,6,6yxj,6yxjb,6yxjbb
42,103,59,10,1,soja,20251201,20260417,137,6,6yrq,6yrqr,6yrqr4
42,103,59,10,1,soja,20251201,20260417,137,6,6yrq,6yrqr,6yrqr4
221,61,19,229,6,soja,20231209,20240421,134,6,6v0c,6v0cw,6v0cwm
177,61,5,62,4,soja,20221230,20230429,120,6,6yx0,6yx0b,6yx0b5
1019,141,8,46,1,soja,20231009,20240117,100,6,6yqx,6yqxj,6yqxjj
221,1,5,54,10,soja,20231102,20240301,120,6,6u03,6u03n,6u03nc
221,1,5,54,10,soja,20231102,20240301,120,6,6u03,6u03n,6u03nc
401,1,1,13,9,soja,20231121,20240324,124,6,6zmq,6zmqb,6zmqb2
1019,181,44,49,2,soja,20241026,20250224,121,6,6vfe,6vfex,6vfex7
278,1,18,2,5,soja,20221107,20230313,126,6,6y7s,6y7sr,6y7srv
10,1,1,64,1,soja,20231012,20240319,159,6,6tqm,6tqmx,6tqmxf
42,1,1102,93,1,soja,20231125,20240405,132,6,6yx8,6yx8r,6yx8rc
1019,381,93,505,5,soja,20231005,20240118,105,6,6vxs,6vxsx,6vxsxz
436,82,5,160,1,soja,20251031,20260205,97,6,6vxx,6vxxh,6vxxhd
323,41,44940,9,1,soja,20221014,20230301,138,6,6udq,6udqk,6udqk8
436,61,3,7,1,soja,20241002,20250204,125,6,6vzx,6vzx1,6vzx1j
374,42,1,1,9,soja,20251102,20260308,126,6,6yxq,6yxqz,6yxqz8
239,1,1,32,1,soja,20211012,20220206,117,6,6y11,6y11z,6y11z3
1019,381,93,142,1,soja,20231011,20240201,113,6,6vxs,6vxs0,6vxs0m
39,1,100,1315,1,soja,20231226,20240424,120,6,6dxh,6dxhv,6dxhv0
184,1,1,1,1,soja,20201124,20210401,128,6,6yx9,6yx9n,6yx9nr
179,1,1,17,2,soja,20201201,20210411,131,7,7n84,7n84e,7n84e1
367,61,2,7,1,soja,20241022,20250220,121,6,6v9w,6v9w3,6v9w3d
30,62,4,364,1,soja,20211111,20220212,93,6,6ywb,6ywb9,6ywb9q
436,41,2,44,1,soja,20241030,20250210,103,6,6vze,6vzef,6vzef1
281,1,1,15,1,soja,20221002,20230123,113,6,6y38,6y386,6y3863
15,1,1,5,10,soja,20201114,20210401,138,6,6vx7,6vx74,6vx745
10,121,4,22,1,soja,20210917,20220104,109,6,6ttc,6ttc7,6ttc72
39,1,100,14149,1,soja,20231101,20240402,153,6,6dxh,6dxh7,6dxh7k
483,1,1,10,1,soja,20241006,20250118,104,6,6twq,6twq6,6twq63
52,1,50,473,2,soja,20211201,20220411,131,6,6ucz,6ucz9,6ucz98
425,1,1,11,1,soja,20231109,20240411,154,7,7n81,7n818,7n818m
1019,543,11,318,2,soja,20251121,20260331,130,6,6yk0,6yk0j,6yk0j3
1019,141,8,1,1,soja,20231027,20240227,123,6,6yqx,6yqxm,6yqxmg
30,101,5,22,1,soja,20231126,20240322,117,6,6yxn,6yxn0,6yxn00
1019,241,2,67,1,soja,20231006,20240213,130,6,6vn5,6vn5s,6vn5s1
260,1,1,19,2,soja,20220114,20220523,129,6,6tt7,6tt7s,6tt7sw
39,1,100,14206,1,soja,20221209,20230406,118,6,6dxh,6dxhk,6dxhk5
39,1,100,1411,1,soja,20221108,20230412,155,6,6dxh,6dxhs,6dxhs7
52,1,62,638,4,soja,20201112,20210321,129,6,6ucz,6ucz6,6ucz6z
323,41,44940,14,1,soja,20221004,20230210,129,6,6udq,6udqh,6udqhu
444,1,1,11,28,soja,20240102,20240517,136,6,6f4x,6f4xk,6f4xkr
267,1,1,54,7,soja,20220929,20230211,135,6,6tw4,6tw4x,6tw4xs
367,61,2,14,1,soja,20241017,20250207,113,6,6v9w,6v9w1,6v9w12
238,61,1,297,4,soja,20211110,20220310,120,6,6trt,6trt9,6trt9m
52,1,4,7,1,soja,20201109,20210305,116,6,6v18,6v18r,6v18rt
487,1,2,1,3,soja,20241203,20250218,77,6,6vqn,6vqnt,6vqntu
52,1,86,825,1,soja,20201201,20210321,110,6,6v1b,6v1bu,6v1bug
1019,181,44,41,2,soja,20241020,20250220,123,6,6vfg,6vfg8,6vfg8d
275,41,500,27,1000,soja,20241105,20250313,128,6,6v5p,6v5p4,6v5p49
1019,161,18,126,2,soja,20231009,20240224,138,6,6vzt,6vzt1,6vzt13
444,1,1,8,6,soja,20240106,20240601,147,6,6f4x,6f4xs,6f4xsm
425,43,3,4,1,soja,20241025,20250219,117,6,6tw9,6tw92,6tw92t
361,1,1,331,1,soja,20230509,20230805,88,6,6vus,6vuse,6vusey
313,1,3,1,1,soja,20221005,20230216,134,6,6ugk,6ugkj,6ugkjn
253,1,1,7,4,soja,20211119,20220408,140,6,6yrf,6yrf0,6yrf0r
360,81,6925497002,6925622102,1,soja,20241122,20250307,105,6,6v0e,6v0ee,6v0eee
1019,543,11,208,1,soja,20251129,20260325,116,6,6yk1,6yk14,6yk141
182,161,7282,3,2,soja,20251104,20260407,154,6,6vxk,6vxkj,6vxkj1
1019,281,17,15,1,soja,20240101,20240402,92,6,6vx3,6vx3r,6vx3rk
1019,543,11,312,2,soja,20251021,20260218,120,6,6yk0,6yk05,6yk05f
52,1,114,5676,2,soja,20211106,20220310,124,6,6ucz,6uczj,6uczj0
42,1,1102,123,1,soja,20231220,20240401,103,6,6yx8,6yx8k,6yx8kg
1019,421,74,133,1,soja,20231028,20240301,125,6,6tqz,6tqzw,6tqzwr
400,1,2,13,1,soja,20241013,20250207,117,6,6tz9,6tz9h,6tz9h6
277,1,1,1,1,soja,20221026,20230306,131,6,6vz8,6vz87,6vz870
436,41,2,78,1,soja,20241104,20250310,126,6,6vz7,6vz7w,6vz7wf
444,1,1,6,6,soja,20240105,20240601,148,6,6f4x,6f4xe,6f4xef
1019,241,2,38,1,soja,20231128,20240227,91,6,6vnh,6vnh5,6vnh5b
10,161,5,21,1,soja,20221114,20230308,114,6,6tys,6tys2,6tys2w
320,1,1,26,1,soja,20221014,20230225,134,7,7h0w,7h0ws,7h0ws8
374,1,1,14,10,soja,20251111,20260325,134,6,6yxd,6yxd0,6yxd0d
1019,221,39,209,1,soja,20241101,20250305,124,6,6tzy,6tzy8,6tzy8e
444,1,1,6,2,soja,20241123,20250425,153,6,6f4x,6f4xe,6f4xef
282,1,1,14,1,soja,20251127,20260311,104,6,6vn6,6vn69,6vn699
1019,381,93,220,2,soja,20231118,20240402,136,6,6vxk,6vxkm,6vxkmz
350,1,35,2,405,soja,20231117,20240416,151,6,6vxq,6vxq2,6vxq2d
1019,161,18,406,1,soja,20231101,20240328,148,6,6vzq,6vzq8,6vzq80
315,61,3,14,11,soja,20231025,20240301,128,6,6vfr,6vfrx,6vfrxw
179,1,2,5,6,soja,20221115,20230325,130,7,7n84,7n845,7n845h
27,1,1,52,2,soja,20221113,20230331,138,6,6vzw,6vzwj,6vzwj1
1019,1,72,31,2,soja,20231023,20240117,86,6,6ttb,6ttbt,6ttbtu
1019,141,8,26,1,soja,20231024,20240229,128,6,6yqx,6yqxq,6yqxqz
35,42,6,2242,3,soja,20210919,20220119,122,6,6tw5,6tw5y,6tw5yf
52,1,15,429,3,soja,20221102,20230301,119,6,6ucx,6ucxx,6ucxxz
221,41,25,87,25,soja,20231120,20240309,110,6,6u07,6u07t,6u07t0
184,1,1,4,1,soja,20201125,20210401,127,6,6yx9,6yx9m,6yx9me
350,1,35,2,109,soja,20221107,20230330,143,6,6vxq,6vxq2,6vxq2d
52,1,4,15,1,soja,20201022,20210222,123,6,6v18,6v18r,6v18r3
374,1,3,12,3,soja,20251201,20260411,131,6,6yx6,6yx6v,6yx6vt
176,1,8,812,1,soja,20211209,20220504,146,6,6ubu,6ubuw,6ubuwy
299,1,7,12,1,soja,20221005,20230126,113,6,6y0r,6y0ry,6y0ry7
1019,381,93,301,3,soja,20241116,20250320,124,6,6vxk,6vxku,6vxkuc
30,62,4,305,1,soja,20211101,20220218,109,6,6ywb,6ywbb,6ywbb7
30,101,5,1,1,soja,20231206,20240325,110,6,6yxn,6yxn0,6yxn07
1019,441,70,113,1,soja,20231017,20240120,95,6,6wpb,6wpbj,6wpbjx
1019,281,17,144,1,soja,20251210,20260423,134,6,6vx3,6vx3n,6vx3n8
1019,381,93,126,1,soja,20231116,20240319,124,6,6vxs,6vxs2,6vxs2t
400,1,8,5,1,soja,20230918,20240103,107,6,6v85,6v85w,6v85wp
353,41,1,7,1,soja,20241021,20250217,119,6,6tv2,6tv22,6tv22e
1019,281,17,171,1,soja,20251023,20260213,113,6,6vx2,6vx2z,6vx2z1
52,1,4,14,1,soja,20201021,20210222,124,6,6v18,6v18r,6v18r6
1019,301,10,19,1,soja,20231118,20240410,144,6,6vx5,6vx5q,6vx5qf
436,61,3,13,1,soja,20241103,20250304,121,6,6vzx,6vzx1,6vzx1w
52,1,6,21,1,soja,20211012,20220210,121,6,6v18,6v18p,6v18pw
1019,421,74,187,1,soja,20231010,20240202,115,6,6tqz,6tqzq,6tqzqt
221,41,25,95,25,soja,20231109,20240308,120,6,6u07,6u07k,6u07kx
52,1,116,5709,3,soja,20201206,20210402,117,6,6ucx,6ucxs,6ucxs3
444,1,1,3,17,soja,20240129,20240517,109,6,6f4x,6f4xu,6f4xut
1019,241,2,33,1,soja,20231023,20240302,131,6,6vn5,6vn5u,6vn5u2
1019,181,44,58,2,soja,20241112,20250302,110,6,6vfu,6vfu0,6vfu01
393,1,1,17,2,soja,20230927,20240105,100,6,6v0x,6v0xc,6v0xc8
239,1,1,19,1,soja,20211022,20220117,87,6,6y11,6y11y,6y11yv
1019,461,68,133,1,soja,20231102,20240206,96,6,6v88,6v887,6v8877
42,102,61,7,1,soja,20251211,20260401,111,6,6yrh,6yrh3,6yrh3j
30,41,2,31,1,soja,20201122,20210317,115,6,6yx8,6yx87,6yx87m
401,1,1,2,10,soja,20231209,20240417,130,6,6zmn,6zmnz,6zmnz6
30,101,5,203,1,soja,20231113,20240225,104,6,6yxj,6yxjb,6yxjb4
267,1,1,28,4,soja,20221021,20230211,113,6,6tw4,6tw4q,6tw4qb
256,1,1,20,1,soja,20221027,20230224,120,6,6vcm,6vcmu,6vcmuc
27,1,1,271,5,soja,20231027,20240311,136,6,6vzt,6vzth,6vzth4
439,1,2,24,2,soja,20241113,20250326,133,7,7h86,7h867,7h867c
444,1,1,4,21,soja,20241221,20250423,123,6,6f4x,6f4xu,6f4xuv
52,1,100,4908,3,soja,20211107,20220222,107,6,6ucx,6ucxw,6ucxwm
52,1,53,499,3,soja,20201113,20210405,143,6,6ucx,6ucxx,6ucxx2
1019,161,18,129,2,soja,20231004,20240202,121,6,6vzt,6vzt0,6vzt0u
27,1,1,4,4,soja,20211117,20220326,129,6,6vzt,6vztv,6vztvd
1019,261,64,60,1,soja,20231023,20240322,151,6,6yrp,6yrpm,6yrpmg
360,101,3419374803,3439673203,3,soja,20251113,20260302,109,6,6v2k,6v2k6,6v2k61
1019,281,17,3,1,soja,20231101,20240318,138,6,6vx3,6vx3j,6vx3j3
329,1,1,1004,1,soja,20221027,20230223,119,6,6ytj,6ytjb,6ytjb3
52,1,90,1305,3,soja,20201113,20210303,110,6,6v18,6v18n,6v18nr
52,1,47,468,2,soja,20201105,20210311,126,6,6v1b,6v1b0,6v1b0j
331,41,1,23,1,soja,20221024,20230308,135,6,6gcw,6gcwn,6gcwnn
52,1,113,5655,4,soja,20201127,20210414,138,6,6ucy,6ucyc,6ucycu
444,1,1,5,1,soja,20241221,20250430,130,6,6f4x,6f4xv,6f4xvj
1019,281,17,112,1,soja,20250926,20260119,115,6,6vx3,6vx3n,6vx3nh
444,1,1,8,4,soja,20250110,20250505,115,6,6f4x,6f4xs,6f4xsm
238,61,1,213,3,soja,20211201,20220402,122,6,6trm,6trmx,6trmxk
1019,201,62,124,1,soja,20231108,20240301,114,6,6tx2,6tx2d,6tx2dt
1019,81,83,114,1,soja,20241018,20250217,122,6,6udt,6udtk,6udtkn
52,1,33,303,1,soja,20211021,20220212,114,6,6v18,6v18n,6v18n3
24,1,2001,213,1,soja,20201030,20210308,129,6,6ug7,6ug7r,6ug7re
127,1,1,43,1,soja,20251105,20260327,142,6,6vq8,6vq8y,6vq8y4
1019,281,17,177,1,soja,20251202,20260329,117,6,6vx2,6vx2w,6vx2we
547,1,7,18,1,soja,20260105,20260505,120,6,6g7n,6g7n8,6g7n85
277,1,1,1,2,soja,20221104,20230321,137,6,6vz8,6vz87,6vz870
309,1,2,13,2,soja,20251104,20260221,109,6,6txb,6txbf,6txbfk
36,1,1,5,1,soja,20201113,20210307,114,6,6v8h,6v8hh,6v8hh1
10,1,1,7,2,soja,20201005,20210123,110,6,6tqw,6tqw1,6tqw1c
52,1,88,1101,2,soja,20231201,20240419,140,6,6ucz,6ucz3,6ucz3t
390,1,3,8,1,soja,20231025,20240216,114,6,6vjd,6vjd6,6vjd6r
350,1,39,1,402,soja,20251128,20260424,147,6,6vxm,6vxmu,6vxmun
1019,361,22,102,1,soja,20231208,20240501,145,6,6yps,6ypsn,6ypsnu
350,1,35,3,403,soja,20231115,20240328,134,6,6vxq,6vxq3,6vxq3h
175,61,3,3,1,soja,20211111,20220301,110,6,6ykc,6ykch,6ykch4
1019,543,11,331,2,soja,20251029,20260301,123,6,6yhp,6yhpe,6yhpe2
240,1,1,25,1,soja,20220112,20220413,91,7,7nb3,7nb3m,7nb3mx
1019,341,23,1,1,soja,20231205,20240404,121,6,6yrs,6yrs9,6yrs98
1019,221,39,220,2,soja,20231020,20240210,113,6,6tzw,6tzwx,6tzwxm
52,1,86,834,1,soja,20201202,20210326,114,6,6v1b,6v1bu,6v1buq
179,1,1,3,1,soja,20201104,20210403,150,7,7n84,7n844,7n844q
179,1,1,17,1,soja,20201201,20210411,131,7,7n84,7n84e,7n84e1
444,1,1,8,1,soja,20241222,20250503,132,6,6f4x,6f4xs,6f4xsm
27,1,1,42,5,soja,20201109,20210328,139,6,6vzw,6vzw5,6vzw51
1019,141,8,61,1,soja,20231010,20240206,119,6,6yqx,6yqxn,6yqxnv
1019,421,74,171,1,soja,20231003,20240115,104,6,6tqy,6tqyv,6tqyvt
425,41,2,16,1,soja,20231017,20240214,120,6,6tmy,6tmyb,6tmyby
444,1,1,18,18,soja,20231128,20240503,157,6,6f4x,6f4xu,6f4xue
39,1,15,14,4,soja,20211217,20220504,138,6,6dxh,6dxhw,6dxhw5
221,1,5,47,10,soja,20231101,20240310,130,6,6u02,6u02y,6u02ym
281,1,1,12,2,soja,20221006,20230117,103,6,6y38,6y386,6y386u
52,1,100,4903,2,soja,20201120,20210416,147,6,6ucx,6ucxw,6ucxw3
444,1,1,6,24,soja,20231212,20240503,143,6,6f4x,6f4xe,6f4xef
1019,161,18,505,3,soja,20231023,20240302,131,6,6vz5,6vz5f,6vz5fd
1019,543,11,207,1,soja,20251020,20260216,119,6,6yk1,6yk11,6yk11c
253,1,1,9,4,soja,20211105,20220302,117,6,6yrf,6yrff,6yrffd
52,1,12,52,3,soja,20211101,20220307,126,6,6ucx,6ucxq,6ucxqt
1019,401,77,201,2,soja,20231124,20240302,99,6,6v2n,6v2n2,6v2n2s
232,1,1,9,1,soja,20211005,20220119,106,6,6vbt,6vbth,6vbthr
1019,521,500,11,1,soja,20251022,20260221,122,6,6vf7,6vf7f,6vf7fu
390,1,4,1,1,soja,20231118,20240311,114,6,6vjd,6vjdg,6vjdg8
221,61,20,248,4,soja,20231216,20240422,128,6,6v0c,6v0cq,6v0cq2
267,1,1,55,7,soja,20221007,20230222,138,6,6tw4,6tw4x,6tw4xz
392,1,15,138,1,soja,20230401,20230701,91,6,6yrn,6yrn1,6yrn1w
361,1,1,335,1,soja,20230501,20230803,94,6,6vus,6vuse,6vusev
52,1,12,58,3,soja,20211101,20220305,124,6,6ucx,6ucxq,6ucxq9
1019,543,11,1316,2,soja,20251104,20260304,120,6,6yhp,6yhpu,6yhpux
1019,241,2,50,1,soja,20241022,20250218,119,6,6vn5,6vn5g,6vn5gg
367,61,2,9,1,soja,20241029,20250206,100,6,6v9w,6v9w1,6v9w13
221,41,25,30,25,soja,20231013,20240207,117,6,6u07,6u07u,6u07ud
177,61,5,26,1,soja,20221105,20230305,120,6,6ywb,6ywbx,6ywbxc
1019,361,22,302,1,soja,20231227,20240502,127,6,6ypd,6ypdt,6ypdtr
221,63,22,15,2,soja,20231201,20240330,120,6,6v45,6v45g,6v45g1
177,61,5,8,1,soja,20221208,20230301,83,6,6ywb,6ywbr,6ywbrk
177,1,101,1,1,soja,20201117,20210410,144,6,6vz0,6vz0j,6vz0js
182,161,1,7,1,soja,20251112,20260312,120,6,6vxk,6vxk6,6vxk6c
350,1,39,1,409,soja,20251126,20260421,146,6,6vxm,6vxmu,6vxmun
1019,161,18,221,1,soja,20231117,20240326,130,6,6vzj,6vzjq,6vzjqm
221,1,10,91,18,soja,20231222,20240404,104,6,6u02,6u02z,6u02zg
436,61,3,17,1,soja,20241104,20250226,114,6,6vzx,6vzx1,6vzx1h
30,1,1,114,1,soja,20201121,20210328,127,6,6yrp,6yrpj,6yrpj9
52,1,107,4530,1,soja,20211222,20220411,110,6,6v1c,6v1cb,6v1cbn
10,101,2,43,2,soja,20201101,20210301,120,6,6trh,6trhb,6trhb6
52,1,100,4902,2,soja,20201221,20210416,116,6,6ucx,6ucxw,6ucxw4
52,1,4,204,1,soja,20201023,20210224,124,6,6v18,6v18r,6v18rk
1019,201,62,129,1,soja,20231023,20240221,121,6,6tx0,6tx0p,6tx0p5
42,1,1102,190,1,soja,20231117,20240328,132,6,6yrx,6yrxw,6yrxwp
42,1,1102,190,1,soja,20231117,20240328,132,6,6yrx,6yrxw,6yrxwp
444,1,1,4,28,soja,20240102,20240518,137,6,6f4x,6f4xu,6f4xuv
374,42,1,12,9,soja,20251111,20260401,141,6,6yxr,6yxrp,6yxrp2
1019,161,18,127,2,soja,20231005,20240203,121,6,6vzt,6vzt1,6vzt11
267,1,1,8,6,soja,20221018,20230205,110,6,6tw4,6tw4r,6tw4r8
379,61,4001,216,4,soja,20231213,20240424,133,6,6gk6,6gk6k,6gk6k4
1019,321,46,118,1,soja,20231212,20240320,99,6,6vxm,6vxmu,6vxmu8
30,41,2,7,1,soja,20201207,20210401,115,6,6yx8,6yx8d,6yx8dz
1019,221,39,2011,1,soja,20241025,20250223,121,6,6tzw,6tzwp,6tzwpv
1019,141,8,74,1,soja,20231120,20240205,77,6,6yqx,6yqxm,6yqxm8
52,1,56,4101,2,soja,20201112,20210329,137,6,6ucz,6uczb,6uczb3
221,1,8,82,21,soja,20231129,20240313,105,6,6u08,6u089,6u089k
392,1,15,120,2,soja,20231117,20240225,100,6,6yrj,6yrj8,6yrj8c
39,1,100,14185,1,soja,20221106,20230414,159,6,6dxh,6dxh7,6dxh7c
52,1,996,2911,4,soja,20201013,20210208,118,6,6ufp,6ufp6,6ufp6j
52,1,62,632,2,soja,20211123,20220405,133,6,6ucz,6ucz6,6ucz6v
350,1,39,2,403,soja,20251126,20260420,145,6,6vxm,6vxmu,6vxmud
1019,261,64,68,1,soja,20231030,20240224,117,6,6yrq,6yrq8,6yrq8h
255,63,6,113,60,soja,20240412,20240903,144,6,6gbt,6gbt1,6gbt1q
52,1,1064,7107,500,soja,20221017,20230228,134,6,6v18,6v18w,6v18w0
30,81,5,286,1,soja,20241112,20250302,110,6,6ywc,6ywch,6ywch1
281,1,1,27,1,soja,20220928,20230120,114,6,6y38,6y387,6y3871
238,61,1,111,2,soja,20211116,20220316,120,6,6trm,6trmx,6trmxb
1019,161,18,123,2,soja,20240924,20250117,115,6,6vzs,6vzsc,6vzscd
232,1,2,7,13,soja,20211024,20220219,118,6,6vbn,6vbn6,6vbn60
392,41,21,20,1,soja,20241101,20250302,121,6,6ywk,6ywk9,6ywk9m
52,1,15,422,3,soja,20221101,20230313,132,6,6ucz,6uczb,6uczb0
232,1,2,3,3,soja,20211011,20220109,90,6,6vbj,6vbju,6vbjud
1019,241,2,310,3,soja,20231218,20240401,105,6,6vph,6vph0,6vph02
402,1,4,3,1,soja,20231001,20240119,110,6,6ttu,6ttun,6ttunc
52,1,79,3503,1,soja,20201106,20210316,130,6,6ucz,6uczg,6uczge
52,1,100,4903,3,soja,20211109,20220302,113,6,6ucx,6ucxw,6ucxw3
232,1,1,7,1,soja,20211001,20220118,109,6,6vbt,6vbth,6vbthv
253,1,1,3,8,soja,20221201,20230414,134,6,6yrf,6yrfk,6yrfk0
1022,1,5,72,72,soja,20221106,20230328,142,6,6vrs,6vrsm,6vrsmd
27,1,1,49,2,soja,20221108,20230311,123,6,6vzw,6vzw5,6vzw56
42,1,1102,148,1,soja,20231119,20240310,112,6,6yrz,6yrzf,6yrzf4
350,1,39,4,409,soja,20251127,20260419,143,6,6vxm,6vxmu,6vxmuv
1019,1,72,118,1,soja,20230924,20240120,118,6,6tw0,6tw0m,6tw0mh
1019,381,93,221,2,soja,20231219,20240415,118,6,6vxk,6vxkt,6vxktc
10,101,2,2,1,soja,20201025,20210224,122,6,6trh,6trh6,6trh6h
444,1,1,5,28,soja,20240107,20240518,132,6,6f4x,6f4xv,6f4xvj
1019,101,6,42,1,soja,20231002,20240124,114,6,6uf1,6uf1p,6uf1p4
327,41,401,2,2,soja,20231211,20240311,91,6,6yrf,6yrf7,6yrf7p
52,1,47,465,1,soja,20251108,20260316,128,6,6v18,6v18p,6v18p7
52,1,4,13,1,soja,20201022,20210224,125,6,6v18,6v18r,6v18rd
1019,81,83,117,1,soja,20231014,20240115,93,6,6udt,6udte,6udte9
1019,181,44,52,1,soja,20231028,20240227,122,6,6vfe,6vfez,6vfez1
1019,381,93,330,3,soja,20241123,20250314,111,6,6vxm,6vxmp,6vxmpp
176,1,8,813,1,soja,20211123,20220327,124,6,6ubu,6ubuy,6ubuyc
1019,461,68,105,1,soja,20231108,20240208,92,6,6v88,6v884,6v884m
127,1,4,131,4,soja,20251130,20260424,145,6,6vnz,6vnz0,6vnz0u
283,1,1,141,1,soja,20221014,20230227,136,6,6ucn,6ucnj,6ucnjb
315,1,1,6,11,soja,20221018,20230226,131,6,6vg4,6vg4n,6vg4nj
253,1,1,2,7,soja,20221116,20230406,141,6,6yrf,6yrf0,6yrf07
444,1,1,6,12,soja,20250125,20250507,102,6,6f4x,6f4xe,6f4xef
221,1,8,73,21,soja,20231209,20240402,115,6,6u08,6u088,6u088n
51,1,10,6,1,soja,20201119,20210403,135,6,6vz7,6vz7f,6vz7f3
359,1,1,35,1,soja,20221124,20230312,108,7,7n8j,7n8jh,7n8jhs
1019,281,17,132,1,soja,20251201,20260218,79,6,6vx3,6vx3n,6vx3n0
468,1,1,12,1,soja,20241101,20250301,120,6,6ykw,6ykwg,6ykwgg
278,1,18,5,5,soja,20221102,20230311,129,6,6y7s,6y7sr,6y7srs
361,1,1,349,1,soja,20230524,20230909,108,6,6vus,6vusu,6vusum
52,1,55,606,2,soja,20211017,20220307,141,6,6ucz,6uczc,6uczcz
1019,241,2,103,2,soja,20231120,20240301,102,6,6vjf,6vjfj,6vjfj4
175,1,1,4,1,soja,20201104,20210222,110,6,6ym3,6ym3c,6ym3cg
360,1,871802,64,1683402,soja,20231206,20240315,100,6,6y24,6y241,6y241d
175,1,1,33,7,soja,20211021,20220215,117,6,6ym3,6ym3d,6ym3d4
232,1,3,4,4,soja,20211022,20220221,122,6,6tzz,6tzzk,6tzzkf
221,41,25,73,25,soja,20231004,20240205,124,6,6u07,6u07q,6u07q9
278,1,18,2,12,soja,20221212,20230406,115,6,6y7s,6y7sr,6y7srv
1019,201,62,42,1,soja,20231003,20240109,98,6,6tx0,6tx0m,6tx0mv
1019,542,4,229,2,soja,20251119,20260307,108,6,6yrj,6yrjv,6yrjvh
1019,241,2,66,1,soja,20231009,20240219,133,6,6vn5,6vn5d,6vn5dc
353,1,2,19,1,soja,20221018,20230205,110,6,6twq,6twqs,6twqsf
1019,421,74,172,1,soja,20231006,20240118,104,6,6tqz,6tqzq,6tqzq0
39,1,100,1423,1,soja,20221108,20230417,160,6,6dxh,6dxhs,6dxhs4
466,1,1,40,1,soja,20241101,20250303,122,7,7n81,7n818,7n8180
221,61,16,232,8,soja,20241114,20250403,140,6,6v0c,6v0cy,6v0cy9
221,61,16,232,8,soja,20241114,20250403,140,6,6v0c,6v0cy,6v0cy9
1019,401,77,112,1,soja,20231003,20240106,95,6,6v82,6v82e,6v82ex
240,1,1,35,1,soja,20220109,20220501,112,7,7nb3,7nb3w,7nb3w8
52,1,996,2907,4,soja,20201013,20210206,116,6,6ufp,6ufp3,6ufp3s
1019,201,62,45,1,soja,20231006,20240108,94,6,6tx0,6tx0w,6tx0wd
313,41,1,3,1,soja,20241125,20250321,116,6,6uen,6uen0,6uen02
177,42,107,1,2,soja,20210104,20210430,116,6,6yr7,6yr70,6yr70e
52,1,4,204,1,soja,20201023,20210224,124,6,6v18,6v18r,6v18rk
436,81,4,106,3,soja,20251103,20260210,99,6,6yxf,6yxfn,6yxfnh
1019,301,10,1,1,soja,20231103,20240316,134,6,6vxh,6vxhr,6vxhr9
1019,281,17,159,1,soja,20250925,20260113,110,6,6vx2,6vx2w,6vx2wp
15,41,2,16,3,soja,20221115,20230309,114,6,6vxv,6vxvu,6vxvuv
374,1,1,13,10,soja,20251123,20260327,124,6,6yxd,6yxd2,6yxd20
436,41,2,92,1,soja,20241024,20250221,120,6,6vz7,6vz7w,6vz7w3
299,1,3,2,1,soja,20220927,20230114,109,6,6y0x,6y0x8,6y0x8m
392,1,15,118,2,soja,20231103,20240226,115,6,6yrj,6yrj8,6yrj83
52,1,104,4512,1,soja,20201104,20210317,133,6,6v1c,6v1c2,6v1c27
315,61,3,19,11,soja,20231129,20240319,111,6,6vfr,6vfrv,6vfrvb
30,41,2,252,1,soja,20201118,20210312,114,6,6yx8,6yx86,6yx86c
392,61,20,5,1,soja,20250923,20260210,140,6,6gsm,6gsms,6gsms2
1019,101,6,10,1,soja,20231006,20240128,114,6,6uf0,6uf0w,6uf0w7
221,1,2,16,6,soja,20210915,20220120,127,6,6u02,6u02w,6u02wf
253,1,3,8,1,soja,20221201,20230323,112,6,6yrg,6yrgw,6yrgwz
1019,161,18,113,2,soja,20241106,20250322,136,6,6vzt,6vzt1,6vzt1n
444,1,1,10,26,soja,20231201,20240425,146,6,6f4x,6f4xe,6f4xeq
327,1,402,33,1,soja,20221017,20230202,108,6,6vrw,6vrw6,6vrw6f
390,1,3,1,1,soja,20231102,20240226,116,6,6vjd,6vjdd,6vjddm
413,1,2,5,3,soja,20231007,20240118,103,6,6vbn,6vbn6,6vbn6d
221,63,23,20,3,soja,20231127,20240312,106,6,6v1g,6v1gz,6v1gzb
42,103,59,57,1,soja,20251204,20260418,135,6,6yrm,6yrmv,6yrmv5
267,1,1,7,8,soja,20220930,20230111,103,6,6tw4,6tw4p,6tw4pr
27,1,1,19,1,soja,20201125,20210417,143,6,6vzt,6vztu,6vztum
42,1,1102,119,1,soja,20231215,20240322,98,6,6yx8,6yx8u,6yx8ud
42,1,1102,121,1,soja,20231118,20240316,119,6,6yx8,6yx8s,6yx8s4
299,1,6,4,1,soja,20221013,20230208,118,6,6y0x,6y0xb,6y0xbm
1019,321,46,116,1,soja,20231228,20240327,90,6,6vxm,6vxms,6vxmsz
27,1,1,54,5,soja,20201110,20210323,133,6,6vzt,6vztn,6vztne
352,1,2,37,2,soja,20221201,20230425,145,7,7h0w,7h0wv,7h0wvt
360,1,871802,208,1683602,soja,20231015,20240211,119,6,6y24,6y246,6y2463
444,1,1,9,28,soja,20240102,20240517,136,6,6f4x,6f4xg,6f4xg3
360,1,871802,128,871902,soja,20231127,20240321,115,6,6wrc,6wrcx,6wrcxv
221,1,11,99,12,soja,20231109,20240310,122,6,6u09,6u095,6u095j
240,1,1,24,1,soja,20220102,20220425,113,7,7nb3,7nb3t,7nb3t9
52,1,101,5118,3,soja,20201207,20210402,116,6,6ucx,6ucxk,6ucxkt
483,1,1,9,2,soja,20241005,20250206,124,6,6twq,6twq4,6twq4p
1019,141,8,64,1,soja,20231013,20240213,123,6,6yqw,6yqwu,6yqwuw
1019,181,44,50,2,soja,20241025,20250224,122,6,6vfe,6vfex,6vfext
1019,181,44,50,2,soja,20241025,20250224,122,6,6vfe,6vfex,6vfext
175,62,2,79,4,soja,20211108,20220316,128,6,6yk9,6yk9s,6yk9s1
392,1,15,51,1,soja,20231108,20240227,111,6,6yrn,6yrn6,6yrn62
127,1,1,36,1,soja,20201022,20210227,128,6,6vq8,6vq8v,6vq8vu
350,1,35,2,123,soja,20221113,20230408,146,6,6vxq,6vxq2,6vxq2d
1019,221,39,246,3,soja,20230930,20240104,96,6,6tzy,6tzy1,6tzy1w
1019,241,2,109,2,soja,20231114,20240318,125,6,6vjf,6vjfj,6vjfj8
390,1,2,6,1,soja,20231122,20240401,131,6,6vjd,6vjd5,6vjd50
52,1,17,86,2,soja,20201105,20210315,130,6,6v18,6v18p,6v18pc
284,81,6,4,1,soja,20221026,20230323,148,7,7h0w,7h0wc,7h0wc5
253,1,3,13,3,soja,20211216,20220327,101,6,6yrg,6yrgy,6yrgye
360,1,871802,101,1683402,soja,20231117,20240322,126,6,6y21,6y21b,6y21bm
52,1,57,617,2,soja,20201212,20210411,120,6,6ucz,6ucz8,6ucz8f
221,1,8,81,21,soja,20231216,20240321,96,6,6u08,6u088,6u088g
52,1,94,1418,3,soja,20211119,20220418,150,6,6ucw,6ucwv,6ucwvc
289,41,1,3,3,soja,20221013,20230224,134,6,6vz3,6vz3u,6vz3u0
1019,221,39,214,1,soja,20241116,20250302,106,6,6tzy,6tzy8,6tzy8n
1019,421,74,163,1,soja,20230922,20240107,107,6,6tqz,6tqzj,6tqzjr
350,1,39,2,406,soja,20251118,20260414,147,6,6vxm,6vxmu,6vxmud
401,1,1,12,1,soja,20231130,20240416,138,6,6zmq,6zmqb,6zmqb3
392,61,20,30,1,soja,20250918,20260207,142,6,6gsm,6gsms,6gsms2
52,1,15,431,2,soja,20201208,20210406,119,6,6ucx,6ucxz,6ucxzc
39,1,100,14183,1,soja,20221106,20230414,159,6,6dxh,6dxhk,6dxhk4
367,61,1,2,6,soja,20241028,20250208,103,6,6v8m,6v8m6,6v8m6d
52,1,86,833,1,soja,20201202,20210322,110,6,6v1b,6v1bu,6v1bun
350,1,35,1,107,soja,20221106,20230329,143,6,6vxn,6vxnn,6vxnnz
36,1,1,76,3,soja,20201116,20210314,118,6,6v8h,6v8h4,6v8h40
444,1,1,4,2,soja,20241124,20250425,152,6,6f4x,6f4xu,6f4xuv
436,41,2,73,1,soja,20241023,20250220,120,6,6vz7,6vz7t,6vz7tb
52,1,105,4508,1,soja,20201013,20210301,139,6,6v18,6v18w,6v18w7
27,1,1,27,2,soja,20201124,20210414,141,6,6vzt,6vztr,6vztrr
10,1,1,5,1,soja,20201008,20210124,108,6,6tqm,6tqmx,6tqmxu
278,1,18,1,6,soja,20221025,20230217,115,6,6y7u,6y7u3,6y7u3j
221,41,25,60,25,soja,20231023,20240229,129,6,6u07,6u07y,6u07yu
256,1,1,9,1,soja,20211102,20220312,130,6,6vcq,6vcqj,6vcqj4
1019,521,500,8,1,soja,20251030,20260226,119,6,6vfk,6vfk4,6vfk4b
444,1,1,8,17,soja,20231226,20240516,142,6,6f4x,6f4xs,6f4xsm
1019,381,93,131,1,soja,20231201,20240418,139,6,6vx7,6vx7z,6vx7zz
1019,181,44,108,2,soja,20251107,20260316,129,6,6vff,6vffc,6vffcp
10,161,5,20,1,soja,20221118,20230308,110,6,6tys,6tys2,6tys2q
1019,401,77,209,2,soja,20231104,20240221,109,6,6try,6tryp,6tryp1
1019,341,23,8,1,soja,20231222,20240411,111,6,6yrs,6yrs1,6yrs1e
182,161,7282,2,3,soja,20251104,20260411,158,6,6vxk,6vxkj,6vxkj0
466,1,1,6,1,soja,20241127,20250320,113,7,7n81,7n811,7n811h
284,43,4,8,1,soja,20221006,20230227,144,7,7h0w,7h0w7,7h0w74
1022,1,5,6,6,soja,20211026,20220309,134,6,6vre,6vreg,6vregh
52,1,57,627,2,soja,20211209,20220418,130,6,6ucz,6ucz8,6ucz8d
253,1,3,19,3,soja,20211127,20220322,115,6,6yrg,6yrgy,6yrgyp
350,1,38,2,203,soja,20251119,20260409,141,6,6vxm,6vxmf,6vxmf2
35,42,6,2202,3,soja,20211103,20220215,104,6,6tw5,6tw5t,6tw5tw
460,1,2,21,23,soja,20241022,20250301,130,6,6vx2,6vx2u,6vx2uf
444,1,1,4,14,soja,20240116,20240526,131,6,6f4x,6f4xu,6f4xuv
466,1,1,31,1,soja,20241022,20250215,116,6,6yxb,6yxbz,6yxbz9
466,1,1,31,1,soja,20241022,20250215,116,6,6yxb,6yxbz,6yxbz9
232,1,2,8,7,soja,20211020,20220206,109,6,6vbj,6vbj5,6vbj5w
4,83,5,3,1,soja,20211014,20220310,147,6,6v8k,6v8kj,6v8kj0
52,1,5,409,1,soja,20201029,20210226,120,6,6v1b,6v1b8,6v1b86
39,1,100,14167,1,soja,20221109,20230411,153,6,6dxh,6dxh7,6dxh7f
1019,221,39,1211,1,soja,20241029,20250211,105,6,6tzv,6tzvy,6tzvyc
278,1,18,1,1,soja,20221118,20230318,120,6,6y7u,6y7u3,6y7u3j
1019,401,77,204,2,soja,20231201,20240215,76,6,6try,6tryp,6trypm
36,1,1,19,2,soja,20200928,20210126,120,6,6v85,6v85d,6v85dm
457,1,6,121,1,soja,20241221,20250519,149,6,6f4j,6f4ju,6f4jun
36,1,1,16,2,soja,20230916,20231222,97,6,6v85,6v85d,6v85dn
209,1,10,209,4,soja,20221109,20230304,115,6,6uu4,6uu4m,6uu4mr
182,161,7284,2,2,soja,20251111,20260404,144,6,6vx7,6vx7f,6vx7f5
1019,261,64,201,1,soja,20241101,20250318,137,6,6yx0,6yx0m,6yx0mz
315,1,1,2,4,soja,20221010,20230220,133,6,6vg1,6vg1q,6vg1qu
1022,1,5,3,3,soja,20221006,20230118,104,6,6vre,6vref,6vref7
24,1,2001,228,1,soja,20201101,20210329,148,6,6uge,6uge8,6uge8e
444,1,1,9,26,soja,20231201,20240425,146,6,6f4x,6f4xg,6f4xg3
350,1,35,1,109,soja,20221107,20230331,144,6,6vxn,6vxnn,6vxnnz
177,42,107,11,1,soja,20201214,20210406,113,6,6yr5,6yr5r,6yr5rn
487,1,2,3,7,soja,20241202,20250404,123,6,6vqn,6vqnw,6vqnwt
52,1,77,3304,1,soja,20211005,20220201,119,6,6v18,6v18m,6v18m6
457,1,9,146,1,soja,20241229,20250516,138,6,6f4n,6f4nj,6f4nj4
27,1,1,3,5,soja,20201104,20210325,141,6,6vzt,6vztv,6vztv8
547,1,18,37,1,soja,20260105,20260506,121,6,6g7n,6g7nf,6g7nfm
175,1,1,60,6,soja,20211101,20220301,120,6,6ym3,6ym3c,6ym3cg
221,1,5,54,10,soja,20231102,20240301,120,6,6u03,6u03n,6u03nc
221,1,5,54,10,soja,20231102,20240301,120,6,6u03,6u03n,6u03nc
390,1,8,2,1,soja,20231124,20240405,133,6,6vjd,6vjdd,6vjdd0
436,83,6,69,1,soja,20251008,20260114,98,6,6vzm,6vzm1,6vzm1v
436,41,2,54,1,soja,20241018,20250222,127,6,6vze,6vzec,6vzecy
30,121,6,140,1,soja,20241017,20250210,116,6,6ywv,6ywvn,6ywvn3
444,1,1,11,28,soja,20240102,20240517,136,6,6f4x,6f4xk,6f4xkr
42,102,61,14,1,soja,20251125,20260306,101,6,6yrh,6yrh9,6yrh9x
444,1,1,14,17,soja,20240102,20240518,137,6,6f4x,6f4xe,6f4xej
175,1,1,10,1,soja,20201126,20210322,116,6,6ym3,6ym3f,6ym3f5
278,1,18,5,13,soja,20231130,20240313,104,6,6y7s,6y7sr,6y7srs
1019,81,83,234,1,soja,20241013,20250227,137,6,6udw,6udw4,6udw4e
42,1,1102,94,1,soja,20231116,20240312,117,6,6yxb,6yxb5,6yxb5p
331,41,1,41,1,soja,20221112,20230214,94,6,6gcw,6gcwk,6gcwke
1019,361,22,123,1,soja,20231218,20240403,107,6,6ype,6ypeu,6ypeus
253,1,3,6,3,soja,20221120,20230312,112,6,6yrg,6yrgt,6yrgth
1019,381,93,236,2,soja,20240110,20240410,91,6,6vxk,6vxkm,6vxkmv
1019,521,500,3,1,soja,20251023,20260301,129,6,6vf7,6vf7s,6vf7s3
221,62,21,2,1,soja,20231109,20240330,142,6,6u95,6u955,6u9556
175,1,1,9,1,soja,20201030,20210227,120,6,6ym3,6ym3c,6ym3cg
39,1,15,13,3,soja,20211220,20220506,137,6,6dxh,6dxhw,6dxhw6
52,1,109,505,2,soja,20211205,20220404,120,6,6ucz,6uczf,6uczf0
42,81,21,18,1,soja,20251201,20260223,84,6,6yy1,6yy13,6yy132
27,1,1,41,1,soja,20221106,20230402,147,6,6vzt,6vztm,6vztmm
436,83,6,86,1,soja,20251014,20260209,118,6,6vzm,6vzm2,6vzm2f
392,61,20,9,1,soja,20250923,20260210,140,6,6gsm,6gsms,6gsms3
547,1,4,8,1,soja,20251218,20260507,140,6,6g7n,6g7n8,6g7n81
277,1,1,15,2,soja,20221104,20230312,128,6,6vz8,6vz86,6vz863
221,1,6,58,11,soja,20231213,20240401,110,6,6u02,6u02z,6u02z1
278,1,18,3,10,soja,20221019,20230213,117,6,6y7g,6y7gc,6y7gce
320,1,1,21,1,soja,20231010,20240207,120,7,7h0w,7h0wk,7h0wkz
1019,421,74,183,1,soja,20231008,20240116,100,6,6tqz,6tqzn,6tqznk
221,61,16,226,8,soja,20231208,20240405,119,6,6v0c,6v0cz,6v0cz9
400,1,11,6,1,soja,20241004,20250206,125,6,6tz8,6tz84,6tz84d
221,41,25,23,25,soja,20231012,20240209,120,6,6u07,6u07s,6u07sj
221,41,25,23,25,soja,20231012,20240209,120,6,6u07,6u07s,6u07sj
350,1,39,1,406,soja,20251129,20260415,137,6,6vxm,6vxmu,6vxmun
10,161,5,16,1,soja,20221114,20230315,121,6,6tys,6tys2,6tys28
52,1,94,1430,3,soja,20211107,20220311,124,6,6ucx,6ucxp,6ucxp5
299,1,7,6,1,soja,20221010,20230201,114,6,6y22,6y22n,6y22nb
1019,381,93,510,5,soja,20231010,20240130,112,6,6vxu,6vxub,6vxub5
42,1,1102,141,1,soja,20231207,20240405,120,6,6yxb,6yxb1,6yxb13
253,1,3,5,1,soja,20221202,20230320,108,6,6yrg,6yrgw,6yrgwt
184,1,1,16,1,soja,20201123,20210324,121,6,6yx9,6yx9x,6yx9x1
1019,521,500,10,1,soja,20251022,20260219,120,6,6vf7,6vf7f,6vf7ft
127,1,4,139,4,soja,20251128,20260420,143,6,6vnz,6vnz0,6vnz0t
299,1,3,3,1,soja,20220929,20230119,112,6,6y0x,6y0x8,6y0x85
1019,543,11,316,2,soja,20251105,20260305,120,6,6yk0,6yk0h,6yk0hd
52,1,100,4911,3,soja,20201201,20210405,125,6,6ucx,6ucxt,6ucxty
15,1,1,2,10,soja,20201108,20210328,140,6,6vx7,6vx7h,6vx7hs
15,1,1,1,5,soja,20201203,20210428,146,6,6vx6,6vx69,6vx69k
52,1,14,412,3,soja,20201109,20210317,128,6,6ucx,6ucxr,6ucxrc
436,41,2,96,1,soja,20241120,20250203,75,6,6vz7,6vz7y,6vz7yc
221,61,26,256,27,soja,20231115,20240409,146,6,6v0c,6v0cq,6v0cq7
221,41,25,97,25,soja,20231203,20240324,112,6,6u07,6u07k,6u07ks
52,1,86,829,1,soja,20211106,20220226,112,6,6v1b,6v1bs,6v1bst
10,101,2,27,2,soja,20201114,20210213,91,6,6trh,6trh8,6trh89
232,1,2,1,9,soja,20211017,20220118,93,6,6vbj,6vbju,6vbju0
52,1,51,479,2,soja,20211117,20220404,138,6,6ucz,6ucz3,6ucz32
1019,321,46,106,1,soja,20231027,20240301,126,6,6vxm,6vxmm,6vxmmp
52,1,33,302,2,soja,20201102,20210310,128,6,6v18,6v18n,6v18n1
52,1,22,212,3,soja,20211124,20220303,99,6,6ucx,6ucxw,6ucxwf
444,1,1,2,33,soja,20251217,20260505,139,6,6f4x,6f4xe,6f4xev
1019,381,93,132,1,soja,20231122,20240402,132,6,6vxs,6vxs0,6vxs00
209,1,10,204,4,soja,20231016,20240221,128,6,6uu4,6uu4k,6uu4ky
52,1,57,614,2,soja,20201221,20210410,110,6,6ucz,6ucz8,6ucz8v
379,1,2002,6,1,soja,20231108,20240306,119,7,7jds,7jds6,7jds61
239,1,1,41,2,soja,20211006,20220126,112,6,6y11,6y11z,6y11zx
221,61,16,218,8,soja,20231122,20240313,112,6,6v11,6v11b,6v11b0
352,1,2,45,2,soja,20221119,20230417,149,7,7h0x,7h0xj,7h0xj8
1019,381,93,235,2,soja,20240110,20240410,91,6,6vxk,6vxkm,6vxkms
1019,201,62,94,1,soja,20231003,20240120,109,6,6tx0,6tx0k,6tx0kb
1019,201,62,94,1,soja,20231003,20240120,109,6,6tx0,6tx0k,6tx0kb
179,1,1,30,1,soja,20201201,20210412,132,7,7n84,7n84e,7n84e5
1019,181,44,101,2,soja,20241104,20250309,125,6,6vfd,6vfdz,6vfdzk
232,1,1,4,6,soja,20210924,20220106,104,6,6vbt,6vbtm,6vbtm3
350,1,35,1,117,soja,20221111,20230406,146,6,6vxn,6vxnn,6vxnnz
1019,1,72,131,1,soja,20231011,20240127,108,6,6tw0,6tw0e,6tw0ec
1019,281,17,134,1,soja,20251202,20260224,84,6,6vx3,6vx3n,6vx3nd
392,41,21,10,1,soja,20241105,20250304,119,6,6ywk,6ywk8,6ywk8x
1019,141,8,53,1,soja,20231028,20240205,100,6,6yqw,6yqwt,6yqwtj
52,1,51,487,4,soja,20201118,20210405,138,6,6ucz,6ucz3,6ucz31
52,1,99,4002,1,soja,20201121,20210321,120,6,6v1c,6v1cq,6v1cqh
52,1,62,635,4,soja,20201114,20210323,129,6,6ucz,6ucz6,6ucz67
10,101,2,20,2,soja,20201101,20210311,130,6,6trh,6trh9,6trh93
500,1,1,3,3,soja,20251103,20260226,115,6,6v80,6v80s,6v80s7
403,1,4,5,1,soja,20240503,20240920,140,6,6yhe,6yhe3,6yhe39
221,41,25,82,25,soja,20231012,20240218,129,6,6u07,6u07q,6u07q1
175,1,1,29,1,soja,20201113,20210326,133,6,6ym3,6ym33,6ym33z
466,1,1,14,1,soja,20241122,20250305,103,6,6yxb,6yxby,6yxbyx
1019,321,46,135,1,soja,20231228,20240423,117,6,6vxm,6vxmv,6vxmv7
393,41,2,2,1,soja,20231022,20240209,110,6,6v2t,6v2ty,6v2ty3
360,61,572302,1614102,572802,soja,20231005,20240205,123,6,6ucq,6ucqk,6ucqk1
209,1,2,146,1,soja,20221103,20230301,118,6,6uu5,6uu50,6uu508
466,1,1,14,1,soja,20241122,20250305,103,6,6yxb,6yxby,6yxbyx
460,41,1,7,23,soja,20240926,20250121,117,6,6vxh,6vxhy,6vxhym
327,41,401,5,3,soja,20240104,20240401,88,6,6yrf,6yrfh,6yrfhf
436,61,3,2,1,soja,20240924,20250203,132,6,6vzx,6vzx1,6vzx19
36,1,1,81,3,soja,20201103,20210311,128,6,6v85,6v85f,6v85fh
238,61,1,306,3,soja,20211130,20220319,109,6,6trm,6trmx,6trmxe
238,61,1,306,3,soja,20211130,20220319,109,6,6trm,6trmx,6trmxe
51,1,12,10,1,soja,20211024,20220312,139,6,6vzq,6vzq1,6vzq1m
444,1,1,1,17,soja,20240102,20240518,137,6,6f4x,6f4xu,6f4xu4
278,1,18,13,2,soja,20221219,20230413,115,6,6y7s,6y7sz,6y7szf
52,1,14,415,3,soja,20201108,20210316,128,6,6ucx,6ucxr,6ucxru
1019,241,2,52,1,soja,20231014,20240217,126,6,6vn5,6vn5d,6vn5dd
468,1,1,10,1,soja,20241213,20250319,96,6,6ykx,6ykx7,6ykx7z
1019,221,39,219,2,soja,20231022,20240217,118,6,6tzw,6tzwx,6tzwxp
403,1,4,7,1,soja,20240506,20240908,125,6,6yhe,6yhe3,6yhe3f
1019,181,44,27,1,soja,20231102,20240306,125,6,6vfe,6vfep,6vfepe
323,41,44940,18,1,soja,20221001,20230305,155,6,6udq,6udqh,6udqhy
413,1,2,3,1,soja,20230919,20231226,98,6,6vbj,6vbju,6vbjud
238,61,1,249,2,soja,20211210,20220405,116,6,6trt,6trt8,6trt85
323,1,5553,9,1,soja,20231115,20240401,138,6,6udw,6udwj,6udwj8
374,42,1,31,9,soja,20251124,20260316,112,6,6yxr,6yxrq,6yxrq4
413,1,2,2,4,soja,20230925,20240118,115,6,6vbj,6vbju,6vbju3
52,1,4,10,1,soja,20201022,20210225,126,6,6v18,6v18r,6v18rz
52,1,9,84,1,soja,20201023,20210301,129,6,6v18,6v18q,6v18qf
260,1,1,2,3,soja,20211201,20220403,123,6,6tt7,6tt7v,6tt7v6
436,61,3,2,1,soja,20240924,20250203,132,6,6vzx,6vzx1,6vzx19
1019,241,2,20,1,soja,20241118,20250312,114,6,6vn5,6vn5p,6vn5p8
436,82,5,168,1,soja,20251102,20260206,96,6,6vxx,6vxxh,6vxxh2
232,1,1,1,5,soja,20210926,20220124,120,6,6vbt,6vbtm,6vbtmg
52,1,62,633,2,soja,20211123,20220325,122,6,6ucz,6ucz6,6ucz6t
52,1,51,479,4,soja,20201116,20210401,136,6,6ucz,6ucz3,6ucz32
1019,141,8,18,1,soja,20231021,20240311,142,6,6yqw,6yqwt,6yqwtx
42,1,1102,138,1,soja,20231130,20240315,106,6,6yxb,6yxb0,6yxb0v
27,1,1,28,5,soja,20201116,20210403,138,6,6vzt,6vztk,6vztkf
1022,1,5,50001,50001,soja,20221108,20230309,121,6,6vre,6vref,6vrefh
240,1,1,4,1,soja,20231220,20240419,121,7,7nb3,7nb3m,7nb3m0
1019,421,74,189,1,soja,20231011,20240111,92,6,6tqz,6tqzm,6tqzmr
36,1,1,2,1,soja,20201112,20210322,130,6,6v8h,6v8hh,6v8hhh
27,1,1,24,5,soja,20201117,20210406,140,6,6vzt,6vztm,6vztms
49,2,2,7,11,soja,20231023,20240225,125,6,6vfg,6vfg4,6vfg4d
1019,261,64,59,1,soja,20241101,20250306,125,6,6yx0,6yx0q,6yx0qh
1019,261,64,59,1,soja,20241101,20250306,125,6,6yx0,6yx0q,6yx0qh
253,1,1,4,8,soja,20221126,20230412,137,6,6yrf,6yrfh,6yrfhj
1019,401,77,117,1,soja,20230919,20240106,109,6,6v82,6v826,6v826v
392,61,20,27,1,soja,20250919,20260201,135,6,6gsm,6gsmk,6gsmkx
1019,381,93,147,1,soja,20231013,20240206,116,6,6vxs,6vxs1,6vxs1j
238,61,1,45,2,soja,20211121,20220319,118,6,6trm,6trmr,6trmrq
179,1,1,21,1,soja,20201201,20210419,139,7,7n84,7n847,7n847v
232,1,2,6,13,soja,20211024,20220221,120,6,6vbj,6vbjd,6vbjdy
279,1,1,12,3,soja,20221118,20230325,127,6,6vnk,6vnk6,6vnk6r
255,61,2,811,80,soja,20231205,20240415,132,6,6tsq,6tsqg,6tsqgv
52,1,996,2909,4,soja,20201013,20210209,119,6,6ufp,6ufp3,6ufp3v
176,1,8,807,1,soja,20211110,20220320,130,6,6ubu,6ubux,6ubuxk
176,1,8,807,1,soja,20211110,20220320,130,6,6ubu,6ubux,6ubuxk
1019,141,8,3,1,soja,20231007,20240229,145,6,6yqx,6yqxj,6yqxjz
15,41,2,10,3,soja,20221019,20230224,128,6,6vxv,6vxvu,6vxvuc
1019,381,93,326,3,soja,20241109,20250307,118,6,6vxm,6vxmn,6vxmnu
425,41,2,12,2,soja,20231002,20240224,145,6,6tmy,6tmy9,6tmy9r
1019,141,8,75,1,soja,20231014,20240311,149,6,6yqx,6yqxj,6yqxjx
52,1,116,5700,3,soja,20211207,20220414,128,6,6ucx,6ucx7,6ucx7c
350,1,35,4,115,soja,20221110,20230401,142,6,6vxn,6vxnx,6vxnxf
277,1,1,3,2,soja,20221106,20230316,130,6,6vz8,6vz86,6vz86f
184,1,1,7,1,soja,20201201,20210411,131,6,6yx9,6yx9k,6yx9kq
436,61,3,6,1,soja,20241003,20250205,125,6,6vzx,6vzx1,6vzx14
299,1,5,10,1,soja,20220927,20230114,109,6,6y22,6y22n,6y22n7
239,1,1,31,1,soja,20211013,20220210,120,6,6y11,6y11z,6y11z2
51,1,12,4,1,soja,20211021,20220306,136,6,6vzq,6vzq1,6vzq15
1019,441,70,230,1,soja,20231025,20240217,115,6,6wpc,6wpch,6wpchq
52,1,82,708,2,soja,20201107,20210311,124,6,6v1b,6v1b0,6v1b0s
1019,1,72,44,2,soja,20231101,20240118,78,6,6ttb,6ttby,6ttby4
1019,381,93,410,4,soja,20231226,20240420,116,6,6vxt,6vxt0,6vxt08
30,121,6,4,1,soja,20241104,20250226,114,6,6ywu,6ywux,6ywuxj
52,1,11,35,3,soja,20201121,20210326,125,6,6ucx,6ucxq,6ucxqp
52,1,15,427,2,soja,20201205,20210325,110,6,6ucx,6ucxx,6ucxxx
436,83,6,76,1,soja,20251007,20260112,97,6,6vzm,6vzm3,6vzm3q
52,1,51,484,2,soja,20221126,20230401,126,6,6ucz,6ucz0,6ucz0q
1019,141,8,14,1,soja,20231006,20240302,148,6,6yqx,6yqxj,6yqxj9
42,61,20,39,1,soja,20241111,20250223,104,7,7n8d,7n8d6,7n8d68
42,61,20,39,1,soja,20241111,20250223,104,7,7n8d,7n8d6,7n8d68
221,41,25,45,25,soja,20231116,20240303,108,6,6u07,6u07t,6u07tr
436,83,6,68,1,soja,20251022,20260213,114,6,6vzm,6vzm9,6vzm9b
374,1,1,6,10,soja,20251121,20260407,137,6,6yx6,6yx6x,6yx6xr
360,41,421147202,5994160702,584575102,soja,20241102,20250308,126,6,6y5u,6y5uc,6y5uc5
392,41,21,14,2,soja,20241206,20250403,118,6,6ywh,6ywhr,6ywhry
179,1,1,24,1,soja,20201125,20210303,98,7,7n84,7n841,7n841g
444,1,1,2,28,soja,20240107,20240518,132,6,6f4x,6f4xe,6f4xev
177,61,5,2,1,soja,20221107,20230220,105,6,6ywb,6ywbr,6ywbr8
327,1,402,65,1,soja,20221005,20230128,115,6,6vrx,6vrxm,6vrxm8
444,1,1,1,12,soja,20250107,20250504,117,6,6f4x,6f4xu,6f4xu4
1019,161,18,118,2,soja,20231002,20240115,105,6,6vzs,6vzsc,6vzsc5
444,1,1,7,26,soja,20231201,20240424,145,6,6f4x,6f4xs,6f4xs7
1019,441,70,116,1,soja,20231013,20240123,102,6,6wpb,6wpbr,6wpbrd
286,1,1,3,1,soja,20220929,20230123,116,6,6ttg,6ttge,6ttge5
52,1,56,608,3,soja,20221023,20230301,129,6,6ucz,6uczb,6uczbe
52,1,51,481,2,soja,20221128,20230326,118,6,6ucz,6ucz0,6ucz0d
1019,261,64,43,1,soja,20231116,20240307,112,6,6yrn,6yrnz,6yrnzn
221,1,6,58,11,soja,20231213,20240401,110,6,6u02,6u02z,6u02z1
390,1,2,10,1,soja,20231121,20240318,118,6,6vjd,6vjd5,6vjd59
42,61,20,41,1,soja,20241207,20250302,85,7,7n8d,7n8d3,7n8d3f
425,41,2,2,1,soja,20231023,20240308,137,6,6tmy,6tmyc,6tmycs
413,1,2,2,9,soja,20231015,20240127,104,6,6vbj,6vbju,6vbju3
444,1,1,21,18,soja,20231129,20240505,158,6,6f4x,6f4xd,6f4xdv
444,1,1,15,17,soja,20231230,20240517,139,6,6f4x,6f4xs,6f4xsw
42,81,21,21,1,soja,20251119,20260226,99,6,6yy1,6yy11,6yy11n
398,1,1,7,3,soja,20231213,20240416,125,6,6vs0,6vs06,6vs06g
374,1,3,8,3,soja,20251201,20260411,131,6,6yx6,6yx6v,6yx6vb
52,1,17,88,3,soja,20221101,20230226,117,6,6v1b,6v1b0,6v1b02
239,41,2,22,1,soja,20221108,20230404,147,6,6y03,6y03j,6y03j7
1019,161,18,410,1,soja,20231103,20240301,119,6,6vzn,6vznx,6vznxy
221,41,25,83,25,soja,20231013,20240220,130,6,6u07,6u07q,6u07q2
1019,381,93,136,1,soja,20231004,20240123,111,6,6vxk,6vxkp,6vxkp6
27,1,1,46,2,soja,20221107,20230309,122,6,6vzw,6vzw4,6vzw4c
367,61,1,5,1,soja,20240916,20250101,107,6,6v8m,6v8m1,6v8m1h
52,1,113,5654,4,soja,20201127,20210414,138,6,6ucy,6ucyc,6ucyce
350,1,35,2,116,soja,20221123,20230408,136,6,6vxq,6vxq2,6vxq2d
52,1,51,486,2,soja,20211126,20220411,136,6,6ucz,6ucz2,6ucz2b
1019,181,44,21,1,soja,20231105,20240306,122,6,6vfd,6vfdy,6vfdyy
4,2,2,35,4,soja,20201018,20210203,108,6,6vb6,6vb68,6vb68f
1019,421,74,178,1,soja,20231005,20240116,103,6,6tqz,6tqzn,6tqznj
52,1,101,5118,3,soja,20201207,20210402,116,6,6ucx,6ucxk,6ucxkt
42,1,1102,122,1,soja,20231119,20240325,127,6,6yx8,6yx8e,6yx8ec
1019,221,39,217,1,soja,20241101,20250303,122,6,6tzw,6tzwx,6tzwxx
367,61,1,4,2,soja,20241024,20250218,117,6,6v8m,6v8m0,6v8m0s
278,1,18,2,6,soja,20221025,20230302,128,6,6y7s,6y7sr,6y7srv
232,1,3,1,5,soja,20211023,20220209,109,6,6tzy,6tzyk,6tzykt
1022,1,25,2500,901,soja,20251109,20260414,156,6,6vru,6vrud,6vrud2
232,1,2,2,5,soja,20211007,20220115,100,6,6vbj,6vbju,6vbju3
221,61,16,227,8,soja,20231201,20240401,122,6,6v0c,6v0cz,6v0czc
52,1,115,5690,1,soja,20201119,20210326,127,6,6v1c,6v1ck,6v1ckb
436,41,2,11,1,soja,20241113,20250207,86,6,6vzk,6vzkr,6vzkrb
1019,542,4,230,2,soja,20251119,20260409,141,6,6yrj,6yrju,6yrju0
360,61,572302,1614502,572802,soja,20231002,20240207,128,6,6ucq,6ucq7,6ucq7g
374,1,1,16,10,soja,20251021,20260226,128,6,6yxd,6yxd2,6yxd28
27,1,1,201,3,soja,20231214,20240319,96,6,6vzt,6vzt7,6vzt7x
27,1,1,23,3,soja,20201126,20210417,142,6,6vzt,6vztx,6vztxr
27,1,1,23,3,soja,20201126,20210417,142,6,6vzt,6vztx,6vztxr
313,41,1,2,4,soja,20241123,20250313,110,6,6udv,6udvz,6udvzz
221,41,25,80,25,soja,20231013,20240220,130,6,6u07,6u07q,6u07q4
1019,461,68,130,1,soja,20231108,20240201,85,6,6v88,6v885,6v885d
27,1,1,241,3,soja,20231104,20240322,139,6,6vzt,6vztm,6vztme
27,1,1,10,5,soja,20201117,20210329,132,6,6vzt,6vztw,6vztwd
27,1,1,10,5,soja,20201117,20210329,132,6,6vzt,6vztw,6vztwd
436,81,4,103,3,soja,20251007,20260201,117,6,6yxf,6yxfj,6yxfjz
367,61,1,12,2,soja,20241015,20250207,115,6,6v8m,6v8m1,6v8m1h
253,1,3,22,3,soja,20211125,20220326,121,6,6yru,6yrun,6yrunc
1019,181,44,32,1,soja,20231101,20240301,121,6,6vfe,6vfer,6vfere
221,61,16,219,8,soja,20231122,20240319,118,6,6v11,6v11b,6v11b3
27,1,1,21,5,soja,20201120,20210331,131,6,6vzt,6vztr,6vztrj
392,41,21,13,2,soja,20241118,20250422,155,6,6ywk,6ywk2,6ywk2j
1019,201,62,147,2,soja,20241010,20250127,109,6,6tx2,6tx23,6tx237
315,1,1,1,10,soja,20221006,20230130,116,6,6vf8,6vf8n,6vf8ne
52,1,113,5652,2,soja,20211201,20220404,124,6,6ucy,6ucyc,6ucyc7
175,61,3,8,1,soja,20211202,20220228,88,6,6ykc,6ykc5,6ykc5m
52,1,94,1400,3,soja,20201209,20210410,122,6,6ucw,6ucwt,6ucwt5
221,41,25,66,25,soja,20231018,20240221,126,6,6u07,6u07w,6u07wc
52,1,996,2904,4,soja,20201015,20210203,111,6,6ufp,6ufp1,6ufp1n
444,1,1,48,3,soja,20251128,20260503,156,6,6f4x,6f4xu,6f4xus
320,1,1,10,1,soja,20221010,20230225,138,7,7h0w,7h0ws,7h0wsd
1019,181,44,40,1,soja,20231030,20240218,111,6,6vfe,6vfex,6vfexf
175,62,2,11,1,soja,20211020,20220214,117,6,6yk9,6yk9s,6yk9s1
175,62,2,11,1,soja,20211020,20220214,117,6,6yk9,6yk9s,6yk9s1
240,1,1,37,1,soja,20251228,20260501,124,7,7nb3,7nb3w,7nb3ws
239,1,1,24,1,soja,20211013,20220206,116,6,6y11,6y11x,6y11xn
42,102,61,3,1,soja,20251211,20260404,114,6,6yrh,6yrhb,6yrhb9
361,41,2,419,2,soja,20221129,20230406,128,6,6vxd,6vxd0,6vxd0j
289,41,1,4,3,soja,20221116,20230326,130,6,6vz3,6vz3u,6vz3u2
51,1,8,18,1,soja,20201101,20210308,127,6,6vzk,6vzk3,6vzk3k
52,1,52,3202,4,soja,20201126,20210409,134,6,6ucy,6ucyc,6ucycr
327,1,402,21,1,soja,20221018,20230214,119,6,6vrw,6vrwe,6vrwec
458,1,1,7,1,soja,20241019,20250219,123,6,6ugk,6ugkk,6ugkkx
52,1,89,1207,1,soja,20221024,20230306,133,6,6ucz,6uczb,6uczbk
384,1,1,23,1,soja,20231020,20240226,129,6,6tmy,6tmy3,6tmy3h
1019,141,8,44,1,soja,20231113,20240201,80,6,6yqw,6yqwy,6yqwys
184,1,1,6,1,soja,20201127,20210410,134,6,6yx9,6yx9k,6yx9ku
1019,241,2,104,2,soja,20231117,20240320,124,6,6vjf,6vjfj,6vjfjk
436,82,5,170,1,soja,20250926,20260125,121,6,6vxx,6vxxj,6vxxj7
393,1,1,23,2,soja,20230329,20230803,127,6,6v0x,6v0x3,6v0x3q
1019,301,10,54,1,soja,20231118,20240408,142,6,6vx5,6vx5w,6vx5wz
1019,421,74,130,1,soja,20231011,20240213,125,6,6tqz,6tqzt,6tqztc
282,1,1,101,2,soja,20221115,20230220,97,6,6vn7,6vn70,6vn708
350,1,39,4,407,soja,20251124,20260419,146,6,6vxm,6vxmu,6vxmuv
52,1,56,608,2,soja,20201113,20210325,132,6,6ucz,6uczb,6uczbe
401,1,2,1,2,soja,20251122,20260501,160,6,6zmq,6zmqf,6zmqft
374,1,3,5,3,soja,20221206,20230424,139,6,6yx6,6yx6v,6yx6v5
42,1,1102,198,1,soja,20231218,20240401,105,6,6yx8,6yx8s,6yx8s8
1019,381,93,233,2,soja,20241119,20250403,135,6,6vxs,6vxsb,6vxsb8
52,1,101,5111,3,soja,20201207,20210404,118,6,6ucx,6ucxh,6ucxhs
330,1,88,12,1,soja,20230104,20230514,130,6,6f68,6f68k,6f68ke
436,83,6,88,1,soja,20251023,20260201,101,6,6vzm,6vzm9,6vzm9g
221,1,7,71,20,soja,20231208,20240403,117,6,6u02,6u02x,6u02xw
1019,381,93,319,3,soja,20241110,20250319,129,6,6vxk,6vxky,6vxkyx
52,1,107,4527,1,soja,20201102,20210313,131,6,6v1c,6v1cb,6v1cbj
1019,161,18,207,1,soja,20231222,20240409,109,6,6vzj,6vzjx,6vzjxw
327,1,402,50,1,soja,20221004,20230126,114,6,6vrw,6vrwv,6vrwvf
1019,261,64,34,1,soja,20231204,20240312,99,6,6yrp,6yrpq,6yrpqm
52,1,4,5,1,soja,20201021,20210219,121,6,6v18,6v18r,6v18r9
350,1,35,3,123,soja,20221113,20230409,147,6,6vxq,6vxq3,6vxq3h
426,1,1,2,1,soja,20231202,20240408,128,7,7n84,7n84c,7n84c9
52,1,17,98,3,soja,20221105,20230301,116,6,6ucx,6ucxz,6ucxzy
1019,261,64,44,1,soja,20231105,20240315,131,6,6yrn,6yrny,6yrnyx
1019,381,93,121,1,soja,20231118,20240403,137,6,6vxs,6vxs2,6vxs20
27,1,1,2,2,soja,20231117,20240317,121,6,6vzt,6vztt,6vztt9
27,1,1,2,2,soja,20231117,20240317,121,6,6vzt,6vztt,6vztt9
27,1,1,35,5,soja,20201110,20210325,135,6,6vzt,6vztj,6vztjp
27,1,1,35,5,soja,20201110,20210325,135,6,6vzt,6vztj,6vztjp
1019,261,64,252,1,soja,20241109,20250322,133,6,6yx0,6yx0w,6yx0wq
42,42,18,314,1,soja,20231118,20240402,136,6,6yrs,6yrsx,6yrsx8
42,42,18,314,1,soja,20231118,20240402,136,6,6yrs,6yrsx,6yrsx8
221,61,17,240,9,soja,20231126,20240319,114,6,6v11,6v118,6v118k
52,1,104,4513,1,soja,20201104,20210317,133,6,6v1c,6v1c2,6v1c2k
221,41,25,65,25,soja,20231016,20240221,128,6,6u07,6u07x,6u07xp
221,41,25,65,25,soja,20231016,20240221,128,6,6u07,6u07x,6u07xp
361,41,2,429,2,soja,20221122,20230315,113,6,6vxd,6vxd3,6vxd3d
238,61,1,15,1,soja,20211121,20220223,94,6,6trm,6trmq,6trmq7
1019,161,18,125,2,soja,20240925,20250113,110,6,6vzs,6vzs9,6vzs9x
425,41,2,3,1,soja,20231019,20240122,95,6,6tmy,6tmyc,6tmycw
52,1,108,4501,2,soja,20201112,20210329,137,6,6v18,6v18n,6v18nu
324,1,1,31,1,soja,20231108,20240312,125,6,6urm,6urmx,6urmxq
10,101,2,10,1,soja,20201123,20210225,94,6,6trh,6trh3,6trh36
360,1,871802,136,1683402,soja,20241008,20250224,139,6,6wrc,6wrcz,6wrczf
350,1,35,3,121,soja,20221118,20230407,140,6,6vxq,6vxq3,6vxq3h
1019,261,64,54,1,soja,20231101,20240216,107,6,6yrn,6yrnr,6yrnrr
221,1,5,50,10,soja,20231101,20240302,122,6,6u03,6u03n,6u03n8
221,1,5,50,10,soja,20231101,20240302,122,6,6u03,6u03n,6u03n8
52,1,56,4102,3,soja,20221023,20230301,129,6,6ucz,6ucz8,6ucz8r
27,1,1,121,4,soja,20231123,20240330,128,6,6vzt,6vzty,6vztyj
175,1,1,56,1,soja,20231108,20240224,108,6,6ym3,6ym3d,6ym3d2
278,1,18,4,14,soja,20231125,20240301,97,6,6y7s,6y7sq,6y7sqz
52,1,13,64,3,soja,20211027,20220301,125,6,6ucx,6ucxn,6ucxny
352,1,2,43,2,soja,20221210,20230505,146,7,7h0w,7h0wv,7h0wvn
392,61,20,14,2,soja,20251110,20260326,136,6,6gsk,6gskj,6gskjv
350,1,39,4,410,soja,20251108,20260404,147,6,6vxm,6vxmu,6vxmuv
315,1,1,4,12,soja,20221029,20230305,127,6,6vep,6vepc,6vepcw
52,1,53,494,3,soja,20201111,20210315,124,6,6ucx,6ucxr,6ucxrk
323,41,44940,24,1,soja,20221006,20230302,147,6,6udq,6udqh,6udqhu
1019,181,44,48,2,soja,20241026,20250224,121,6,6vfe,6vfex,6vfex3
1019,281,17,111,1,soja,20251020,20260209,112,6,6vx3,6vx3j,6vx3je
426,1,1,4,1,soja,20231202,20240425,145,7,7n84,7n84f,7n84f3
1019,1,72,42,2,soja,20231006,20240103,89,6,6ttb,6ttbv,6ttbvd
1019,341,23,27,1,soja,20231228,20240325,88,6,6yrs,6yrs2,6yrs27
374,1,1,19,10,soja,20251110,20260405,146,6,6yxd,6yxd3,6yxd31
36,1,1,27,3,soja,20201103,20210312,129,6,6v85,6v85f,6v85fk
374,1,8,4,8,soja,20241128,20250326,118,6,6yx7,6yx7v,6yx7v0
1019,181,44,2,2,soja,20241012,20250127,107,6,6vfe,6vfej,6vfejg
232,1,2,3,4,soja,20211015,20220202,110,6,6vbj,6vbju,6vbjud
425,41,2,17,1,soja,20231017,20240214,120,6,6tmy,6tmyb,6tmybu
30,81,4,284,1,soja,20221103,20230305,122,6,6ywc,6ywch,6ywch1
52,1,15,431,3,soja,20221101,20230314,133,6,6ucx,6ucxz,6ucxzc
30,1,1,113,1,soja,20201120,20210327,127,6,6yrn,6yrnv,6yrnvt
1019,181,44,10,2,soja,20241021,20250131,102,6,6vfe,6vfeq,6vfeqs
52,1,94,1422,3,soja,20211110,20220313,123,6,6ucw,6ucwy,6ucwyk
24,1,2001,223,1,soja,20201106,20210321,135,6,6uge,6uge2,6uge2m
1019,161,18,404,1,soja,20231101,20240307,127,6,6vzq,6vzq2,6vzq2j
315,61,3,9,11,soja,20231206,20240313,98,6,6vfr,6vfrt,6vfrts
1019,1,72,48,2,soja,20231101,20240115,75,6,6ttb,6ttbz,6ttbz0
1022,1,5,50,50,soja,20220122,20220506,104,6,6vre,6vreu,6vreuz
1019,161,18,131,2,soja,20231017,20240223,129,6,6vzt,6vzt1,6vzt15
52,1,22,216,3,soja,20211111,20220305,114,6,6ucx,6ucxx,6ucxxj
370,1,1,17,1,soja,20230209,20230524,104,6,6vng,6vngm,6vngmy
232,1,3,3,10,soja,20211027,20220301,125,6,6tzz,6tzzk,6tzzks
175,1,1,93,1,soja,20241106,20250304,118,6,6ym3,6ym3d,6ym3dd
320,1,1,4,1,soja,20221006,20230218,135,7,7h0w,7h0ws,7h0wsd
175,1,1,91,1,soja,20231119,20240319,121,6,6ym3,6ym3d,6ym3de
350,1,35,1,304,soja,20221101,20230311,130,6,6vxn,6vxnn,6vxnnz
1019,241,2,54,1,soja,20231005,20240123,110,6,6vn5,6vn5s,6vn5s5
329,1,1,1017,2,soja,20221028,20230301,124,6,6ytj,6ytjc,6ytjc5
52,1,4,1,1,soja,20211021,20220223,125,6,6v18,6v18n,6v18ny
232,1,2,5,13,soja,20211024,20220219,118,6,6vbj,6vbjd,6vbjd6
392,61,20,11,2,soja,20251112,20260325,133,6,6gsk,6gskj,6gskjy
444,1,1,3,23,soja,20240106,20240514,129,6,6f4x,6f4xu,6f4xut
232,1,3,5,4,soja,20211025,20220219,117,6,6tzz,6tzzh,6tzzh8
232,1,3,3,2,soja,20211001,20220109,100,6,6tzz,6tzzk,6tzzks
52,1,18,5720,2,soja,20201019,20210209,113,6,6ucz,6uczc,6uczcp
221,41,25,84,25,soja,20231012,20240216,127,6,6u07,6u07n,6u07np
52,1,17,86,3,soja,20221101,20230227,118,6,6v18,6v18p,6v18pc
309,1,1,8,1,soja,20251030,20260207,100,6,6trz,6trzf,6trzfb
466,1,1,12,1,soja,20241117,20250324,127,7,7n81,7n819,7n8198
466,1,1,12,1,soja,20241117,20250324,127,7,7n81,7n819,7n8198
52,1,78,3400,3,soja,20201216,20210417,122,6,6ucw,6ucwe,6ucwev
1019,421,74,175,1,soja,20231004,20240114,102,6,6tqy,6tqyv,6tqyvz
444,1,1,16,18,soja,20231205,20240509,156,6,6f4x,6f4xs,6f4xs2
52,1,15,429,2,soja,20201205,20210324,109,6,6ucx,6ucxx,6ucxxz
278,1,18,2,2,soja,20221001,20230202,124,6,6y7s,6y7sr,6y7srv
392,61,20,14,1,soja,20250925,20260209,137,6,6gsk,6gskj,6gskjv
444,1,1,10,12,soja,20241231,20250502,122,6,6f4x,6f4xe,6f4xeq
209,1,6,136,6,soja,20221102,20230310,128,6,6uu4,6uu4t,6uu4tm
42,101,60,13,1,soja,20251210,20260405,116,6,6yxv,6yxvx,6yxvxt
27,1,1,11,4,soja,20211119,20220326,127,6,6vzt,6vztu,6vztug
30,101,5,92,1,soja,20231119,20240314,116,6,6yxj,6yxjc,6yxjc2
444,1,1,5,12,soja,20250125,20250503,98,6,6f4x,6f4xv,6f4xvj
51,1,8,14,1,soja,20201101,20210322,141,6,6vzk,6vzk0,6vzk0q
10,1,1,96,1,soja,20231110,20240309,120,6,6tqt,6tqtc,6tqtc3
182,161,1,7,3,soja,20251106,20260303,117,6,6vxk,6vxk6,6vxk6c
240,1,1,13,1,soja,20220112,20220504,112,7,7nb3,7nb3m,7nb3m6
52,1,4,4,1,soja,20201019,20210219,123,6,6v18,6v18r,6v18r8
1019,181,44,17,2,soja,20241014,20250201,110,6,6vfd,6vfdy,6vfdy7
10,1,1,95,1,soja,20230916,20240106,112,6,6tqt,6tqtb,6tqtbc
278,1,18,2,17,soja,20241118,20250327,129,6,6y7s,6y7sr,6y7srv
27,1,1,26,5,soja,20201116,20210407,142,6,6vzt,6vztx,6vztxd
42,103,59,4,1,soja,20251112,20260408,147,6,6yrq,6yrqw,6yrqwc
42,103,59,4,1,soja,20251112,20260408,147,6,6yrq,6yrqw,6yrqwc
10,161,5,37,2,soja,20221201,20230315,104,6,6tye,6tyec,6tyecp
4,83,5,8,1,soja,20211023,20220216,116,6,6v87,6v87u,6v87ut
1019,141,8,78,2,soja,20251011,20260318,158,6,6yqz,6yqzf,6yqzfg
221,1,2,13,6,soja,20211012,20220214,125,6,6u02,6u02w,6u02w0
367,61,2,13,1,soja,20241017,20250222,128,6,6v9w,6v9w1,6v9w12
444,1,1,3,11,soja,20250109,20250507,118,6,6f4x,6f4xu,6f4xut
444,1,1,12,6,soja,20240104,20240601,149,6,6f4x,6f4xg,6f4xg8
1019,281,17,131,1,soja,20250923,20260126,125,6,6vx2,6vx2v,6vx2vy
52,1,100,4902,2,soja,20201221,20210416,116,6,6ucx,6ucxw,6ucxw4
320,1,1,12,1,soja,20221018,20230317,150,7,7h0w,7h0ws,7h0wsu
42,42,18,314,1,soja,20231118,20240402,136,6,6yrs,6yrsx,6yrsx8
42,42,18,314,1,soja,20231118,20240402,136,6,6yrs,6yrsx,6yrsx8
1019,201,62,146,2,soja,20231001,20240111,102,6,6tx2,6tx23,6tx23j
278,1,18,3,2,soja,20221001,20230127,118,6,6y7g,6y7gc,6y7gce
253,1,1,12,1,soja,20211112,20220318,126,6,6yrf,6yrfg,6yrfg2
175,62,2,30,1,soja,20211025,20220213,111,6,6yk9,6yk9s,6yk9s1
232,1,3,2,9,soja,20211021,20220203,105,6,6tzz,6tzzq,6tzzq0
460,62,5,19,1,soja,20250926,20260113,109,6,6vxz,6vxz7,6vxz7p
232,1,1,1,6,soja,20210923,20220103,102,6,6vbt,6vbtm,6vbtmg
52,1,98,3703,2,soja,20221125,20230330,125,6,6ucz,6ucz0,6ucz03
27,1,1,9,4,soja,20211117,20220402,136,6,6vzt,6vzts,6vztsz
52,1,101,5120,3,soja,20201209,20210420,132,6,6ucx,6ucxk,6ucxkz
436,82,5,159,1,soja,20251120,20260206,78,6,6vxx,6vxxj,6vxxjm
350,1,35,3,121,soja,20221118,20230407,140,6,6vxq,6vxq3,6vxq3h
436,83,6,83,1,soja,20251017,20260125,100,6,6vzm,6vzm3,6vzm3w
275,1,200,9,1,soja,20231001,20240206,128,6,6uge,6ugeu,6ugeuz
1019,241,2,301,3,soja,20241018,20250211,116,6,6vng,6vngz,6vngzx
1019,101,6,43,1,soja,20231006,20240128,114,6,6uf0,6uf0y,6uf0yg
1019,261,64,74,1,soja,20231109,20240309,121,6,6yrn,6yrny,6yrny5
42,102,61,19,1,soja,20251126,20260324,118,6,6yrh,6yrhc,6yrhce
444,1,1,2,33,soja,20251217,20260505,139,6,6f4x,6f4xe,6f4xev
331,41,1,36,1,soja,20221103,20230315,132,6,6gcw,6gcwm,6gcwm8
401,1,1,31,2,soja,20231124,20240321,118,6,6zmn,6zmnx,6zmnx5
52,1,114,5687,2,soja,20211028,20220314,137,6,6ucz,6uczn,6uczn5
52,1,93,1308,3,soja,20201201,20210401,121,6,6ucx,6ucxj,6ucxj4
39,1,15,15129,6,soja,20201210,20210428,139,6,6dxh,6dxh6,6dxh6c
1019,261,64,66,1,soja,20231023,20240220,120,6,6yrn,6yrny,6yrny3
324,1,1,10,1,soja,20221118,20230317,119,6,6urt,6urt8,6urt8n
27,1,1,14,5,soja,20201118,20210326,128,6,6vzt,6vzts,6vzts5
15,41,2,34,1,soja,20241018,20250124,98,6,6vxy,6vxyq,6vxyqb
42,101,60,3,1,soja,20251202,20260408,127,6,6yxv,6yxvw,6yxvwq
1019,201,62,121,3,soja,20231026,20240216,113,6,6tx2,6tx26,6tx26u
392,61,20,7,2,soja,20251107,20260319,132,6,6gsk,6gskj,6gskjw
392,41,21,16,2,soja,20241222,20250415,114,6,6ywk,6ywk9,6ywk91
315,1,1,26,13,soja,20221018,20230302,135,6,6vf8,6vf8e,6vf8e0
278,1,18,8,5,soja,20221208,20230417,130,6,6y7u,6y7u1,6y7u1t
221,41,25,22,25,soja,20231021,20240216,118,6,6u07,6u07s,6u07sp
221,41,25,22,25,soja,20231021,20240216,118,6,6u07,6u07s,6u07sp
175,1,1,33,1,soja,20231101,20240303,123,6,6ym3,6ym3d,6ym3d4
1019,81,83,125,1,soja,20231010,20240207,120,6,6udt,6udt3,6udt3g
278,1,18,10,3,soja,20230930,20240115,107,6,6y7e,6y7ez,6y7ezh
1019,221,39,212,1,soja,20241024,20250219,118,6,6tzy,6tzyb,6tzyb4
1019,221,39,143,1,soja,20231021,20240207,109,6,6tzv,6tzvz,6tzvze
444,1,1,7,6,soja,20240105,20240601,148,6,6f4x,6f4xs,6f4xs7
331,41,1,35,1,soja,20221106,20230321,135,6,6gcw,6gcwm,6gcwm3
1019,221,39,214,2,soja,20231109,20240222,105,6,6tzy,6tzy8,6tzy8n
36,1,1,11,1,soja,20201022,20210207,108,6,6v85,6v85g,6v85g6
240,1,1,26,1,soja,20220112,20220401,79,7,7nb3,7nb3m,7nb3my
361,1,1,323,1,soja,20230509,20230809,92,6,6vus,6vuss,6vussj
315,1,1,19,12,soja,20221020,20230210,113,6,6vf8,6vf87,6vf87q
1019,141,8,57,1,soja,20231025,20240228,126,6,6yqx,6yqxx,6yqxxf
52,1,14,413,3,soja,20201120,20210405,136,6,6ucx,6ucxr,6ucxrd
221,1,2,17,1,soja,20211019,20220301,133,6,6u02,6u02x,6u02x2
175,1,1,59,1,soja,20231116,20240328,133,6,6ym3,6ym3c,6ym3cg
1019,281,17,36,1,soja,20231118,20240413,147,6,6vx9,6vx90,6vx906
278,1,18,15,7,soja,20231116,20240312,117,6,6y7s,6y7sx,6y7sx7
221,1,6,61,11,soja,20231212,20240402,112,6,6u02,6u02z,6u02z4
30,101,5,21,1,soja,20231117,20240318,122,6,6yxj,6yxjb,6yxjbn
52,1,116,5703,3,soja,20211206,20220402,117,6,6ucx,6ucxk,6ucxk7
52,1,121,5772,4,soja,20201201,20210416,136,6,6ucz,6ucz5,6ucz55
327,41,401,3,4,soja,20231227,20240413,108,6,6yrf,6yrfs,6yrfs2
313,41,1,5,3,soja,20241108,20250314,126,6,6udv,6udvm,6udvmq
179,1,1,1,1,soja,20201119,20210401,133,7,7n84,7n846,7n8464
52,1,52,3203,2,soja,20221201,20230411,131,6,6ucz,6ucz1,6ucz11
350,1,35,4,405,soja,20231117,20240402,137,6,6vxn,6vxnx,6vxnxf
175,1,1,89,4,soja,20211025,20220301,127,6,6ym3,6ym3c,6ym3cg
52,1,86,855,1,soja,20251127,20260401,125,6,6v1b,6v1bv,6v1bv0
444,1,1,6,14,soja,20240103,20240526,144,6,6f4x,6f4xe,6f4xef
42,1,1102,151,1,soja,20231109,20240307,119,6,6yxb,6yxb4,6yxb41
51,1,8,16,1,soja,20201108,20210307,119,6,6vzk,6vzk3,6vzk31
27,1,1,221,3,soja,20231101,20240321,141,6,6vzt,6vztx,6vztxp
327,41,401,4,4,soja,20231226,20240409,105,6,6yrf,6yrfj,6yrfj4
360,61,572302,3969148702,572802,soja,20231007,20240216,132,6,6ucq,6ucqm,6ucqm0
52,1,89,1202,1,soja,20221028,20230316,139,6,6v1b,6v1b0,6v1b02
1019,381,93,149,1,soja,20231018,20240301,135,6,6vxs,6vxs2,6vxs23
1019,161,18,507,3,soja,20231101,20240318,138,6,6vz5,6vz5f,6vz5fk
232,1,2,1,8,soja,20211019,20220204,108,6,6vbj,6vbju,6vbju0
436,81,4,71,1,soja,20251024,20260209,108,6,6yxf,6yxfw,6yxfw5
350,1,35,3,404,soja,20231116,20240401,137,6,6vxq,6vxq3,6vxq3h
1019,381,93,237,2,soja,20240110,20240410,91,6,6vxk,6vxkq,6vxkqq
278,1,18,7,6,soja,20221207,20230414,128,6,6y7u,6y7u0,6y7u0v
30,62,4,355,1,soja,20211024,20220215,114,6,6ywb,6ywb8,6ywb8x
425,1,1,12,1,soja,20231107,20240309,123,7,7n81,7n818,7n8185
27,1,1,30,5,soja,20201116,20210404,139,6,6vzt,6vzth,6vzthz
35,1050,2,27,2,soja,20211018,20220218,123,6,6tw1,6tw1c,6tw1cb
267,1,1,4,6,soja,20221018,20230203,108,6,6tw4,6tw4r,6tw4rf
329,1,1,1007,1,soja,20221018,20230208,113,6,6ytj,6ytjb,6ytjb7
350,1,35,2,108,soja,20221209,20230326,107,6,6vxq,6vxq2,6vxq2d
1019,401,77,211,2,soja,20231006,20240226,143,6,6trv,6trvy,6trvys
487,1,3,2,2,soja,20241017,20250207,113,6,6vqn,6vqnt,6vqntd
413,1,2,3,8,soja,20231015,20240201,109,6,6vbj,6vbju,6vbjud
52,1,57,613,2,soja,20201210,20210410,121,6,6ucz,6ucz9,6ucz9j
1019,181,44,252,2,soja,20251107,20260321,134,6,6vfg,6vfgh,6vfghf
253,1,1,8,8,soja,20221122,20230413,142,6,6yrf,6yrfg,6yrfg1
1019,161,18,128,2,soja,20231012,20240205,116,6,6vzt,6vzt0,6vzt0f
284,1,2,4,2,soja,20221122,20230417,146,7,7h0w,7h0wu,7h0wuz
392,61,20,1,1,soja,20251015,20260204,112,6,6gsm,6gsmk,6gsmkp
1019,441,70,2312,3,soja,20241016,20250227,134,6,6wpc,6wpch,6wpchu
253,1,1,13,3,soja,20221108,20230222,106,6,6yrf,6yrfg,6yrfgs
221,62,21,7,1,soja,20231213,20240330,108,6,6u95,6u95h,6u95h6
390,1,9,3,1,soja,20231103,20240307,125,6,6vjd,6vjd9,6vjd9y
444,1,1,5,21,soja,20241122,20250423,152,6,6f4x,6f4xv,6f4xvj
277,1,1,4,2,soja,20221106,20230325,139,6,6vz8,6vz86,6vz86c
331,41,1,38,1,soja,20221103,20230316,133,6,6gcw,6gcwj,6gcwjw
392,61,20,10,1,soja,20250920,20260209,142,6,6gsm,6gsms,6gsms6
361,1,1,389,1,soja,20230526,20230914,111,6,6vus,6vusm,6vusmz
1019,421,74,112,1,soja,20231012,20240215,126,6,6tqz,6tqzk,6tqzkr
1019,281,17,125,1,soja,20251201,20260301,90,6,6vx3,6vx3n,6vx3ny
1019,101,6,26,1,soja,20231020,20240220,123,6,6uf0,6uf0k,6uf0kd
10,1,1,156,1,soja,20231009,20240312,155,6,6tqt,6tqt9,6tqt9g
127,1,4,126,4,soja,20251129,20260421,143,6,6vnz,6vnz0,6vnz0x
182,41,29,6,1,soja,20211110,20220317,127,6,6vzp,6vzpc,6vzpcs
444,1,1,10,17,soja,20231231,20240517,138,6,6f4x,6f4xe,6f4xeq
10,161,5,43,2,soja,20221112,20230303,111,6,6tye,6tye8,6tye8v
30,101,5,91,1,soja,20231117,20240311,115,6,6yxj,6yxjb,6yxjbb
27,1,1,25,2,soja,20201124,20210412,139,6,6vzt,6vztx,6vztxv
1019,381,93,207,2,soja,20231207,20240419,134,6,6vxk,6vxkq,6vxkqd
1019,241,2,43,1,soja,20231127,20240227,92,6,6vnh,6vnh5,6vnh57
52,1,47,464,1,soja,20251108,20260313,125,6,6v18,6v18p,6v18p3
221,41,25,44,25,soja,20231101,20240305,125,6,6u07,6u07t,6u07tt
221,61,20,249,4,soja,20231123,20240418,147,6,6v0c,6v0cq,6v0cqe
402,1,4,2,1,soja,20231001,20240119,110,6,6ttu,6ttup,6ttup0
239,1,1,50,10,soja,20211022,20220222,123,6,6y13,6y130,6y130m
52,1,13,69,3,soja,20211026,20220301,126,6,6ucx,6ucxn,6ucxnz
444,1,1,2,4,soja,20250111,20250506,115,6,6f4x,6f4xe,6f4xev
256,1,1,7,1,soja,20211102,20220217,107,6,6vcq,6vcqj,6vcqjk
232,1,2,2,7,soja,20211021,20220205,107,6,6vbj,6vbju,6vbju3
436,81,4,68,1,soja,20251126,20260217,83,6,6yxf,6yxfq,6yxfqx
27,1,1,18,4,soja,20201124,20210412,139,6,6vzt,6vztw,6vztwy
27,1,1,18,4,soja,20201124,20210412,139,6,6vzt,6vztw,6vztwy
52,1,33,305,2,soja,20201104,20210311,127,6,6ucx,6ucxy,6ucxyr
278,1,18,3,4,soja,20231101,20240326,146,6,6y7g,6y7gc,6y7gce
313,41,1,1,1,soja,20241105,20250321,136,6,6uej,6uejb,6uejbj
177,61,5,28,1,soja,20221205,20230310,95,6,6ywb,6ywbr,6ywbry
353,41,1,5,2,soja,20241010,20250213,126,6,6tv0,6tv0r,6tv0rm
1019,221,39,236,3,soja,20231006,20240108,94,6,6tzv,6tzvc,6tzvcv
398,1,1,16,16,soja,20231215,20240318,94,6,6vs0,6vs07,6vs07k
52,1,82,702,2,soja,20201019,20210217,121,6,6v1b,6v1b1,6v1b1m
315,41,2,3,1,soja,20221008,20230221,136,6,6v0t,6v0tm,6v0tmu
52,1,57,620,2,soja,20201211,20210411,121,6,6ucz,6ucz9,6ucz9m
42,103,59,19,1,soja,20251125,20260414,140,6,6yrw,6yrw2,6yrw2w
42,103,59,19,1,soja,20251125,20260414,140,6,6yrw,6yrw2,6yrw2w
1019,201,62,84,1,soja,20231101,20240226,117,6,6trp,6trpw,6trpwm
400,1,7,3,1,soja,20241029,20250125,88,6,6txv,6txvu,6txvu7
1019,421,74,122,1,soja,20231017,20240110,85,6,6tqz,6tqzt,6tqztw
1019,81,83,112,1,soja,20230929,20240112,105,6,6udt,6udt7,6udt7k
24,1,2001,210,1,soja,20201118,20210320,122,6,6uge,6uge0,6uge0p
281,1,1,13,2,soja,20221003,20230115,104,6,6y38,6y386,6y386c
10,1,1,232,1,soja,20231010,20240204,117,6,6tqm,6tqmt,6tqmtt
382,1,1,17,5,soja,20241017,20250221,127,6,6ugh,6ugh6,6ugh6z
52,1,110,5603,2,soja,20211117,20220402,136,6,6ucz,6ucz1,6ucz1g
52,1,93,1312,3,soja,20201201,20210401,121,6,6ucx,6ucxh,6ucxhb
177,41,103,1,2,soja,20201108,20210322,134,6,6yrd,6yrd8,6yrd8x
1019,201,62,89,1,soja,20231030,20240123,85,6,6tx0,6tx0m,6tx0mq
52,1,996,2908,4,soja,20201014,20210201,110,6,6ufp,6ufp3,6ufp3s
221,63,22,11,2,soja,20231207,20240320,104,6,6v45,6v458,6v458h
350,1,39,4,403,soja,20251124,20260422,149,6,6vxm,6vxmu,6vxmuv
1019,241,2,211,3,soja,20231116,20240305,110,6,6vnu,6vnu7,6vnu7q
52,1,53,500,3,soja,20201112,20210327,135,6,6ucx,6ucxr,6ucxrr
444,1,1,1,33,soja,20251216,20260505,140,6,6f4x,6f4xu,6f4xu4
436,83,6,120,2,soja,20251022,20260221,122,6,6vzk,6vzkd,6vzkdj
444,1,1,4,21,soja,20241221,20250423,123,6,6f4x,6f4xu,6f4xuv
42,103,59,20,1,soja,20251125,20260410,136,6,6yrw,6yrw2,6yrw27
42,103,59,20,1,soja,20251125,20260410,136,6,6yrw,6yrw2,6yrw27
402,1,3,5,1,soja,20231023,20240227,127,6,6ttv,6ttvr,6ttvrt
324,1,1,4,1,soja,20221120,20230323,123,6,6urm,6urmx,6urmxg
30,41,2,23,1,soja,20201223,20210403,101,6,6yx8,6yx8e,6yx8e5
1019,241,2,205,3,soja,20231030,20240222,115,6,6vnu,6vnud,6vnud2
1019,221,39,217,2,soja,20231023,20240219,119,6,6tzw,6tzwx,6tzwxx
327,41,401,7,1,soja,20231205,20240323,109,6,6yrf,6yrfs,6yrfse
52,1,12,56,3,soja,20211104,20220221,109,6,6ucx,6ucxw,6ucxw9
392,1,15,134,2,soja,20231119,20240312,114,6,6yrj,6yrj2,6yrj2c
36,1,2,1,1,soja,20201024,20210306,133,6,6v85,6v85u,6v85uh
221,41,25,43,25,soja,20231115,20240311,117,6,6u07,6u07t,6u07th
360,61,572302,1618102,572802,soja,20231025,20240223,121,6,6ucq,6ucqk,6ucqk6
255,63,6,114,60,soja,20241017,20250302,136,6,6gbt,6gbt1,6gbt1n
256,1,1,20,1,soja,20221027,20230224,120,6,6vcm,6vcmu,6vcmuc
281,1,1,12,1,soja,20221006,20230118,104,6,6y38,6y386,6y386u
52,1,121,5771,4,soja,20201201,20210414,134,6,6ucz,6ucz5,6ucz54
1019,441,70,2352,3,soja,20241027,20250227,123,6,6wpc,6wpck,6wpcky
436,61,3,22,1,soja,20241020,20250222,125,6,6vzx,6vzx1,6vzx12
239,1,1,28,1,soja,20211014,20220216,125,6,6y11,6y11x,6y11xh
1019,421,74,134,1,soja,20231030,20240301,123,6,6tqz,6tqzw,6tqzwm
370,1,1,7,1,soja,20230303,20230612,101,6,6vng,6vngw,6vngw2
221,61,17,239,9,soja,20231208,20240422,136,6,6v11,6v118,6v118h
221,61,17,239,9,soja,20231208,20240422,136,6,6v11,6v118,6v118h
184,1,1,22,1,soja,20201213,20210307,84,6,6yx9,6yx9t,6yx9tq
52,1,101,5121,3,soja,20201208,20210402,115,6,6ucx,6ucxm,6ucxmj
331,41,1,13,1,soja,20221003,20230219,139,6,6gcw,6gcwq,6gcwqj
331,41,1,13,1,soja,20221003,20230219,139,6,6gcw,6gcwq,6gcwqj
10,101,2,34,2,soja,20201202,20210319,107,6,6trh,6trh8,6trh8m
15,1,1,2,5,soja,20201202,20210417,136,6,6vx7,6vx7h,6vx7hs
444,1,1,25,18,soja,20240110,20240516,127,6,6f4x,6f4xu,6f4xu1
392,61,20,26,1,soja,20250919,20260202,136,6,6gsm,6gsmk,6gsmkr
460,63,8,6,1,soja,20251108,20260416,159,6,6vrw,6vrw3,6vrw3r
353,1,2,30,1,soja,20221017,20230209,115,6,6twq,6twqm,6twqmp
30,101,5,33,1,soja,20231120,20240326,127,6,6ywv,6ywvz,6ywvzv
52,1,94,1401,3,soja,20201211,20210410,120,6,6ucw,6ucwt,6ucwt5
52,1,103,4568,1,soja,20221201,20230427,147,6,6v1c,6v1cs,6v1cs4
221,41,25,52,25,soja,20231101,20240303,123,6,6u07,6u07w,6u07wj
27,1,1,3,4,soja,20211118,20220401,134,6,6vzt,6vztv,6vztv8
49,2,2,60,4,soja,20241218,20250309,81,6,6vff,6vffs,6vffsd
1019,181,44,36,2,soja,20241022,20250209,110,6,6vfe,6vfer,6vferz
1019,321,46,151,1,soja,20231101,20240318,138,6,6vxm,6vxmy,6vxmyq
255,61,2,801,80,soja,20240109,20240330,81,6,6tsr,6tsrh,6tsrh1
15,1,1,4,6,soja,20251127,20260418,142,6,6vx7,6vx7k,6vx7k9
1019,241,2,39,1,soja,20241016,20250210,117,6,6vnh,6vnhh,6vnhh1
39,1,15,15771,7,soja,20241204,20250411,128,6,6dxh,6dxhk,6dxhkm
315,1,1,21,12,soja,20221026,20230224,121,6,6vf8,6vf8g,6vf8g6
1019,201,62,51,1,soja,20231001,20240117,108,6,6trp,6trpv,6trpvk
323,41,44940,17,1,soja,20221004,20230209,128,6,6udq,6udqh,6udqhv
466,1,1,17,1,soja,20241203,20250401,119,6,6yxb,6yxby,6yxbyu
10,101,2,38,2,soja,20201124,20210317,113,6,6trh,6trhb,6trhb4
1019,161,18,215,1,soja,20231117,20240326,130,6,6vzj,6vzjw,6vzjw8
425,41,2,6,1,soja,20230927,20240205,131,6,6tmy,6tmyc,6tmycp
1019,81,83,209,2,soja,20231026,20240305,131,6,6udt,6udtf,6udtfj
374,1,8,5,8,soja,20241128,20250326,118,6,6yx7,6yx7v,6yx7v0
221,1,2,16,11,soja,20211018,20220216,121,6,6u02,6u02w,6u02wf
175,1,1,14,1,soja,20231109,20240313,125,6,6ym3,6ym33,6ym33z
360,61,572302,1614002,572802,soja,20231008,20240201,116,6,6ucq,6ucqk,6ucqk8
52,1,996,2913,2,soja,20221022,20230317,146,6,6ufp,6ufp6,6ufp6v
10,1,1,102,1,soja,20231023,20240306,135,6,6tqt,6tqtf,6tqtfm
42,1,1102,95,1,soja,20221206,20230415,130,6,6yxb,6yxb4,6yxb4h
221,1,2,22,5,soja,20211118,20220316,118,6,6u02,6u02w,6u02w3
350,1,39,2,412,soja,20251108,20260403,146,6,6vxm,6vxmu,6vxmud
278,1,18,10,5,soja,20221215,20230419,125,6,6y7e,6y7ez,6y7ezh
221,41,24,12,24,soja,20231221,20240402,103,6,6u0k,6u0k4,6u0k4b
444,1,1,2,9,soja,20250110,20250506,116,6,6f4x,6f4xe,6f4xev
15,1,1,6,4,soja,20201203,20210409,127,6,6vx4,6vx4z,6vx4zw
221,63,22,3,2,soja,20231201,20240405,126,6,6v45,6v452,6v452p
52,1,109,506,2,soja,20211204,20220327,113,6,6ucz,6uczf,6uczf4
221,1,2,21,5,soja,20211116,20220310,114,6,6u02,6u02q,6u02qx
177,61,5,21,1,soja,20221101,20230227,118,6,6ywb,6ywbr,6ywbrn
403,1,4,6,1,soja,20240502,20240914,135,6,6yhe,6yhe3,6yhe39
359,1,1,15,1,soja,20221203,20230411,129,7,7n8j,7n8jk,7n8jkd
176,41,7,709,1,soja,20221111,20230322,131,6,6vdu,6vduf,6vduf7
324,1,1,7,1,soja,20221003,20230202,122,6,6urt,6urt8,6urt8h
52,1,47,462,2,soja,20201105,20210308,123,6,6v18,6v18p,6v18ps
460,62,5,20,1,soja,20251110,20260129,80,6,6vxz,6vxze,6vxze0
52,1,103,4564,1,soja,20211202,20220414,133,6,6v1c,6v1cs,6v1csq
42,1,1102,91,1,soja,20211117,20220406,140,6,6yx8,6yx8n,6yx8ng
1019,161,18,122,2,soja,20240925,20250106,103,6,6vzs,6vzsc,6vzsc2
379,61,4001,205,4,soja,20231127,20240412,137,6,6gk6,6gk6h,6gk6hw
379,61,4001,212,4,soja,20231208,20240419,133,6,6gk6,6gk67,6gk67b
52,1,53,494,3,soja,20201111,20210315,124,6,6ucx,6ucxr,6ucxrk
1019,241,2,111,2,soja,20231116,20240314,119,6,6vjc,6vjcv,6vjcvw
460,1,2,13,23,soja,20241016,20250301,136,6,6vx2,6vx2m,6vx2mx
52,1,4,6,1,soja,20201021,20210220,122,6,6v18,6v18r,6v18rf
350,1,35,2,107,soja,20221106,20230328,142,6,6vxq,6vxq2,6vxq2d
1019,241,2,216,3,soja,20231116,20240308,113,6,6vjf,6vjfn,6vjfnh
1019,281,17,114,1,soja,20251022,20260210,111,6,6vx3,6vx3n,6vx3nx
253,1,3,7,1,soja,20221112,20230323,131,6,6yrg,6yrgx,6yrgxn
42,103,59,2,1,soja,20251126,20260404,129,6,6yrq,6yrqx,6yrqxw
42,103,59,2,1,soja,20251126,20260404,129,6,6yrq,6yrqx,6yrqxw
36,1,1,14,1,soja,20201022,20210207,108,6,6v85,6v85g,6v85ge
1019,1,72,105,1,soja,20231002,20240112,102,6,6tw0,6tw07,6tw07s
221,1,6,56,11,soja,20231213,20240405,114,6,6u02,6u02w,6u02wz
24,1,1001,5,1,soja,20241101,20250305,124,6,6uge,6ugem,6ugem3
52,1,106,4519,1,soja,20201103,20210316,133,6,6v19,6v19x,6v19xm
466,1,1,43,1,soja,20241127,20250319,112,7,7n81,7n810,7n810e
468,1,1,1,1,soja,20241216,20250406,111,6,6ys8,6ys8j,6ys8j4
1019,543,11,310,2,soja,20251104,20260213,101,6,6yk0,6yk05,6yk056
42,103,59,16,1,soja,20251122,20260412,141,6,6yrw,6yrw8,6yrw82
1019,161,18,401,1,soja,20231107,20240310,124,6,6vzq,6vzq2,6vzq2d
51,1,8,25,1,soja,20201101,20210311,130,6,6vzk,6vzk1,6vzk1p
52,1,47,462,2,soja,20201105,20210308,123,6,6v18,6v18p,6v18ps
466,1,1,9,1,soja,20241117,20250329,132,7,7n81,7n813,7n813j
466,1,1,9,1,soja,20241117,20250329,132,7,7n81,7n813,7n813j
232,1,3,1,3,soja,20211027,20220115,80,6,6tzy,6tzyk,6tzykt
42,42,1101,222,1,soja,20231107,20240310,124,6,6yru,6yru6,6yru6x
221,61,16,210,8,soja,20231206,20240412,128,6,6v0c,6v0cw,6v0cw9
52,1,86,848,1,soja,20201125,20210326,121,6,6v1c,6v1cj,6v1cjb
1019,181,44,4,2,soja,20241011,20250123,104,6,6vfe,6vfej,6vfejy
1019,521,500,18,1,soja,20251014,20260211,120,6,6vfk,6vfk5,6vfk5u
379,41,5001,16,1,soja,20231129,20240310,102,6,6vxd,6vxd4,6vxd49
1019,441,70,106,1,soja,20231019,20240223,127,6,6wpb,6wpbq,6wpbq1
278,1,18,3,1,soja,20231123,20240322,120,6,6y7g,6y7gc,6y7gce
329,1,1,1048,3,soja,20231201,20240405,126,6,6ytj,6ytjb,6ytjbx
299,1,6,6,1,soja,20221015,20230209,117,6,6y0x,6y0xb,6y0xb7
52,1,107,4533,1,soja,20211209,20220406,118,6,6v1f,6v1f0,6v1f00
413,1,2,8,6,soja,20231004,20240111,99,6,6vbj,6vbj5,6vbj5w
52,1,114,5950,2,soja,20221116,20230402,137,6,6ucz,6uczn,6uczn2
52,1,18,444,2,soja,20201113,20210409,147,6,6ucz,6uczc,6uczc5
400,1,4,2,1,soja,20241022,20250126,96,6,6tzb,6tzbu,6tzbuj
52,1,5,409,1,soja,20201029,20210226,120,6,6v1b,6v1b8,6v1b86
1022,1,5,5,5,soja,20211026,20220310,135,6,6vre,6vref,6vrefu
177,61,5,66,4,soja,20221220,20230503,134,6,6yx0,6yx0b,6yx0b8
221,1,11,93,12,soja,20231108,20240310,123,6,6u09,6u091,6u0918
176,1,8,804,1,soja,20211122,20220312,110,6,6ubu,6ubux,6ubuxw
221,61,16,224,8,soja,20231211,20240404,115,6,6v0c,6v0cx,6v0cxr
1019,301,10,35,1,soja,20241101,20250308,127,6,6vx5,6vx5s,6vx5s6
392,41,21,12,1,soja,20241213,20250326,103,6,6ywk,6ywk8,6ywk86
1019,543,11,330,2,soja,20251029,20260224,118,6,6yhp,6yhpe,6yhpe9
52,1,79,3506,1,soja,20201107,20210315,128,6,6ucz,6uczd,6uczdx
24,1,1001,4,1,soja,20241101,20250304,123,6,6ugd,6ugdu,6ugdu9
27,1,1,101,4,soja,20231108,20240331,144,6,6vzt,6vztv,6vztvc
221,41,25,47,25,soja,20231010,20240205,118,6,6u07,6u07v,6u07v9
1019,381,93,214,2,soja,20241018,20250214,119,6,6vxs,6vxs8,6vxs84
52,1,114,5672,4,soja,20201204,20210412,129,6,6ucy,6ucyu,6ucyuw
392,61,20,20,1,soja,20250924,20260211,140,6,6gsm,6gsms,6gsmsh
327,41,401,4,2,soja,20231106,20240314,129,6,6yrf,6yrfj,6yrfj4
221,1,1,8,22,soja,20231023,20240202,102,6,6u02,6u02r,6u02ry
352,1,1,13,1,soja,20221216,20230511,146,7,7h0w,7h0wt,7h0wt8
36,1,1,21,2,soja,20200917,20210112,117,6,6v85,6v85g,6v85g6
221,41,25,93,25,soja,20231105,20240315,131,6,6u07,6u07s,6u07s9
15,1,1,82,1,soja,20251126,20260422,147,6,6vx6,6vx62,6vx62k
238,61,1,227,4,soja,20211203,20220322,109,6,6trt,6trtb,6trtbf
1019,301,10,16,1,soja,20231116,20240319,124,6,6vx5,6vx5v,6vx5vd
239,1,1,26,1,soja,20211013,20220209,119,6,6y11,6y11w,6y11ww
15,41,2,56,1,soja,20241027,20250222,118,6,6vxv,6vxvu,6vxvu2
27,1,1,1,5,soja,20201104,20210324,140,6,6vzt,6vztt,6vzttt
52,1,86,825,1,soja,20201201,20210321,110,6,6v1b,6v1bu,6v1bug
256,1,1,16,1,soja,20211101,20220301,120,6,6vcm,6vcmv,6vcmv5
256,1,1,23,1,soja,20211015,20220205,113,6,6vcm,6vcmx,6vcmxq
275,1,100,15,1,soja,20231001,20240124,115,6,6ugs,6ugse,6ugsef
1019,201,62,85,1,soja,20231030,20240307,129,6,6tx0,6tx0k,6tx0k9
27,1,1,36,5,soja,20201110,20210407,148,6,6vzt,6vztj,6vztjj
27,1,1,36,5,soja,20201110,20210407,148,6,6vzt,6vztj,6vztjj
1019,381,93,227,2,soja,20240109,20240411,93,6,6vxk,6vxkw,6vxkwu
1019,381,93,135,1,soja,20231002,20240122,112,6,6vx7,6vx7z,6vx7zr
379,61,4001,202,4,soja,20231126,20240411,137,6,6gk6,6gk6h,6gk6hx
177,41,103,5,1,soja,20201118,20210408,141,6,6yrd,6yrdb,6yrdbc
52,1,77,3303,3,soja,20201101,20210304,123,6,6v18,6v18m,6v18m3
52,1,22,214,3,soja,20211124,20220306,102,6,6ucx,6ucxx,6ucxx7
52,1,50,473,4,soja,20201108,20210327,139,6,6ucz,6ucz9,6ucz98
253,1,3,2,1,soja,20221110,20230320,130,6,6yrg,6yrgw,6yrgwe
361,41,2,431,2,soja,20221121,20230403,133,6,6vxd,6vxd0,6vxd0u
52,1,51,481,2,soja,20221128,20230326,118,6,6ucz,6ucz0,6ucz0d
42,1,1102,248,1,soja,20231117,20240310,114,7,7n80,7n801,7n801q
42,1,1102,248,1,soja,20231117,20240310,114,7,7n80,7n801,7n801q
52,1,14,419,3,soja,20201110,20210313,123,6,6ucx,6ucxr,6ucxr5
444,1,1,1,21,soja,20241123,20250423,151,6,6f4x,6f4xu,6f4xu4
327,1,402,25,1,soja,20221012,20230201,112,6,6vrw,6vrw7,6vrw70
360,1,871802,109,584594602,soja,20241017,20250123,98,6,6y24,6y247,6y247j
49,2,2,110,5,soja,20251112,20260207,87,6,6vff,6vff7,6vff7b
221,61,20,250,4,soja,20231122,20240403,133,6,6v0c,6v0cq,6v0cq2
444,1,1,13,13,soja,20240104,20240526,143,6,6f4x,6f4xk,6f4xkt
10,161,5,52,2,soja,20221219,20230307,78,6,6tye,6tyeb,6tyebd
370,1,1,16,1,soja,20230116,20230515,119,6,6vng,6vngq,6vngqn
361,41,2,433,2,soja,20221114,20230328,134,6,6vxd,6vxd2,6vxd24
15,41,2,54,1,soja,20221107,20230313,126,6,6vxv,6vxvs,6vxvst
466,1,1,18,1,soja,20241206,20250402,117,6,6yxc,6yxcn,6yxcnb
52,1,90,1303,1,soja,20201020,20210302,133,6,6v18,6v18q,6v18qm
444,1,1,21,18,soja,20231129,20240505,158,6,6f4x,6f4xd,6f4xdv
286,1,1,6,1,soja,20221003,20230203,123,6,6ttg,6ttge,6ttge7
353,1,3,35,4,soja,20251028,20260223,118,6,6tw5,6tw5r,6tw5r8
1019,141,8,8,1,soja,20231110,20240306,117,6,6yqw,6yqwy,6yqwyh
52,1,79,3500,1,soja,20201105,20210320,135,6,6ucz,6uczg,6uczgr
221,1,5,48,10,soja,20231104,20240303,120,6,6u02,6u02y,6u02ys
221,1,5,48,10,soja,20231104,20240303,120,6,6u02,6u02y,6u02ys
487,1,2,3,3,soja,20241202,20250404,123,6,6vqn,6vqnw,6vqnwt
256,1,1,28,1,soja,20241017,20250216,122,6,6vcm,6vcmv,6vcmvv
10,1,1,560,1,soja,20231026,20240311,137,6,6tqt,6tqtd,6tqtd4
42,41,1117,434,1,soja,20251211,20260412,122,6,6yrt,6yrtg,6yrtgg
52,1,15,424,2,soja,20201203,20210324,111,6,6ucz,6ucz8,6ucz8h
52,1,12,54,3,soja,20211102,20220221,111,6,6ucx,6ucxw,6ucxw8
350,1,35,2,121,soja,20221118,20230408,141,6,6vxq,6vxq2,6vxq2d
240,1,1,7,2,soja,20220116,20220507,111,7,7nb3,7nb3k,7nb3kq
1022,1,25,201,201,soja,20211108,20220320,132,6,6vrv,6vrv5,6vrv56
255,41,2,98,1,soja,20221018,20230322,155,6,6gbt,6gbt2,6gbt28
24,1,2001,204,1,soja,20201013,20210223,133,6,6uge,6uge9,6uge99
52,1,18,447,2,soja,20201113,20210414,152,6,6ucz,6uczc,6uczc4
323,41,44940,15,1,soja,20221026,20230213,110,6,6udq,6udqj,6udqj5
232,1,2,1,6,soja,20211019,20220215,119,6,6vbj,6vbju,6vbju0
221,41,25,64,25,soja,20231129,20240222,85,6,6u07,6u07w,6u07wu
335,1,2,18,1,soja,20221101,20230214,105,6,6tyw,6tywp,6tywpm
221,41,25,84,25,soja,20231012,20240216,127,6,6u07,6u07n,6u07np
221,41,25,67,25,soja,20231128,20240315,108,6,6u07,6u07w,6u07w3
444,1,1,3,14,soja,20240103,20240526,144,6,6f4x,6f4xu,6f4xut
1019,461,68,115,1,soja,20230930,20240130,122,6,6v88,6v885,6v8854
1019,461,68,115,1,soja,20230930,20240130,122,6,6v88,6v885,6v8854
1019,241,2,4,1,soja,20241030,20250305,126,6,6vn5,6vn5m,6vn5m9
392,61,20,2,2,soja,20251025,20260401,158,6,6gsm,6gsms,6gsmsr
27,1,1,10,2,soja,20211130,20220326,116,6,6vzt,6vztw,6vztwd
1019,241,2,201,3,soja,20231026,20240226,123,6,6vnu,6vnu3,6vnu3z
1019,461,68,150,1,soja,20231009,20240201,115,6,6v2x,6v2xe,6v2xeq
52,1,11,46,3,soja,20201123,20210328,125,6,6ucx,6ucxq,6ucxq1
238,61,1,10,1,soja,20211028,20220216,111,6,6trm,6trmq,6trmq2
444,1,1,1,14,soja,20240116,20240526,131,6,6f4x,6f4xu,6f4xu4
52,1,78,3402,3,soja,20201214,20210423,130,6,6ucw,6ucwe,6ucweg
350,1,35,4,116,soja,20221123,20230413,141,6,6vxn,6vxnx,6vxnxf
398,1,1,5,5,soja,20231128,20240313,106,6,6vkp,6vkpg,6vkpgv
232,1,2,3,7,soja,20211021,20220211,113,6,6vbj,6vbju,6vbjud
1019,161,18,121,2,soja,20240926,20250110,106,6,6vzs,6vzs9,6vzs9q
466,1,1,2,1,soja,20241116,20250315,119,7,7n81,7n812,7n812t
466,1,1,2,1,soja,20241116,20250315,119,7,7n81,7n812,7n812t
466,1,1,2,1,soja,20241116,20250315,119,7,7n81,7n812,7n812t
1019,381,93,141,1,soja,20231006,20240201,118,6,6vxs,6vxs0,6vxs07
52,1,22,219,3,soja,20211214,20220412,119,6,6ucx,6ucxx,6ucxxg
281,1,1,13,1,soja,20221003,20230123,112,6,6y38,6y386,6y386c
253,1,1,6,5,soja,20221111,20230310,119,6,6yrf,6yrfq,6yrfq4
374,42,1,18,9,soja,20251102,20260227,117,6,6yxx,6yxx0,6yxx00
267,1,1,26,4,soja,20221021,20230226,128,6,6tw4,6tw4q,6tw4qd
400,1,2,4,1,soja,20241018,20250222,127,6,6tz8,6tz8d,6tz8dp
1019,201,62,127,1,soja,20231004,20240126,114,6,6trp,6trpu,6trpuz
1019,441,70,2341,3,soja,20241016,20250226,133,6,6wpc,6wpch,6wpchz
436,81,4,80,1,soja,20251021,20260216,118,6,6yxf,6yxfy,6yxfyc
382,1,1,15,2,soja,20241023,20250222,122,6,6ugh,6ughe,6ughen
52,1,106,4517,1,soja,20201102,20210315,133,6,6v19,6v19x,6v19xf
52,1,82,701,2,soja,20201019,20210218,122,6,6v1b,6v1b1,6v1b17
350,1,39,2,404,soja,20251112,20260413,152,6,6vxm,6vxmu,6vxmud
1019,261,64,12,1,soja,20241114,20250320,126,6,6yx0,6yx0n,6yx0nf
24,1,1001,6,1,soja,20241031,20250303,123,6,6ugd,6ugdu,6ugdu6
350,1,35,2,121,soja,20221118,20230408,141,6,6vxq,6vxq2,6vxq2d
379,41,5001,10,1,soja,20231014,20240310,148,6,6vx9,6vx9g,6vx9gp
1019,201,62,101,2,soja,20231002,20240112,102,6,6tx2,6tx29,6tx293
392,41,21,8,1,soja,20241106,20250304,118,6,6ywh,6ywhp,6ywhpu
52,1,94,1429,3,soja,20211108,20220311,123,6,6ucx,6ucxp,6ucxp5
179,1,1,15,1,soja,20201217,20210401,105,7,7n84,7n847,7n8475
1019,543,11,321,2,soja,20251101,20260401,151,6,6yhp,6yhpu,6yhpu7
1019,161,18,116,2,soja,20231010,20240215,128,6,6vzs,6vzsc,6vzscn
360,81,6925353402,6925716102,1,soja,20241209,20250306,87,6,6v0e,6v0ed,6v0eds
27,1,1,8,5,soja,20201118,20210330,132,6,6vzt,6vzts,6vztsy
313,41,1,2,2,soja,20241024,20250313,140,6,6udv,6udvz,6udvzz
52,1,100,4904,3,soja,20211107,20220302,115,6,6ucx,6ucxw,6ucxwd
436,41,2,71,1,soja,20241024,20250220,119,6,6vz7,6vz7q,6vz7qr
382,1,2,4,2,soja,20241209,20250303,84,6,6ugn,6ugn1,6ugn1c
1019,261,64,33,1,soja,20231105,20240404,151,6,6yrp,6yrpq,6yrpqg
42,103,59,53,1,soja,20251119,20260318,119,6,6yrm,6yrms,6yrmsz
42,103,59,53,1,soja,20251119,20260318,119,6,6yrm,6yrms,6yrmsz
1019,301,10,27,1,soja,20241102,20250324,142,6,6vx5,6vx5m,6vx5mx
221,1,11,92,12,soja,20231107,20240307,121,6,6u09,6u091,6u0912
52,1,11,37,3,soja,20201125,20210327,122,6,6ucx,6ucxq,6ucxq7
444,1,1,6,24,soja,20231212,20240503,143,6,6f4x,6f4xe,6f4xef
255,61,1,541,15,soja,20241110,20250313,123,6,6tsm,6tsmz,6tsmz0
275,1,200,4,1,soja,20231006,20240226,143,6,6ugs,6ugsh,6ugsh8
52,1,62,637,2,soja,20211125,20220405,131,6,6ucz,6ucz6,6ucz69
1019,241,2,2,1,soja,20231027,20240229,125,6,6vn5,6vn5q,6vn5q5
392,41,21,13,3,soja,20251124,20260324,120,6,6ywk,6ywk2,6ywk2j
350,1,35,3,118,soja,20221125,20230412,138,6,6vxq,6vxq3,6vxq3h
1019,301,10,4,1,soja,20231125,20240311,107,6,6vxh,6vxhp,6vxhp6
52,1,8,82,3,soja,20201026,20210211,108,6,6v18,6v18n,6v18n5
1019,381,93,143,1,soja,20231012,20240202,113,6,6vxs,6vxs0,6vxs0e
221,41,25,96,25,soja,20231203,20240323,111,6,6u07,6u07k,6u07kk
39,1,14,1462,4,soja,20211203,20220509,157,6,6dxh,6dxhs,6dxhsv
439,1,2,205,2,soja,20241118,20250312,114,7,7h86,7h865,7h865z
281,1,1,1,1,soja,20221104,20230209,97,6,6y38,6y38d,6y38d6
278,1,18,11,5,soja,20230107,20230420,103,6,6y7t,6y7tp,6y7tpk
52,1,77,3303,3,soja,20201101,20210304,123,6,6v18,6v18m,6v18m3
439,1,1,117,1,soja,20251030,20260404,156,7,7h86,7h867,7h867r
221,61,17,240,9,soja,20231126,20240319,114,6,6v11,6v118,6v118k
39,1,100,14173,1,soja,20221107,20230415,159,6,6dxh,6dxhk,6dxhk4
30,81,4,345,1,soja,20221110,20230304,114,6,6ywb,6ywbu,6ywbuv
1019,181,44,248,2,soja,20251105,20260318,133,6,6vff,6vffu,6vffuq
42,103,59,54,1,soja,20251121,20260422,152,6,6yrm,6yrms,6yrmsv
176,1,8,809,4,soja,20211125,20220322,117,6,6ubu,6ubux,6ubuxn
1019,441,70,154,2,soja,20241101,20250218,109,6,6y00,6y008,6y008g
278,1,18,3,14,soja,20231018,20240212,117,6,6y7g,6y7gc,6y7gce
221,1,4,37,17,soja,20231214,20240403,111,6,6u02,6u02w,6u02wt
221,1,4,37,17,soja,20231214,20240403,111,6,6u02,6u02w,6u02wt
127,1,4,125,4,soja,20251129,20260421,143,6,6vnz,6vnz2,6vnz29
27,1,1,22,3,soja,20201126,20210418,143,6,6vzt,6vzts,6vztsp
27,1,1,22,3,soja,20201126,20210418,143,6,6vzt,6vzts,6vztsp
175,1,1,24,1,soja,20201108,20210311,123,6,6ym3,6ym3c,6ym3cg
327,1,402,43,1,soja,20221013,20230204,114,6,6vrt,6vrtf,6vrtfz
360,1,871802,45,1683502,soja,20231207,20240315,99,6,6y21,6y21c,6y21cy
331,41,1,39,1,soja,20221104,20230318,134,6,6gcw,6gcwj,6gcwjq
324,1,1,21,1,soja,20231121,20240313,113,6,6urm,6urmx,6urmxz
466,1,1,7,1,soja,20241127,20250313,106,7,7n81,7n811,7n811n
1022,1,25,133,133,soja,20231108,20240403,147,6,6vru,6vruu,6vruup
1019,161,18,405,1,soja,20231106,20240308,123,6,6vzq,6vzq8,6vzq89
52,1,116,5709,3,soja,20201206,20210402,117,6,6ucx,6ucxs,6ucxs3
425,41,2,11,1,soja,20231015,20240220,128,6,6tmy,6tmy9,6tmy9p
52,1,57,618,2,soja,20201212,20210410,119,6,6ucz,6ucz9,6ucz91
52,1,107,4522,1,soja,20201102,20210315,133,6,6v19,6v19z,6v19zf
444,1,1,19,24,soja,20251121,20260415,145,6,6f4x,6f4xs,6f4xsw
52,1,100,4903,2,soja,20201120,20210416,147,6,6ucx,6ucxw,6ucxw3
1019,441,70,148,2,soja,20241028,20250222,117,6,6wpb,6wpbx,6wpbxb
176,41,7,703,1,soja,20221007,20230123,108,6,6vdv,6vdv4,6vdv4b
392,41,21,13,1,soja,20241024,20250212,111,6,6ywk,6ywk2,6ywk2j
1019,321,46,210,1,soja,20231218,20240422,126,6,6vxt,6vxt2,6vxt2g
352,1,1,8,1,soja,20231128,20240414,138,7,7h0w,7h0wq,7h0wqn
379,41,5001,8,1,soja,20231014,20240213,122,6,6vx9,6vx9f,6vx9fy
436,61,3,16,1,soja,20241024,20250305,132,6,6vzx,6vzx1,6vzx1k
390,1,7,4,4,soja,20241024,20250301,128,6,6uvp,6uvp6,6uvp6y
444,1,1,17,12,soja,20250108,20250502,114,6,6f4x,6f4xs,6f4xsp
30,101,5,5,1,soja,20231125,20240325,121,6,6yxj,6yxjb,6yxjbr
52,1,54,601,1,soja,20221013,20230221,131,6,6v1b,6v1b1,6v1b11
335,1,2,1,1,soja,20221022,20230210,111,6,6tyw,6tywp,6tywpv
350,1,35,4,404,soja,20231218,20240401,105,6,6vxn,6vxnx,6vxnxf
267,1,1,67,7,soja,20221021,20230219,121,6,6tw4,6tw4q,6tw4qt
10,121,4,17,1,soja,20211020,20220202,105,6,6ttc,6ttck,6ttck0
466,1,1,15,1,soja,20241122,20250305,103,6,6yxc,6yxcn,6yxcng
10,1,1,94,1,soja,20231011,20240221,133,6,6tqm,6tqmt,6tqmt4
350,1,35,4,121,soja,20221127,20230407,131,6,6vxn,6vxnx,6vxnxf
175,62,2,52,2,soja,20211105,20220301,116,6,6yk9,6yk9s,6yk9s0
175,62,2,52,2,soja,20211105,20220301,116,6,6yk9,6yk9s,6yk9s0
360,81,6925353402,6925671702,2,soja,20241112,20250301,109,6,6v0e,6v0eg,6v0egu
392,41,21,3,1,soja,20241104,20250308,124,6,6ywk,6ywk2,6ywk2t
360,42,573402,1656602,1,soja,20241027,20250216,112,6,6yhh,6yhhc,6yhhcd
436,41,2,53,1,soja,20241117,20250222,97,6,6vzs,6vzs4,6vzs40
52,1,125,4653,1,soja,20221121,20230316,115,6,6v1c,6v1cv,6v1cvg
221,1,11,94,12,soja,20231109,20240310,122,6,6u09,6u091,6u091c
370,1,1,19,1,soja,20230208,20230525,106,6,6vng,6vngt,6vngt8
27,1,1,31,2,soja,20221108,20230309,121,6,6vzt,6vzth,6vzthw
1019,441,70,101,1,soja,20231027,20240216,112,6,6wpb,6wpbh,6wpbhp
444,1,1,9,2,soja,20241124,20250424,151,6,6f4x,6f4xg,6f4xg3
1019,101,6,21,1,soja,20241028,20250218,113,6,6uf0,6uf0h,6uf0h5
52,1,98,3704,2,soja,20221125,20230331,126,6,6ucy,6ucyb,6ucybp
253,1,1,10,5,soja,20211113,20220315,122,6,6yrf,6yrff,6yrffs
436,41,2,167,1,soja,20251119,20260401,133,6,6vz7,6vz7t,6vz7th
286,1,1,19,1,soja,20221018,20230226,131,6,6ttg,6ttgs,6ttgs6
393,42,3,8,1,soja,20230916,20231224,99,6,6twg,6twg2,6twg2j
10,101,2,46,2,soja,20201029,20210310,132,6,6trh,6trhb,6trhbv
1019,181,44,3333,2,soja,20251018,20260219,124,6,6vfe,6vfer,6vfer2
1019,381,93,404,4,soja,20231103,20240321,139,6,6vxk,6vxkz,6vxkzt
350,1,35,3,116,soja,20221123,20230413,141,6,6vxq,6vxq3,6vxq3h
221,41,25,52,25,soja,20231101,20240303,123,6,6u07,6u07w,6u07wj
278,1,18,12,6,soja,20221212,20230427,136,6,6y7t,6y7tn,6y7tnv
283,1,1,14,1,soja,20221013,20230301,139,6,6ucn,6ucnn,6ucnn4
10,101,2,31,2,soja,20201112,20210321,129,6,6trh,6trh8,6trh8w
221,63,22,2,2,soja,20231101,20240327,147,6,6v45,6v452,6v4525
329,1,1,1034,3,soja,20221115,20230322,127,6,6ytj,6ytjb,6ytjbu
175,1,1,105,2,soja,20241110,20250318,128,6,6ym3,6ym3c,6ym3cg
52,1,51,485,2,soja,20211126,20220412,137,6,6ucz,6ucz0,6ucz0x
457,1,2,49,1,soja,20241226,20250501,126,6,6f4j,6f4jv,6f4jvj
36,1,1,6,1,soja,20201114,20210309,115,6,6v85,6v85u,6v85up
1019,181,44,31,1,soja,20231007,20240215,131,6,6vfe,6vfep,6vfepz
1019,181,44,31,1,soja,20231007,20240215,131,6,6vfe,6vfep,6vfepz
27,1,1,14,1,soja,20201123,20210417,145,6,6vzt,6vzts,6vzts5
52,1,93,1317,3,soja,20201129,20210402,124,6,6ucw,6ucwu,6ucwug
444,1,1,5,24,soja,20231214,20240503,141,6,6f4x,6f4xv,6f4xvj
182,161,1,15,1,soja,20251021,20260330,160,6,6vxk,6vxk7,6vxk7c
390,1,7,12,1,soja,20241030,20250302,123,6,6uvp,6uvp7,6uvp71
402,1,4,4,1,soja,20231001,20240201,123,6,6ttu,6ttun,6ttun9
324,1,1,35,1,soja,20241120,20250310,110,6,6urm,6urmz,6urmz1
374,1,3,3,3,soja,20221206,20230424,139,6,6yx6,6yx6y,6yx6y5
221,41,25,31,25,soja,20231201,20240323,113,6,6u07,6u07u,6u07ub
52,1,104,4513,1,soja,20201104,20210317,133,6,6v1c,6v1c2,6v1c2k
1019,341,23,13,1,soja,20231221,20240421,122,6,6yrs,6yrs0,6yrs00
27,1,1,16,1,soja,20201117,20210421,155,6,6vzt,6vzty,6vztyd
1019,101,6,27,1,soja,20231030,20240214,107,6,6uf0,6uf0m,6uf0mq
446,1,1,5,7,soja,20251216,20260509,144,6,6f1z,6f1zg,6f1zgz
24,1,2001,216,1,soja,20201028,20210303,126,6,6ug7,6ug7r,6ug7rt
390,1,9,2,1,soja,20231118,20240227,101,6,6vjd,6vjdd,6vjddn
52,1,94,1423,3,soja,20211112,20220406,145,6,6ucw,6ucwy,6ucwye
360,1,871802,115,584594602,soja,20231010,20240201,114,6,6y24,6y246,6y246e
1019,381,93,525,5,soja,20231102,20240312,131,6,6vxu,6vxub,6vxubj
175,1,1,53,1,soja,20231118,20240229,103,6,6ym3,6ym3c,6ym3cg
1019,381,93,329,3,soja,20241123,20250308,105,6,6vxm,6vxmp,6vxmpj
27,1,1,261,4,soja,20231214,20240317,94,6,6vzt,6vzt7,6vzt7y
221,1,11,98,12,soja,20231111,20240310,120,6,6u09,6u095,6u0954
42,42,18,309,1,soja,20231030,20240229,122,6,6yrs,6yrsx,6yrsx5
42,42,18,309,1,soja,20231030,20240229,122,6,6yrs,6yrsx,6yrsx5
327,1,402,19,1,soja,20221029,20230219,113,6,6vrw,6vrw7,6vrw7r
379,41,5001,7,1,soja,20231019,20240301,134,6,6vx9,6vx9g,6vx9gn
10,101,2,39,2,soja,20201123,20210302,99,6,6tqu,6tquz,6tquze
1019,421,74,156,1,soja,20231001,20240106,97,6,6tqy,6tqyu,6tqyux
1019,281,17,27,1,soja,20231102,20240401,151,6,6vx2,6vx2y,6vx2yw
1019,281,17,27,1,soja,20231102,20240401,151,6,6vx2,6vx2y,6vx2yw
367,61,1,7,2,soja,20241011,20250128,109,6,6v8m,6v8m3,6v8m3s
327,1,402,3,1,soja,20221028,20230226,121,6,6vrw,6vrwh,6vrwhp
27,1,1,39,2,soja,20221106,20230324,138,6,6vzt,6vztj,6vztjw
1019,181,44,110,2,soja,20251105,20260321,136,6,6vfg,6vfg1,6vfg16
221,41,25,66,25,soja,20231018,20240221,126,6,6u07,6u07w,6u07wc
52,1,103,4559,1,soja,20211126,20220323,117,6,6v1c,6v1cu,6v1cuk
253,1,1,12,2,soja,20221120,20230320,120,6,6yrf,6yrfg,6yrfg2
42,1,1102,145,1,soja,20231116,20240318,123,6,6yrz,6yrzc,6yrzcw
315,1,1,1,5,soja,20221008,20230130,114,6,6vf8,6vf8n,6vf8ne
176,1,8,801,4,soja,20211108,20220201,85,6,6ubu,6ubux,6ubuxz
51,1,8,23,1,soja,20201101,20210317,136,6,6vzk,6vzk0,6vzk0s
1019,441,70,156,1,soja,20231021,20240207,109,6,6y00,6y009,6y0096
392,61,20,27,1,soja,20250919,20260201,135,6,6gsm,6gsmk,6gsmkx
444,1,1,6,21,soja,20241221,20250428,128,6,6f4x,6f4xe,6f4xef
27,1,1,47,2,soja,20201123,20210414,142,6,6vzw,6vzwh,6vzwh4
221,61,16,215,8,soja,20231208,20240323,106,6,6v0c,6v0cx,6v0cxw
30,61,3,12,1,soja,20211012,20220202,113,6,6yqy,6yqy9,6yqy9k
177,1,101,16,1,soja,20231128,20240226,90,6,6vz0,6vz0q,6vz0q0
52,1,122,5802,1,soja,20201022,20210314,143,6,6v18,6v18q,6v18qv
30,121,6,5,1,soja,20241104,20250226,114,6,6ywu,6ywuw,6ywuwu
52,1,114,5689,2,soja,20221116,20230404,139,6,6ucz,6uczn,6ucznk
444,1,1,13,1,soja,20241130,20250426,147,6,6f4x,6f4xk,6f4xkt
52,1,9,84,1,soja,20201023,20210301,129,6,6v18,6v18q,6v18qf
52,1,22,217,3,soja,20211214,20220321,97,6,6ucx,6ucxx,6ucxxd
436,83,6,87,1,soja,20251010,20260204,117,6,6vzm,6vzm4,6vzm4k
179,1,2,9,6,soja,20251223,20260415,113,7,7n84,7n844,7n844f
1019,141,8,47,1,soja,20231007,20240214,130,6,6yqx,6yqxj,6yqxj5
52,1,104,4514,1,soja,20201104,20210317,133,6,6v1c,6v1c2,6v1c2k
327,41,401,3,3,soja,20231205,20240410,127,6,6yrf,6yrfs,6yrfs2
444,1,1,3,26,soja,20231127,20240423,148,6,6f4x,6f4xu,6f4xut
52,1,16,436,2,soja,20201106,20210315,129,6,6ucx,6ucxz,6ucxzw
221,1,11,106,12,soja,20231026,20240221,118,6,6u09,6u091,6u091k
444,1,1,42,3,soja,20251217,20260504,138,6,6f4x,6f4xe,6f4xe7
1019,201,62,29,1,soja,20231003,20240115,104,6,6tx0,6tx0q,6tx0qu
444,1,1,8,4,soja,20250110,20250505,115,6,6f4x,6f4xs,6f4xsm
42,103,59,17,1,soja,20251128,20260216,80,6,6yrw,6yrw2,6yrw2j
209,1,2,922,1,soja,20231214,20240314,91,6,6uu4,6uu4c,6uu4cr
278,1,18,12,11,soja,20221205,20230427,143,6,6y7t,6y7tn,6y7tnv
1019,241,2,206,3,soja,20231101,20240224,115,6,6vnu,6vnu6,6vnu6q
52,1,103,4556,1,soja,20211201,20220401,121,6,6v1c,6v1cg,6v1cgc
240,1,1,100,1,soja,20251225,20260419,115,7,7nb3,7nb3w,7nb3wd
52,1,93,1312,3,soja,20201201,20210401,121,6,6ucx,6ucxh,6ucxhb
444,1,1,10,2,soja,20241130,20250426,147,6,6f4x,6f4xe,6f4xeq
177,42,107,4,4,soja,20231124,20240327,124,6,6yr5,6yr5m,6yr5mc
52,1,98,3703,4,soja,20201124,20210402,129,6,6ucz,6ucz0,6ucz03
30,41,2,14,1,soja,20210101,20210408,97,6,6yx8,6yx8g,6yx8gp
42,42,18,319,1,soja,20231205,20240324,110,6,6yrs,6yrsx,6yrsxc
240,1,1,37,2,soja,20241215,20250419,125,7,7nb3,7nb3w,7nb3ws
182,41,29,5,1,soja,20211112,20220326,134,6,6vzp,6vzpc,6vzpc8
253,1,1,11,4,soja,20211118,20220408,141,6,6yrf,6yrfq,6yrfqw
221,61,16,212,8,soja,20231122,20240407,137,6,6v0c,6v0cx,6v0cxh
1019,441,70,244,3,soja,20241028,20250226,121,6,6wpc,6wpcq,6wpcq8
52,1,122,5804,1,soja,20201024,20210304,131,6,6v18,6v18q,6v18qc
444,1,1,14,6,soja,20240106,20240601,147,6,6f4x,6f4xe,6f4xej
1022,1,25,131,131,soja,20221119,20230327,128,6,6vru,6vrug,6vrug4
1019,101,6,11,1,soja,20231007,20240128,113,6,6uf0,6uf0w,6uf0w8
1019,301,10,23,1,soja,20231127,20240402,127,6,6vx5,6vx5q,6vx5qj
30,101,5,6,1,soja,20231110,20240301,112,6,6yxj,6yxjb,6yxjbv
400,1,2,16,1,soja,20241021,20250223,125,6,6tz8,6tz88,6tz88v
42,81,21,3,1,soja,20251112,20260312,120,6,6yy1,6yy12,6yy12f
42,1,1102,179,1,soja,20231116,20240331,136,6,6yxb,6yxb4,6yxb4s
42,102,61,11,1,soja,20251201,20260306,95,6,6yrh,6yrh9,6yrh9h
52,1,52,3208,4,soja,20201123,20210326,123,6,6ucy,6ucyc,6ucycn
1019,201,62,79,1,soja,20231010,20240116,98,6,6trp,6trpw,6trpwf
177,42,107,4,3,soja,20201203,20210401,119,6,6yr5,6yr5m,6yr5mc
221,41,25,51,25,soja,20231028,20240301,125,6,6u07,6u07w,6u07wp
36,1,1,4,1,soja,20201113,20210309,116,6,6v8h,6v8hh,6v8hh7
238,61,1,130,2,soja,20211207,20220328,111,6,6trt,6trt8,6trt83
483,1,1,7,1,soja,20241001,20250107,98,6,6twq,6twq6,6twq68
1019,542,4,245,2,soja,20251125,20260327,122,6,6yrn,6yrnm,6yrnm5
1019,161,18,130,2,soja,20231003,20240206,126,6,6vzt,6vzt1,6vzt1h
327,1,402,62,1,soja,20220928,20230119,113,6,6vrx,6vrxj,6vrxjt
1019,101,6,8,1,soja,20231009,20240214,128,6,6uf0,6uf0q,6uf0qj
52,1,54,601,1,soja,20221013,20230221,131,6,6v1b,6v1b1,6v1b11
39,1,100,1418,1,soja,20221208,20230417,130,6,6dxh,6dxhs,6dxhs6
444,1,1,8,1,soja,20241222,20250503,132,6,6f4x,6f4xs,6f4xsm
42,103,59,59,1,soja,20251210,20260421,132,6,6yrm,6yrmt,6yrmtn
24,1,1001,223,1,soja,20201101,20210320,139,6,6uge,6uge5,6uge5r
1022,1,5,3005,134,soja,20241119,20250314,115,6,6vre,6vref,6vrefd
361,1,1,317,1,soja,20230427,20230801,96,6,6vus,6vusk,6vuskp
444,1,1,7,28,soja,20240102,20240518,137,6,6f4x,6f4xs,6f4xs7
400,1,11,9,1,soja,20241004,20250204,123,6,6tz8,6tz84,6tz842
239,1,1,16,1,soja,20211123,20220213,82,6,6y11,6y11y,6y11yr
27,1,1,37,2,soja,20221106,20230322,136,6,6vzt,6vztj,6vztjh
52,1,15,435,3,soja,20221102,20230314,132,6,6ucx,6ucxz,6ucxze
27,1,1,23,5,soja,20201116,20210406,141,6,6vzt,6vztx,6vztxr
330,1,5,30,1,soja,20230116,20230513,117,6,6f68,6f68y,6f68y5
221,61,16,221,8,soja,20231209,20240316,98,6,6v0c,6v0cw,6v0cwu
361,1,1,329,1,soja,20230504,20230905,124,6,6vus,6vusw,6vuswq
260,1,1,7,3,soja,20211126,20220222,88,6,6tt7,6tt7t,6tt7tg
367,61,2,4,1,soja,20241019,20250208,112,6,6v9w,6v9w1,6v9w1m
487,1,3,2,3,soja,20241020,20250207,110,6,6vqn,6vqnt,6vqntd
329,1,1,1012,2,soja,20221103,20230303,120,6,6ytj,6ytjb,6ytjbf
1019,321,46,209,1,soja,20231218,20240415,119,6,6vxt,6vxt2,6vxt2d
52,1,4,16,1,soja,20201022,20210224,125,6,6v18,6v18r,6v18r0
1019,161,18,224,1,soja,20241119,20250403,135,6,6vzj,6vzjq,6vzjq6
1019,241,2,121,2,soja,20241101,20250220,111,6,6vjf,6vjfm,6vjfm9
52,1,106,4515,1,soja,20201103,20210316,133,6,6v19,6v19r,6v19rx
444,1,1,1,1,soja,20241130,20250426,147,6,6f4x,6f4xu,6f4xu4
267,1,1,64,7,soja,20221020,20230215,118,6,6tw4,6tw4x,6tw4x4
1019,261,64,7,1,soja,20241110,20250315,125,6,6yrp,6yrpz,6yrpz7
232,1,3,4,5,soja,20211024,20220206,105,6,6tzz,6tzzk,6tzzkf
52,1,4,11,1,soja,20201022,20210225,126,6,6v18,6v18r,6v18rv
177,61,5,31,2,soja,20221201,20230424,144,6,6yx0,6yx00,6yx006
248,1,1,120,1,soja,20211025,20220227,125,6,6u0t,6u0t6,6u0t6y
267,1,1,4,8,soja,20220930,20230111,103,6,6tw4,6tw4r,6tw4rf
10,1,1,561,1,soja,20231009,20240227,141,6,6tqt,6tqt3,6tqt3r
27,1,1,52,5,soja,20201110,20210323,133,6,6vzw,6vzwj,6vzwj1
446,1,1,3,1,soja,20251111,20260218,99,6,6f1z,6f1zw,6f1zw3
35,1050,2,28,2,soja,20211018,20220218,123,6,6tw1,6tw1d,6tw1dn
15,41,2,41,1,soja,20221128,20230412,135,6,6vxy,6vxym,6vxym3
1019,181,44,208,2,soja,20241110,20250314,124,6,6vfu,6vfu4,6vfu43
278,1,18,5,7,soja,20221201,20230410,130,6,6y7s,6y7sr,6y7srs
299,1,5,12,1,soja,20220927,20230115,110,6,6y22,6y22n,6y22ns
177,61,5,13,1,soja,20221104,20230210,98,6,6ywb,6ywbp,6ywbpw
289,41,1,2,3,soja,20221011,20230220,132,6,6vz3,6vz3u,6vz3u2
281,1,1,8,2,soja,20221018,20230210,115,6,6y38,6y38d,6y38db
466,1,1,8,1,soja,20241116,20250326,130,7,7n81,7n813,7n8131
253,1,1,8,4,soja,20211118,20220325,127,6,6yrf,6yrfg,6yrfg1
221,1,9,87,14,soja,20231122,20240313,112,6,6u08,6u08f,6u08fy
327,1,402,13,1,soja,20221016,20230214,121,6,6vrw,6vrwk,6vrwkp
52,1,51,479,4,soja,20201116,20210401,136,6,6ucz,6ucz3,6ucz32
30,41,2,18,1,soja,20201214,20210407,114,6,6yx9,6yx95,6yx955
177,42,107,3,3,soja,20201203,20210401,119,6,6yr5,6yr5k,6yr5kp
52,1,52,3201,4,soja,20201126,20210402,127,6,6ucz,6ucz1,6ucz11
253,1,1,20,2,soja,20211120,20220320,120,6,6yrf,6yrf9,6yrf91
52,1,103,4563,1,soja,20211122,20220414,143,6,6v1c,6v1cs,6v1csr
350,1,35,2,115,soja,20221109,20230403,145,6,6vxq,6vxq2,6vxq2d
350,1,35,2,404,soja,20231116,20240401,137,6,6vxq,6vxq2,6vxq2d
27,1,1,6,3,soja,20211112,20220326,134,6,6vzt,6vztv,6vztvt
4,2,2,48,4,soja,20241014,20250211,120,6,6vb6,6vb63,6vb63s
52,1,10,32,3,soja,20201128,20210402,125,6,6ucx,6ucxt,6ucxtx
221,41,25,27,25,soja,20231105,20240320,136,6,6u07,6u07s,6u07sq
238,61,1,107,2,soja,20211115,20220310,115,6,6trm,6trmr,6trmrw
350,1,35,3,402,soja,20231115,20240416,153,6,6vxq,6vxq3,6vxq3h
10,1,1,562,1,soja,20231023,20240301,130,6,6tqt,6tqtf,6tqtfm
221,41,25,58,25,soja,20231023,20240303,132,6,6u07,6u07y,6u07yc
313,1,3,1,2,soja,20221001,20230216,138,6,6ugk,6ugkj,6ugkjn
1019,542,4,214,2,soja,20251108,20260305,117,6,6yrj,6yrjg,6yrjgp
468,1,1,11,1,soja,20241114,20250312,118,6,6ykx,6ykxe,6ykxe0
299,1,7,9,1,soja,20221009,20230201,115,6,6y0r,6y0ry,6y0ryw
278,1,18,14,10,soja,20221014,20230209,118,6,6y7s,6y7sp,6y7sp3
42,101,60,24,1,soja,20251210,20260412,123,7,7n8j,7n8jb,7n8jb0
1019,181,44,60,2,soja,20241103,20250302,119,6,6vfu,6vfu0,6vfu07
52,1,33,308,1,soja,20211203,20220216,75,6,6v18,6v18n,6v18ng
439,1,1,15,1,soja,20251127,20260420,144,7,7h86,7h86e,7h86e9
392,1,15,128,2,soja,20231124,20240318,115,6,6yrj,6yrj2,6yrj2k
221,1,6,55,11,soja,20231213,20240326,104,6,6u02,6u02y,6u02y9
360,81,6925489902,6925630702,1,soja,20241101,20250312,131,6,6v0e,6v0ef,6v0efg
221,1,5,50,10,soja,20231101,20240302,122,6,6u03,6u03n,6u03n8
221,1,5,50,10,soja,20231101,20240302,122,6,6u03,6u03n,6u03n8
360,81,6925497002,6925625002,1,soja,20241121,20250308,107,6,6v0e,6v0ee,6v0eev
1019,261,64,251,1,soja,20241107,20250322,135,6,6yx0,6yx0w,6yx0wh
52,1,77,3304,3,soja,20201102,20210303,121,6,6v18,6v18m,6v18m6
382,1,2,5,3,soja,20241101,20250306,125,6,6ugn,6ugn4,6ugn43
52,1,62,637,4,soja,20201114,20210323,129,6,6ucz,6ucz6,6ucz69
1019,361,22,121,1,soja,20231219,20240419,122,6,6yps,6ypsh,6ypsh8
42,1,1102,76,1,soja,20200224,20200514,80,6,6yx8,6yx8p,6yx8pw
52,1,98,3702,4,soja,20201122,20210408,137,6,6ucz,6ucz0,6ucz06
51,1,12,4,5,soja,20241116,20250319,123,6,6vzq,6vzq1,6vzq15
240,1,1,19,2,soja,20220102,20220416,104,7,7nb3,7nb3s,7nb3su
221,41,25,56,25,soja,20231028,20240303,127,6,6u07,6u07y,6u07y8
221,41,25,56,25,soja,20231028,20240303,127,6,6u07,6u07y,6u07y8
320,1,1,1,1,soja,20221018,20230317,150,7,7h0w,7h0ws,7h0wsv
221,41,25,96,25,soja,20231203,20240323,111,6,6u07,6u07k,6u07kk
279,1,1,9,3,soja,20221118,20230325,127,6,6vnk,6vnkb,6vnkbb
176,1,8,806,1,soja,20211022,20220217,118,6,6ubu,6ubuz,6ubuz6
176,1,8,806,1,soja,20211022,20220217,118,6,6ubu,6ubuz,6ubuz6
392,61,20,15,2,soja,20251110,20260325,135,6,6gsk,6gskn,6gsknj
1019,161,18,509,3,soja,20231023,20240318,147,6,6vz5,6vz5f,6vz5fr
315,61,3,7,11,soja,20231013,20240210,120,6,6vfr,6vfrt,6vfrt4
444,1,1,3,13,soja,20240104,20240526,143,6,6f4x,6f4xu,6f4xut
277,1,1,7,2,soja,20221115,20230323,128,6,6vz8,6vz86,6vz86y
42,1,1102,121,2,soja,20221121,20230316,115,6,6yx8,6yx8s,6yx8s4
436,61,3,5,1,soja,20241004,20250201,120,6,6vzx,6vzx1,6vzx1s
444,1,1,5,18,soja,20240109,20240515,127,6,6f4x,6f4xv,6f4xvj
253,1,1,16,1,soja,20211108,20220307,119,6,6yrd,6yrdx,6yrdx0
350,1,35,2,116,soja,20221123,20230408,136,6,6vxq,6vxq2,6vxq2d
52,1,10,25,3,soja,20201203,20210322,109,6,6ucx,6ucxv,6ucxve
1019,441,70,148,1,soja,20231019,20240212,116,6,6wpb,6wpbx,6wpbxb
1019,441,70,148,1,soja,20231019,20240212,116,6,6wpb,6wpbx,6wpbxb
361,1,1,337,1,soja,20230502,20230902,123,6,6vus,6vusv,6vusvb
30,1,1,101,1,soja,20201027,20210211,107,6,6yrn,6yrnt,6yrnt4
52,1,84,710,1,soja,20221003,20230309,157,6,6v1b,6v1b2,6v1b2w
350,1,35,4,113,soja,20221108,20230401,144,6,6vxn,6vxnx,6vxnxf
275,41,500,24,1000,soja,20231026,20240301,127,6,6v5p,6v5p5,6v5p5w
42,42,1101,226,1,soja,20231102,20240306,125,6,6yru,6yru3,6yru39
1019,201,62,31,1,soja,20230926,20240107,103,6,6trp,6trpg,6trpg3
42,1,1102,124,2,soja,20221206,20230323,107,6,6yxb,6yxb5,6yxb5g
27,1,1,22,5,soja,20201118,20210406,139,6,6vzt,6vzts,6vztsp
315,1,1,5,21,soja,20241016,20250215,122,6,6vf9,6vf92,6vf92t
52,1,62,630,2,soja,20211123,20220405,133,6,6ucz,6ucz6,6ucz6q
52,1,98,3706,2,soja,20221125,20230331,126,6,6ucw,6ucwz,6ucwzz
361,41,2,313,2,soja,20221122,20230325,123,6,6vx6,6vx6r,6vx6rc
400,1,7,1,1,soja,20241029,20250202,96,6,6txv,6txve,6txvev
1019,361,22,306,1,soja,20231227,20240503,128,6,6ypd,6ypdt,6ypdt0
232,1,1,10,1,soja,20211004,20220121,109,6,6vbt,6vbth,6vbtht
52,1,121,5770,4,soja,20201201,20210414,134,6,6ucz,6ucz5,6ucz53
24,1,2001,222,1,soja,20201029,20210306,128,6,6ug7,6ug7r,6ug7rj
52,1,114,5673,2,soja,20211108,20220311,123,6,6ucy,6ucyu,6ucyur
30,101,5,72,1,soja,20231204,20240324,111,6,6yxj,6yxjc,6yxjc1
221,1,4,33,17,soja,20231215,20240408,115,6,6u02,6u02x,6u02xh
177,61,5,18,1,soja,20221201,20230301,90,6,6yx0,6yx00,6yx00p
1019,461,68,103,1,soja,20231025,20240213,111,6,6v88,6v886,6v8864
329,1,1,1027,2,soja,20221102,20230227,117,6,6ytj,6ytjb,6ytjb4
360,41,421147202,5994154702,584575102,soja,20241103,20250308,125,6,6y5u,6y5ub,6y5ubu
1019,101,6,28,1,soja,20241017,20250222,128,6,6uf0,6uf0t,6uf0t3
24,1,1001,231,1,soja,20201102,20210309,127,6,6ugd,6ugdg,6ugdgr
350,41,36,1,513,soja,20251117,20260323,126,6,6vzd,6vzdt,6vzdt7
392,1,15,18,1,soja,20231104,20240226,114,6,6yrn,6yrn1,6yrn12
10,1,1,205,1,soja,20231017,20240225,131,6,6tqm,6tqmm,6tqmme
52,1,101,5123,3,soja,20201210,20210405,116,6,6ucx,6ucxm,6ucxmm
221,41,25,77,25,soja,20231101,20240305,125,6,6u07,6u07q,6u07qj
221,41,25,77,25,soja,20231101,20240305,125,6,6u07,6u07q,6u07qj
439,1,1,32,1,soja,20251126,20260413,138,7,7h86,7h86k,7h86kp
436,83,6,79,1,soja,20251009,20260103,86,6,6vzm,6vzm4,6vzm4r
361,1,1,463,1,soja,20230504,20230820,108,6,6vus,6vusw,6vuswp
378,1,1,3,8,soja,20231009,20240115,98,6,6vb2,6vb23,6vb23m
1019,461,68,123,1,soja,20231001,20240115,106,6,6v88,6v885,6v8853
238,61,1,108,2,soja,20211121,20220315,114,6,6trm,6trmx,6trmxf
238,61,1,108,2,soja,20211121,20220315,114,6,6trm,6trmx,6trmxf
1019,81,83,109,1,soja,20231001,20240201,123,6,6udt,6udt7,6udt7d
327,41,401,5,2,soja,20231106,20240313,128,6,6yrf,6yrfh,6yrfhf
238,61,1,206,3,soja,20211130,20220402,123,6,6trm,6trmx,6trmx6
238,61,1,206,3,soja,20211130,20220402,123,6,6trm,6trmx,6trmx6
52,1,101,5110,3,soja,20201205,20210401,117,6,6ucx,6ucxh,6ucxhv
36,1,1,15,2,soja,20200919,20210102,105,6,6v85,6v85f,6v85ft
52,1,84,710,2,soja,20201103,20210224,113,6,6v1b,6v1b2,6v1b2w
221,41,25,37,25,soja,20231130,20240319,110,6,6u07,6u07v,6u07vh
367,61,1,3,6,soja,20241028,20250208,103,6,6v8m,6v8m0,6v8m0y
52,1,101,5112,3,soja,20201203,20210404,122,6,6ucx,6ucxh,6ucxhd
42,81,21,48,1,soja,20251109,20260305,116,6,6yvb,6yvby,6yvbym
42,81,21,48,1,soja,20251109,20260305,116,6,6yvb,6yvby,6yvbym
221,1,2,13,8,soja,20211020,20220220,123,6,6u02,6u02w,6u02w0
27,1,1,1011,4,soja,20231122,20240331,130,6,6vzt,6vzty,6vzty2
30,41,2,281,1,soja,20231229,20240406,99,6,6yx8,6yx81,6yx81w
1019,461,68,126,1,soja,20231010,20240213,126,6,6v88,6v887,6v887h
1019,381,93,204,2,soja,20240103,20240405,93,6,6vxk,6vxkm,6vxkmg
230,1,1,11,3,soja,20211124,20220402,129,6,6v2q,6v2qf,6v2qfn
350,1,35,2,410,soja,20231216,20240416,122,6,6vxq,6vxq2,6vxq2d
52,1,106,4540,1,soja,20211216,20220412,117,6,6v19,6v19r,6v19rz
436,83,6,94,1,soja,20251108,20260302,114,6,6vzm,6vzm1,6vzm17
1019,381,93,150,1,soja,20231018,20240301,135,6,6vxs,6vxs2,6vxs2c
177,42,107,10,1,soja,20201212,20210417,126,6,6yr5,6yr5x,6yr5xs
331,41,1,1,1,soja,20221114,20230225,103,6,6gcw,6gcwm,6gcwms
15,1,1,4,5,soja,20201202,20210418,137,6,6vx7,6vx7k,6vx7k9
209,1,2,5,1,soja,20221010,20230302,143,6,6uu5,6uu50,6uu50e
425,43,4,5,1,soja,20251022,20260213,114,6,6tw0,6tw0k,6tw0k4
52,1,102,5209,2,soja,20211126,20220414,139,6,6ucy,6ucyf,6ucyfs
425,43,3,1,1,soja,20241021,20250206,108,6,6tw9,6tw92,6tw92u
10,1,1,53,1,soja,20231011,20240228,140,6,6tqm,6tqms,6tqmsg
15,41,2,53,1,soja,20241028,20250305,128,6,6vxv,6vxvs,6vxvsm
327,41,401,11,1,soja,20231204,20240319,106,6,6yrf,6yrfs,6yrfsx
42,61,20,24,1,soja,20241208,20250301,83,7,7n8d,7n8d4,7n8d49
221,1,2,17,11,soja,20211018,20220216,121,6,6u02,6u02x,6u02x2
52,1,49,471,2,soja,20211205,20220404,120,6,6ucz,6ucz9,6ucz9y
1019,301,10,8,1,soja,20231103,20240311,129,6,6vx5,6vx5z,6vx5zj
175,1,1,16,1,soja,20231108,20240223,107,6,6ym3,6ym3c,6ym3cg
1019,281,17,16,1,soja,20240103,20240425,113,6,6vx3,6vx3r,6vx3r9
361,1,1,371,1,soja,20230515,20230824,101,6,6vut,6vutj,6vutjb
10,161,5,58,2,soja,20221119,20230317,118,6,6ty7,6ty7z,6ty7zg
1019,441,70,123,1,soja,20231013,20240122,101,6,6wpb,6wpbp,6wpbpx
382,41,3,5,4,soja,20241021,20250215,117,6,6uff,6uffx,6uffx5
444,1,1,6,28,soja,20240107,20240518,132,6,6f4x,6f4xe,6f4xef
313,41,1,3,3,soja,20241101,20250307,126,6,6uen,6uen0,6uen02
299,1,7,5,1,soja,20221010,20230202,115,6,6y22,6y22p,6y22p1
52,1,56,607,2,soja,20201112,20210324,132,6,6ucz,6uczb,6uczbs
1019,421,74,115,1,soja,20231026,20240229,126,6,6tqz,6tqzv,6tqzv2
309,1,1,11,1,soja,20251110,20260310,120,6,6trz,6trzg,6trzgm
27,1,1,32,2,soja,20221201,20230311,100,6,6vzt,6vztg,6vztgs
24,1,1001,3,1,soja,20241031,20250304,124,6,6ugd,6ugdu,6ugdu3
51,1,5,8,1,soja,20200204,20200420,76,6,6vzh,6vzht,6vzht0
1019,421,74,123,1,soja,20231001,20240108,99,6,6tqz,6tqzt,6tqztk
1019,301,10,10,1,soja,20231124,20240412,140,6,6vx5,6vx5y,6vx5yv
392,41,21,4,1,soja,20241105,20250308,123,6,6ywk,6ywk8,6ywk8x
400,1,8,3,1,soja,20230918,20240102,106,6,6v85,6v85t,6v85tz
444,1,1,9,6,soja,20240105,20240601,148,6,6f4x,6f4xg,6f4xg3
392,1,15,130,2,soja,20231119,20240314,116,6,6yrj,6yrj3,6yrj37
184,1,1,2,1,soja,20201125,20210403,129,6,6yx9,6yx9j,6yx9jz
444,1,1,13,18,soja,20240109,20240514,126,6,6f4x,6f4xk,6f4xkt
221,41,25,44,25,soja,20231101,20240305,125,6,6u07,6u07t,6u07tt
444,1,1,13,18,soja,20240109,20240514,126,6,6f4x,6f4xk,6f4xkt
382,1,5,5,2,soja,20241028,20250222,117,6,6ug5,6ug5s,6ug5sv
1019,281,17,43,1,soja,20241119,20250404,136,6,6vx2,6vx2z,6vx2zg
278,1,18,7,6,soja,20221207,20230414,128,6,6y7u,6y7u0,6y7u0v
278,1,18,14,6,soja,20221201,20230503,153,6,6y7s,6y7sp,6y7sp3
1019,381,93,116,1,soja,20231202,20240412,132,6,6vxk,6vxkr,6vxkr0
176,1,8,815,1,soja,20211109,20220317,128,6,6ubu,6ubux,6ubuxt
176,1,8,815,1,soja,20211109,20220317,128,6,6ubu,6ubux,6ubuxt
221,41,25,79,25,soja,20231016,20240215,122,6,6u07,6u07m,6u07md
39,1,100,14188,1,soja,20221106,20230414,159,6,6dxh,6dxh7,6dxh7b
221,62,21,6,1,soja,20231029,20240304,127,6,6u95,6u95h,6u95hh
1019,141,8,24,1,soja,20231027,20240214,110,6,6yqx,6yqxq,6yqxqm
1019,221,39,225,1,soja,20241101,20250311,130,6,6tzy,6tzy0,6tzy07
460,61,2,142,1,soja,20251022,20260223,124,6,6vrq,6vrqc,6vrqc9
52,1,98,3702,2,soja,20221125,20230330,125,6,6ucz,6ucz0,6ucz06
52,1,57,628,2,soja,20201214,20210412,119,6,6ucz,6ucz8,6ucz88
52,1,18,440,2,soja,20201118,20210327,129,6,6ucz,6uczc,6uczcp
10,1,1,553,1,soja,20231023,20240312,141,6,6tqt,6tqt9,6tqt99
278,1,18,17,10,soja,20221206,20230301,85,6,6y7s,6y7sp,6y7sp9
1019,381,93,512,5,soja,20231013,20240201,111,6,6vxs,6vxsz,6vxszd
177,61,5,53,3,soja,20221205,20230413,129,6,6yx0,6yx02,6yx02n
359,1,1,18,1,soja,20221111,20230411,151,7,7n8j,7n8jh,7n8jhj
359,1,1,13,1,soja,20221220,20230411,112,7,7n8h,7n8h9,7n8h9f
52,1,90,1303,1,soja,20201020,20210302,133,6,6v18,6v18q,6v18qm
52,1,56,608,3,soja,20221023,20230301,129,6,6ucz,6uczb,6uczbe
1019,221,39,122,1,soja,20231107,20240205,90,6,6tzv,6tzvx,6tzvxr
1019,361,22,109,1,soja,20231222,20240501,131,6,6yps,6ypsp,6ypsp1
267,1,1,1,8,soja,20221006,20230213,130,6,6tw4,6tw4r,6tw4rk
36,1,1,37,2,soja,20200920,20210101,103,6,6v85,6v85d,6v85dy
221,63,23,20,3,soja,20231127,20240312,106,6,6v1g,6v1gz,6v1gzb
209,1,2,4,1,soja,20221001,20230126,117,6,6uu5,6uu50,6uu50b
52,1,8,83,1,soja,20211019,20220301,133,6,6v18,6v18n,6v18n4
42,41,1117,257,1,soja,20231124,20240402,130,6,6yrt,6yrte,6yrtem
444,1,1,2,6,soja,20240105,20240531,147,6,6f4x,6f4xe,6f4xev
52,1,86,843,1,soja,20201127,20210326,119,6,6v1b,6v1by,6v1by4
1019,261,64,56,1,soja,20241104,20250219,107,6,6yx0,6yx0n,6yx0nn
52,1,89,1207,2,soja,20211021,20220225,127,6,6ucz,6uczb,6uczbk
52,1,100,4912,3,soja,20201203,20210411,129,6,6ucx,6ucxv,6ucxvf
27,1,1,1,4,soja,20211117,20220401,135,6,6vzt,6vztt,6vzttt
52,1,22,212,3,soja,20211124,20220303,99,6,6ucx,6ucxw,6ucxwf
238,61,1,19,1,soja,20211107,20220301,114,6,6trm,6trmq,6trmqs
315,61,3,1,11,soja,20231102,20240220,110,6,6vfr,6vfrx,6vfrxk
30,41,2,5,1,soja,20201208,20210401,114,6,6yx8,6yx8d,6yx8dv
460,62,5,11,1,soja,20250925,20260111,108,6,6vxz,6vxze,6vxze8
360,42,573702,1684702,4,soja,20241021,20250210,112,6,6y5v,6y5vm,6y5vm9
315,61,3,2,11,soja,20231105,20240222,109,6,6vfr,6vfrw,6vfrwg
436,83,6,105,2,soja,20251109,20260308,119,6,6vzk,6vzkd,6vzkd3
1019,461,68,148,1,soja,20231107,20240213,98,6,6v88,6v88s,6v88se
52,1,54,603,1,soja,20221014,20230301,138,6,6v1b,6v1b1,6v1b13
42,1,1102,125,1,soja,20231116,20240312,117,6,6yxb,6yxb5,6yxb5r
52,1,93,1313,3,soja,20201201,20210329,118,6,6ucw,6ucwv,6ucwvp
10,1,1,231,1,soja,20230922,20240129,129,6,6tqm,6tqmm,6tqmmz
239,41,4,16,1,soja,20221022,20230331,160,6,6y02,6y02u,6y02ue
1019,241,2,203,3,soja,20231026,20240216,113,6,6vnu,6vnu6,6vnu6p
350,41,36,31,550,soja,20251201,20260407,127,6,6vze,6vzen,6vzent
42,41,1117,427,1,soja,20251210,20260412,123,6,6yrt,6yrte,6yrtey
52,1,13,63,3,soja,20211028,20220305,128,6,6ucx,6ucxn,6ucxnx
179,1,1,1,2,soja,20251103,20260304,121,7,7n84,7n846,7n8464
42,102,61,9,1,soja,20251203,20260330,117,6,6yrh,6yrh3,6yrh3s
1022,1,25,204,204,soja,20211113,20220320,127,6,6vrv,6vrv5,6vrv5v
278,1,18,10,5,soja,20221215,20230419,125,6,6y7e,6y7ez,6y7ezh
176,1,8,807,4,soja,20211127,20220401,125,6,6ubu,6ubux,6ubuxk
42,101,60,6,1,soja,20251123,20260312,109,6,6yxv,6yxvy,6yxvy6
232,1,1,3,3,soja,20211001,20220116,107,6,6vbt,6vbtm,6vbtmd
1019,261,64,61,1,soja,20231023,20240311,140,6,6yrp,6yrpm,6yrpmb
320,1,1,5,1,soja,20221018,20230314,147,7,7h0w,7h0ws,7h0wsy
221,1,2,11,1,soja,20221105,20230321,136,6,6u02,6u02q,6u02qy
1019,461,68,158,1,soja,20231013,20240208,118,6,6v88,6v885,6v8859
1022,1,5,37,37,soja,20211020,20220221,124,6,6vrs,6vrs5,6vrs51
1019,281,17,130,1,soja,20250923,20260129,128,6,6vx2,6vx2v,6vx2vt
1019,542,4,292,2,soja,20251112,20260309,117,6,6yrj,6yrjf,6yrjfg
52,1,48,469,2,soja,20201106,20210310,124,6,6v1b,6v1b0,6v1b07
350,1,35,1,121,soja,20221118,20230408,141,6,6vxn,6vxnn,6vxnnz
286,1,1,13,1,soja,20221017,20230225,131,6,6ttg,6ttgk,6ttgkp
52,1,15,426,3,soja,20221105,20230306,121,6,6ucx,6ucxx,6ucxxt
27,1,1,13,4,soja,20211125,20220403,129,6,6vzt,6vztx,6vztxh
52,1,15,434,3,soja,20221102,20230315,133,6,6ucx,6ucxz,6ucxz6
30,1,1,22,1,soja,20201202,20210405,124,6,6yrn,6yrne,6yrnet
35,7,5,6,1,soja,20231001,20240109,100,6,6tw1,6tw1f,6tw1f4
278,1,18,4,7,soja,20221201,20230410,130,6,6y7s,6y7sq,6y7sqz
361,1,1,395,1,soja,20230424,20230724,91,6,6vus,6vusk,6vuskx
52,1,94,1431,3,soja,20211109,20220310,121,6,6ucx,6ucxn,6ucxnc
52,1,22,214,2,soja,20201120,20210311,111,6,6ucx,6ucxx,6ucxx7
1019,381,93,160,1,soja,20231027,20240322,147,6,6vxs,6vxs3,6vxs34
52,1,14,419,3,soja,20201110,20210313,123,6,6ucx,6ucxr,6ucxr5
1019,241,2,214,3,soja,20231116,20240301,106,6,6vjf,6vjfn,6vjfn5
238,61,1,225,4,soja,20211123,20220330,127,6,6trt,6trtb,6trtbc
436,61,3,14,1,soja,20241102,20250303,121,6,6vzx,6vzx1,6vzx1r
10,1,1,277,1,soja,20231026,20240313,139,6,6tqm,6tqmt,6tqmt3
232,1,2,3,5,soja,20211025,20220115,82,6,6vbj,6vbju,6vbjud
400,1,2,9,1,soja,20241009,20250126,109,6,6tz8,6tz8c,6tz8cu
1019,181,44,9,1,soja,20231025,20240213,111,6,6vfe,6vfeq,6vfeq9
27,1,1,34,5,soja,20201110,20210324,134,6,6vzt,6vztm,6vztm0
176,41,4,403,1,soja,20221115,20230309,114,6,6vdu,6vdu9,6vdu9h
444,1,1,20,24,soja,20251121,20260414,144,6,6f4x,6f4xs,6f4xs1
1019,241,2,15,1,soja,20231027,20240301,126,6,6vn5,6vn5p,6vn5ph
1019,381,93,517,5,soja,20231016,20240206,113,6,6vxs,6vxsz,6vxsz0
232,1,2,1,5,soja,20211007,20220115,100,6,6vbj,6vbju,6vbju0
10,121,4,12,1,soja,20211013,20220222,132,6,6ttc,6ttch,6ttchn
1019,441,70,155,1,soja,20231020,20240206,109,6,6y00,6y008,6y008c
1019,441,70,155,1,soja,20231020,20240206,109,6,6y00,6y008,6y008c
232,1,1,5,1,soja,20211001,20220115,106,6,6vbt,6vbtk,6vbtkb
52,1,12,49,3,soja,20211103,20220306,123,6,6ucx,6ucxq,6ucxqq
232,1,2,2,11,soja,20211105,20220214,101,6,6vbj,6vbju,6vbju3
350,1,39,1,411,soja,20251109,20260403,145,6,6vxm,6vxmu,6vxmun
278,1,18,5,14,soja,20241121,20250401,131,6,6y7s,6y7sr,6y7srs
239,41,3,39,1,soja,20231122,20240316,115,6,6y02,6y020,6y020v
179,1,1,5,4,soja,20201214,20210413,120,7,7n84,7n846,7n846k
232,1,2,5,15,soja,20211021,20220308,138,6,6vbj,6vbjd,6vbjd6
42,1,1102,85,1,soja,20200123,20200416,84,6,6yx8,6yx8n,6yx8n2
360,61,572302,1615902,572802,soja,20231017,20240213,119,6,6ucq,6ucqk,6ucqkd
1019,201,62,6,1,soja,20230927,20231227,91,6,6tx0,6tx0h,6tx0hb
267,1,1,27,4,soja,20221020,20230207,110,6,6tw4,6tw4r,6tw4r0
30,101,5,71,1,soja,20231124,20240324,121,6,6yxj,6yxjb,6yxjbf
232,1,2,2,6,soja,20211026,20220202,99,6,6vbj,6vbju,6vbju3
278,1,18,3,3,soja,20231014,20240311,149,6,6y7g,6y7gc,6y7gce
278,1,18,3,3,soja,20231014,20240311,149,6,6y7g,6y7gc,6y7gce
52,1,94,1413,3,soja,20211125,20220406,132,6,6ucw,6ucwv,6ucwve
221,1,5,52,10,soja,20231102,20240301,120,6,6u03,6u03n,6u03n3
350,41,36,4,516,soja,20251027,20260321,145,6,6vzd,6vzdu,6vzdub
232,1,2,1,13,soja,20211025,20220221,119,6,6vbj,6vbju,6vbju0
1019,543,11,109,1,soja,20251122,20260318,116,6,6yk0,6yk0t,6yk0t5
1019,542,4,215,2,soja,20251110,20260318,128,6,6yrn,6yrn5,6yrn56
331,41,1,5,1,soja,20221130,20230304,94,6,6gcw,6gcwm,6gcwm7
52,1,57,612,2,soja,20201209,20210406,118,6,6ucz,6uczb,6uczbb
1019,161,18,219,1,soja,20241108,20250329,141,6,6vzj,6vzjr,6vzjr8
238,61,1,139,4,soja,20211111,20220306,115,6,6trt,6trt8,6trt8g
1019,281,17,33,1,soja,20231115,20240410,147,6,6vx3,6vx3p,6vx3pe
299,1,1,4,1,soja,20221103,20230301,118,6,6y0x,6y0xt,6y0xtv
52,1,82,704,2,soja,20201101,20210221,112,6,6v1b,6v1b3,6v1b31
483,1,1,1,5,soja,20241010,20250204,117,6,6twq,6twq4,6twq4s
42,103,59,58,1,soja,20251210,20260422,133,6,6yrm,6yrmv,6yrmv0
10,1,1,2,2,soja,20201023,20210206,106,6,6tqt,6tqt8,6tqt8h
1019,381,93,144,1,soja,20231012,20240202,113,6,6vxs,6vxs0,6vxs0w
327,1,402,58,1,soja,20221007,20230130,115,6,6vrx,6vrxn,6vrxn4
390,1,1,4,1,soja,20231007,20240201,117,6,6vjd,6vjde,6vjde5
10,1,1,259,1,soja,20230930,20240221,144,6,6tqm,6tqmw,6tqmwj
52,1,53,491,3,soja,20201114,20210306,112,6,6ucx,6ucxx,6ucxx8
1019,241,2,41,1,soja,20231124,20240307,104,6,6vn5,6vn5m,6vn5mj
400,1,11,1,1,soja,20241008,20250115,99,6,6tz8,6tz85,6tz85g
315,1,1,3,4,soja,20221004,20230125,113,6,6vg1,6vg1q,6vg1qf
52,1,99,4001,1,soja,20201120,20210410,141,6,6v1c,6v1cq,6v1cqp
36,1,1,23,2,soja,20200915,20210108,115,6,6v85,6v85g,6v85gk
232,1,2,4,9,soja,20211016,20220122,98,6,6vbj,6vbjg,6vbjgb
52,1,113,5652,4,soja,20201129,20210415,137,6,6ucy,6ucyc,6ucyc7
460,63,8,3,1,soja,20251109,20260415,157,6,6vrw,6vrw3,6vrw3p
436,82,5,161,1,soja,20250926,20260124,120,6,6vxx,6vxxj,6vxxj4
52,1,113,5655,4,soja,20201127,20210414,138,6,6ucy,6ucyc,6ucycu
52,1,18,5720,2,soja,20201019,20210209,113,6,6ucz,6uczc,6uczcp
51,1,12,6,1,soja,20211108,20220406,149,6,6vzq,6vzq0,6vzq0u
320,1,1,16,1,soja,20221011,20230307,147,7,7h0w,7h0we,7h0wew
390,1,4,4,1,soja,20231120,20240427,159,6,6vjd,6vjde,6vjdez
1019,141,8,50,1,soja,20231013,20240201,111,6,6yqw,6yqwv,6yqwvh
36,1,1,40,3,soja,20201023,20210210,110,6,6v85,6v85e,6v85ew
52,1,114,5680,2,soja,20211104,20220322,138,6,6ucz,6uczj,6uczjd
487,1,2,2,1,soja,20241104,20250305,121,6,6vqq,6vqqc,6vqqcb
52,1,94,1410,3,soja,20211122,20220406,135,6,6ucw,6ucwv,6ucwv3
30,121,6,6,1,soja,20241022,20250222,123,6,6ywu,6ywuw,6ywuwe
444,1,1,1,9,soja,20250110,20250506,116,6,6f4x,6f4xu,6f4xu4
284,1,1,2,1,soja,20230113,20230419,96,7,7h0w,7h0wf,7h0wf8
413,1,2,1,4,soja,20231008,20240117,101,6,6vbj,6vbju,6vbju0
1019,161,18,211,1,soja,20241110,20250402,143,6,6vzm,6vzm2,6vzm2h
360,61,572302,1616302,572802,soja,20231017,20240201,107,6,6ucq,6ucqm,6ucqm1
127,1,1,26,1,soja,20201107,20210410,154,6,6vq8,6vq8w,6vq8wn
359,1,1,21,1,soja,20221118,20230411,144,7,7n8h,7n8hg,7n8hgx
52,1,47,463,1,soja,20251108,20260313,125,6,6v18,6v18p,6v18p7
52,1,47,463,1,soja,20251108,20260313,125,6,6v18,6v18p,6v18p7
253,1,3,23,3,soja,20211120,20220327,127,6,6yru,6yrun,6yrund
400,1,11,4,1,soja,20241001,20250116,107,6,6tz8,6tz85,6tz853
232,1,2,4,8,soja,20211019,20220204,108,6,6vbj,6vbjg,6vbjgb
239,41,2,4,1,soja,20221009,20230203,117,6,6y02,6y02y,6y02y1
221,1,3,23,16,soja,20231028,20240302,126,6,6u02,6u02t,6u02ty
329,1,1,1019,2,soja,20221203,20230415,133,6,6ytj,6ytjb,6ytjbb
401,1,1,31,1,soja,20231124,20240327,124,6,6zmn,6zmnx,6zmnx5
52,1,97,1705,3,soja,20211101,20220306,125,6,6ucx,6ucxn,6ucxnj
278,1,18,10,15,soja,20221208,20230412,125,6,6y7e,6y7ez,6y7ezh
42,61,20,55,1,soja,20241122,20250320,118,7,7n8d,7n8d6,7n8d6r
253,1,1,12,5,soja,20211119,20220301,102,6,6yrf,6yrfg,6yrfg2
436,41,2,77,1,soja,20241029,20250310,132,6,6vz7,6vz7w,6vz7wc
42,1,1102,189,1,soja,20231202,20240418,138,6,6yrx,6yrxz,6yrxz1
275,1,100,28,7,soja,20251012,20260215,126,6,6ugs,6ugst,6ugstj
52,1,97,1707,3,soja,20211101,20220303,122,6,6ucx,6ucxn,6ucxn1
52,1,52,3200,4,soja,20201126,20210405,130,6,6ucz,6ucz1,6ucz16
1019,81,83,110,1,soja,20230919,20240205,139,6,6udt,6udt6,6udt6s
27,1,1,3,3,soja,20211117,20220330,133,6,6vzt,6vztv,6vztv8
329,1,1,1023,2,soja,20221108,20230417,160,6,6ytj,6ytj8,6ytj8w
1019,401,77,109,1,soja,20230927,20240103,98,6,6v82,6v82d,6v82dv
52,1,118,350,3,soja,20221017,20230310,144,6,6ucx,6ucxy,6ucxyx
42,81,21,43,1,soja,20251109,20260304,115,6,6yvb,6yvby,6yvbyq
444,1,1,4,14,soja,20240116,20240526,131,6,6f4x,6f4xu,6f4xuv
52,1,94,1422,3,soja,20211110,20220313,123,6,6ucw,6ucwy,6ucwyk
127,1,2,82,2,soja,20251112,20260407,146,6,6vqb,6vqbb,6vqbbb
436,83,6,74,1,soja,20251011,20260207,119,6,6vzm,6vzmd,6vzmd1
10,161,5,48,2,soja,20221112,20230302,110,6,6tye,6tye8,6tye8w
1019,161,18,504,3,soja,20231101,20240310,130,6,6vz5,6vz5d,6vz5dm
315,1,1,9,12,soja,20221110,20230202,84,6,6vf8,6vf8e,6vf8ev
444,1,1,10,28,soja,20240102,20240517,136,6,6f4x,6f4xe,6f4xeq
221,61,19,247,6,soja,20231209,20240420,133,6,6v0c,6v0cw,6v0cw5
1019,341,23,32,1,soja,20240103,20240413,101,6,6yrt,6yrt1,6yrt19
1019,441,70,150,2,soja,20241108,20250219,103,6,6y00,6y008,6y0080
1019,181,44,34,2,soja,20241019,20250213,117,6,6vfe,6vfer,6vferv
36,1,1,77,3,soja,20201116,20210316,120,6,6v85,6v85c,6v85cz
52,1,77,3301,3,soja,20201103,20210305,122,6,6v18,6v18m,6v18m0
1019,361,22,312,1,soja,20231228,20240426,120,6,6ypd,6ypdh,6ypdhr
1019,441,70,241,1,soja,20231024,20240217,116,6,6wpc,6wpcn,6wpcnp
1019,441,70,241,1,soja,20231024,20240217,116,6,6wpc,6wpcn,6wpcnp
1019,221,39,117,1,soja,20231008,20240116,100,6,6tzv,6tzvx,6tzvx0
426,1,1,6,1,soja,20231108,20240328,141,7,7n85,7n854,7n8540
52,1,100,4900,2,soja,20201119,20210403,135,6,6ucx,6ucxw,6ucxwk
52,1,12,59,3,soja,20211101,20220305,124,6,6ucx,6ucxq,6ucxq9
1019,181,44,29,1,soja,20231007,20240206,122,6,6vfe,6vfep,6vfept
221,1,6,63,11,soja,20231212,20240402,112,6,6u02,6u02z,6u02z6
315,61,3,16,11,soja,20231206,20240314,99,6,6vfr,6vfrw,6vfrwp
379,41,5001,18,1,soja,20231009,20240304,147,6,6vxd,6vxd4,6vxd4f
341,1,1,10,1,soja,20231017,20240215,121,6,6y0e,6y0es,6y0ese
52,1,90,1304,1,soja,20201020,20210301,132,6,6v18,6v18q,6v18qk
51,1,8,37,2,soja,20241125,20250222,89,6,6vzk,6vzk2,6vzk2g
1019,543,11,2317,2,soja,20251122,20260312,110,6,6yk0,6yk0j,6yk0jd
315,41,2,1,1,soja,20221007,20230213,129,6,6v0t,6v0tm,6v0tmq
27,1,1,17,4,soja,20211125,20220402,128,6,6vzt,6vztu,6vztu3
51,1,8,26,1,soja,20201101,20210312,131,6,6vzk,6vzk3,6vzk32
267,1,1,29,4,soja,20221020,20230227,130,6,6tw4,6tw4n,6tw4nx
10,1,1,179,1,soja,20231019,20240213,117,6,6tqt,6tqt9,6tqt9j
360,1,871802,65,1683502,soja,20231117,20240316,120,6,6y24,6y240,6y240d
299,1,1,3,1,soja,20221102,20230301,119,6,6y0x,6y0xw,6y0xw4
392,1,15,15,1,soja,20231129,20240311,103,6,6yrj,6yrjf,6yrjfp
42,103,59,7,1,soja,20251127,20260322,115,6,6yrq,6yrqx,6yrqxu
329,1,1,1025,2,soja,20221028,20230224,119,6,6ytj,6ytjb,6ytjb1
15,1,1,125,2,soja,20241024,20250306,133,6,6vx7,6vx76,6vx76q
42,103,59,45,1,soja,20251201,20260414,134,6,6yrm,6yrmu,6yrmu3
42,103,59,45,1,soja,20251201,20260414,134,6,6yrm,6yrmu,6yrmu3
52,1,8,81,1,soja,20211019,20220213,117,6,6v18,6v18n,6v18nk
1019,81,83,131,1,soja,20231103,20240212,101,6,6udt,6udt6,6udt6v
52,1,94,1429,3,soja,20211108,20220311,123,6,6ucx,6ucxp,6ucxp5
36,1,1,36,2,soja,20200920,20210102,104,6,6v85,6v85e,6v85ej
1019,1,72,34,2,soja,20231023,20240114,83,6,6ttb,6ttbw,6ttbw7
360,41,421147202,6240218102,1016974902,soja,20231024,20240217,116,6,6y5v,6y5v7,6y5v7q
52,1,101,5114,3,soja,20201203,20210401,119,6,6ucx,6ucxj,6ucxjn
436,83,6,119,2,soja,20251024,20260308,135,6,6vzk,6vzkd,6vzkd9
36,1,1,26,2,soja,20200919,20210111,114,6,6v85,6v85g,6v85gd
483,1,1,11,1,soja,20241006,20250107,93,6,6twq,6twq6,6twq60
466,1,1,50,1,soja,20251206,20260409,124,7,7n80,7n80b,7n80bz
361,1,1,110,1,soja,20240514,20240905,114,6,6vut,6vuth,6vuthu
27,1,1,47,5,soja,20201108,20210322,134,6,6vzw,6vzwh,6vzwh4
1019,261,64,16,1,soja,20241102,20250317,135,6,6yx0,6yx0n,6yx0ny
221,1,2,22,5,soja,20211118,20220316,118,6,6u02,6u02w,6u02w3
52,1,93,1311,3,soja,20201126,20210401,126,6,6ucw,6ucwu,6ucwuz
350,1,39,1,404,soja,20251124,20260422,149,6,6vxm,6vxmu,6vxmun
1019,421,74,111,1,soja,20231012,20240216,127,6,6tqz,6tqz7,6tqz7z
1019,421,74,111,1,soja,20231012,20240216,127,6,6tqz,6tqz7,6tqz7z
1019,281,17,122,1,soja,20251021,20260209,111,6,6vx3,6vx3j,6vx3jc
483,1,1,2,2,soja,20241017,20250201,107,6,6twq,6twq4,6twq4v
413,1,2,6,9,soja,20251017,20260217,123,6,6vbn,6vbn6,6vbn64
401,1,1,10,9,soja,20231128,20240330,123,6,6zmn,6zmnx,6zmnxy
24,1,2001,209,1,soja,20201103,20210220,109,6,6uge,6uge0,6uge0r
1019,261,64,36,1,soja,20231205,20240319,105,6,6yrp,6yrpq,6yrpq6
182,161,1,5,1,soja,20251116,20260330,134,6,6vxk,6vxk4,6vxk4r
1019,421,74,138,1,soja,20231006,20231229,84,6,6tqz,6tqzq,6tqzq5
425,41,2,14,2,soja,20231012,20240207,118,6,6tmy,6tmyc,6tmycf
487,1,2,3,5,soja,20241107,20250303,116,6,6vqn,6vqnw,6vqnwt
1019,281,17,153,1,soja,20251209,20260408,120,6,6vx2,6vx2y,6vx2yt
278,1,18,6,12,soja,20231101,20240303,123,6,6y7u,6y7u8,6y7u8e
444,1,1,6,4,soja,20250111,20250506,115,6,6f4x,6f4xe,6f4xef
221,41,24,15,24,soja,20231208,20240403,117,6,6u07,6u07g,6u07gm
221,41,25,54,25,soja,20231028,20240302,126,6,6u07,6u07w,6u07wr
177,42,107,2,3,soja,20201203,20210408,126,6,6yr5,6yr5n,6yr5nq
36,1,1,33,2,soja,20200929,20210126,119,6,6v85,6v85g,6v85gr
402,1,2,4,1,soja,20231012,20240205,116,6,6twk,6twk9,6twk9h
350,1,35,1,113,soja,20221109,20230403,145,6,6vxn,6vxnn,6vxnnz
374,1,1,11,10,soja,20251127,20260414,138,6,6yx6,6yx6z,6yx6zg
52,1,93,1309,3,soja,20201201,20210401,121,6,6ucx,6ucxh,6ucxhf
281,1,1,4,1,soja,20221025,20230208,106,6,6y38,6y38d,6y38d7
1019,543,11,110,1,soja,20251122,20260311,109,6,6yk0,6yk0t,6yk0th
1019,161,18,508,3,soja,20231024,20240318,146,6,6vz5,6vz5f,6vz5fh
487,1,3,1,2,soja,20241022,20250208,109,6,6vqn,6vqnt,6vqntq
232,1,1,8,1,soja,20211001,20220118,109,6,6vbt,6vbth,6vbthx
1019,221,39,200,1,soja,20241024,20250220,119,6,6tzw,6tzwr,6tzwr8
52,1,11,46,3,soja,20201123,20210328,125,6,6ucx,6ucxq,6ucxq1
315,61,3,18,11,soja,20231206,20240325,110,6,6vfr,6vfry,6vfry1
1019,201,62,111,1,soja,20231031,20240228,120,6,6tx2,6tx29,6tx29g
221,61,16,227,8,soja,20231201,20240401,122,6,6v0c,6v0cz,6v0czc
52,1,86,837,1,soja,20201128,20210507,160,6,6v1b,6v1bs,6v1bsv
281,1,1,30,1,soja,20221108,20230130,83,6,6y38,6y38d,6y38d2
1019,241,2,53,1,soja,20231101,20240228,119,6,6vn5,6vn5u,6vn5u0
10,161,5,81,3,soja,20241125,20250401,127,6,6tys,6tys9,6tys9r
221,61,16,225,8,soja,20231209,20240415,128,6,6v0c,6v0cz,6v0cz1
327,1,402,10,1,soja,20221024,20230220,119,6,6vrw,6vrw7,6vrw7e
350,1,35,3,407,soja,20231117,20240409,144,6,6vxq,6vxq3,6vxq3h
24,1,1001,228,1,soja,20201101,20210320,139,6,6uge,6uge5,6uge5t
1019,181,44,6,2,soja,20241021,20250121,92,6,6vfe,6vfeq,6vfeq0
52,1,89,1201,2,soja,20211019,20220218,122,6,6v1b,6v1b0,6v1b0d
315,1,1,5,11,soja,20221020,20230209,112,6,6vf9,6vf92,6vf92t
278,1,18,4,12,soja,20221201,20230412,132,6,6y7s,6y7sq,6y7sqz
52,1,102,5200,2,soja,20211125,20220410,136,6,6ucy,6ucyg,6ucygq
52,1,107,4531,1,soja,20211209,20220407,119,6,6v1f,6v1f0,6v1f06
392,41,21,11,3,soja,20251201,20260404,124,6,6ywk,6ywk2,6ywk25
1019,141,8,35,1,soja,20231018,20240225,130,6,6yqx,6yqxz,6yqxz6
390,1,7,5,1,soja,20231201,20240406,127,6,6uvp,6uvp7,6uvp7m
52,1,57,616,2,soja,20201212,20210408,117,6,6ucz,6ucz9,6ucz95
15,41,2,58,3,soja,20221105,20230413,159,6,6vxv,6vxvt,6vxvt1
350,1,35,2,308,soja,20221104,20230320,136,6,6vxq,6vxq2,6vxq2d
299,1,6,12,1,soja,20221023,20230216,116,6,6y28,6y280,6y280s
4,2,2,18,4,soja,20201023,20210128,97,6,6vb6,6vb6d,6vb6dt
1019,401,77,116,1,soja,20230921,20240117,118,6,6v82,6v827,6v827n
1019,421,74,160,1,soja,20231001,20240102,93,6,6tqz,6tqzj,6tqzj1
175,1,1,32,7,soja,20211105,20220212,99,6,6ym3,6ym33,6ym336
221,61,17,238,9,soja,20231207,20240411,126,6,6v11,6v118,6v1185
221,61,17,238,9,soja,20231207,20240411,126,6,6v11,6v118,6v1185
278,1,18,3,10,soja,20221019,20230213,117,6,6y7g,6y7gc,6y7gce
52,1,114,5685,4,soja,20201207,20210408,122,6,6ucz,6uczn,6uczn4
52,1,114,5685,2,soja,20211101,20220314,133,6,6ucz,6uczn,6uczn4
39,1,15,1555,7,soja,20211201,20220423,143,6,6dxh,6dxhs,6dxhs0
444,1,1,3,21,soja,20241221,20250425,125,6,6f4x,6f4xu,6f4xut
52,1,4,22,1,soja,20201106,20210311,125,6,6v18,6v18n,6v18nv
42,1,1102,186,1,soja,20231211,20240328,108,6,6yrx,6yrxv,6yrxvu
15,41,2,50,3,soja,20221111,20230408,148,6,6vxv,6vxvv,6vxvv2
27,1,1,51,5,soja,20201108,20210322,134,6,6vzw,6vzwh,6vzwhc
52,1,17,99,2,soja,20201105,20210320,135,6,6ucz,6uczb,6uczbj
42,101,60,5,1,soja,20251202,20260411,130,6,6yxv,6yxvx,6yxvx4
232,1,2,7,6,soja,20211016,20220125,101,6,6vbn,6vbn6,6vbn60
487,1,3,1,1,soja,20241017,20250222,128,6,6vqn,6vqnt,6vqntq
238,61,1,35,1,soja,20211101,20220216,107,6,6trm,6trmr,6trmrh
1019,161,18,205,1,soja,20231220,20240401,103,6,6vzm,6vzm8,6vzm83
350,1,35,1,123,soja,20221113,20230408,146,6,6vxn,6vxnn,6vxnnz
15,41,2,21,3,soja,20220917,20230112,117,6,6vxy,6vxyj,6vxyj7
184,1,1,27,1,soja,20201117,20210316,119,6,6yx9,6yx9y,6yx9y7
253,1,3,25,3,soja,20211126,20220329,123,6,6yru,6yrun,6yrun4
329,1,1,1037,3,soja,20221116,20230411,146,6,6ytj,6ytjc,6ytjcn
350,1,35,2,307,soja,20221105,20230309,124,6,6vxq,6vxq2,6vxq2d
1019,181,44,52,2,soja,20241101,20250301,120,6,6vfe,6vfez,6vfez1
444,1,1,1,6,soja,20240105,20240531,147,6,6f4x,6f4xu,6f4xu4
392,41,21,15,4,soja,20251203,20260414,132,6,6ywh,6ywhx,6ywhxy
52,1,101,5112,3,soja,20201203,20210404,122,6,6ucx,6ucxh,6ucxhd
278,1,18,2,3,soja,20231211,20240322,102,6,6y7s,6y7sr,6y7srv
330,1,5,31,1,soja,20230117,20230510,113,6,6f68,6f68y,6f68y4
350,1,35,1,120,soja,20221125,20230411,137,6,6vxn,6vxnn,6vxnnz
52,1,53,495,3,soja,20201113,20210308,115,6,6ucx,6ucxr,6ucxrm
400,1,10,15,1,soja,20241105,20250226,113,6,6txh,6txhy,6txhyz
278,1,18,9,11,soja,20221217,20230404,108,6,6y7v,6y7v2,6y7v2h
457,1,1,1,1,soja,20241226,20250515,140,6,6f4j,6f4jv,6f4jvq
52,1,86,853,1,soja,20221104,20230403,150,6,6v1c,6v1cn,6v1cng
330,1,88,6,1,soja,20230107,20230514,127,6,6f68,6f68k,6f68k7
39,1,100,1317,1,soja,20231129,20240426,149,6,6dxh,6dxhv,6dxhv2
1019,201,62,102,2,soja,20231001,20240112,103,6,6tx0,6tx0n,6tx0n8
253,1,3,14,1,soja,20221116,20230328,132,6,6yrg,6yrgy,6yrgy7
278,1,18,8,14,soja,20241124,20250402,129,6,6y7u,6y7u1,6y7u1t
221,61,20,252,4,soja,20231215,20240408,115,6,6v0c,6v0cq,6v0cq0
15,41,2,62,2,soja,20241123,20250411,139,6,6vxv,6vxvs,6vxvsz
27,1,1,181,3,soja,20221113,20230306,113,6,6vzt,6vzty,6vztyc
230,1,1,13,4,soja,20211016,20220305,140,6,6v2q,6v2q9,6v2q9k
1019,341,23,25,1,soja,20231223,20240401,100,6,6yrs,6yrs4,6yrs4t
39,1,14,1458,4,soja,20211212,20220508,147,6,6dxh,6dxhs,6dxhsy
209,1,10,205,4,soja,20231204,20240319,106,6,6uu4,6uu4m,6uu4mm
444,1,1,13,17,soja,20240102,20240518,137,6,6f4x,6f4xk,6f4xkt
52,1,97,1709,3,soja,20211028,20220301,124,6,6ucw,6ucwv,6ucwvz
1022,1,5,50007,50007,soja,20221101,20230323,142,6,6vrs,6vrs4,6vrs4c
361,1,1,381,1,soja,20230517,20230909,115,6,6vut,6vutj,6vutju
350,1,39,4,406,soja,20251118,20260416,149,6,6vxm,6vxmu,6vxmuv
1019,381,93,238,2,soja,20240110,20240410,91,6,6vxk,6vxkq,6vxkqx
52,1,15,426,2,soja,20201218,20210328,100,6,6ucx,6ucxx,6ucxxt
1019,461,68,151,1,soja,20231009,20240201,115,6,6v2x,6v2xe,6v2xes
15,1,1,1,11,soja,20241106,20250309,123,6,6vx6,6vx69,6vx69k
51,1,8,5,1,soja,20211102,20220316,134,6,6vzk,6vzk2,6vzk21
238,61,1,118,2,soja,20211204,20220314,100,6,6trt,6trt8,6trt81
1019,521,500,33,1,soja,20251025,20260301,127,6,6vf7,6vf7k,6vf7kp
1019,281,17,123,1,soja,20250928,20260120,114,6,6vx3,6vx3n,6vx3n7
52,1,51,487,2,soja,20221205,20230401,117,6,6ucz,6ucz3,6ucz31
36,1,1,4,2,soja,20201113,20210309,116,6,6v8h,6v8hh,6v8hh7
1019,81,83,121,1,soja,20231101,20240210,101,6,6udt,6udt9,6udt9b
42,1,1102,131,1,soja,20231106,20240326,141,6,6yxb,6yxb2,6yxb29
52,1,102,5200,2,soja,20211125,20220410,136,6,6ucy,6ucyg,6ucygq
466,1,1,30,1,soja,20241019,20250216,120,6,6yxc,6yxcx,6yxcxb
1019,421,74,165,1,soja,20231002,20240107,97,6,6tqz,6tqzj,6tqzj3
1019,281,17,120,1,soja,20251015,20260128,105,6,6vx2,6vx2v,6vx2vr
444,1,1,12,18,soja,20240109,20240515,127,6,6f4x,6f4xg,6f4xg8
315,1,1,2,1,soja,20221030,20230301,122,6,6vg1,6vg1q,6vg1qu
27,1,1,7,3,soja,20211112,20220326,134,6,6vzt,6vzts,6vztsc
1022,1,5,38,38,soja,20211030,20220317,138,6,6vrs,6vrs5,6vrs56
390,1,3,6,1,soja,20231026,20240214,111,6,6vjd,6vjdd,6vjdd6
52,1,48,469,2,soja,20201106,20210310,124,6,6v1b,6v1b0,6v1b07
27,1,1,10,3,soja,20211111,20220324,133,6,6vzt,6vztw,6vztwd
253,1,2,14,2,soja,20221201,20230319,108,6,6yrd,6yrd7,6yrd7j
15,1,1,3,10,soja,20201109,20210401,143,6,6vx7,6vx7h,6vx7hx
52,1,107,4525,1,soja,20201101,20210313,132,6,6v19,6v19z,6v19zg
238,61,1,119,2,soja,20211207,20220325,108,6,6trt,6trt8,6trt80
315,1,1,1,1,soja,20221101,20230301,120,6,6vf8,6vf8n,6vf8ne
51,1,10,3,1,soja,20201210,20210408,119,6,6vz7,6vz78,6vz787
466,1,1,32,1,soja,20241126,20250310,104,6,6yxb,6yxbz,6yxbzu
315,1,1,3,6,soja,20221106,20230309,123,6,6vg1,6vg1q,6vg1qf
10,1,1,556,1,soja,20231009,20240220,134,6,6tqt,6tqt9,6tqt9s
1019,221,39,208,2,soja,20231025,20240216,114,6,6tzy,6tzy8,6tzy8g
52,1,89,1201,2,soja,20211019,20220218,122,6,6v1b,6v1b0,6v1b0d
379,61,4001,213,4,soja,20231209,20240419,132,6,6gk6,6gk65,6gk65y
253,1,3,20,1,soja,20221202,20230402,121,6,6yrg,6yrgz,6yrgzx
24,1,2001,102,1,soja,20201028,20210309,132,6,6uge,6uge3,6uge3h
177,42,107,3,1,soja,20201202,20210325,113,6,6yr5,6yr5k,6yr5kp
176,41,4,401,1,soja,20221119,20230307,108,6,6vdu,6vdu9,6vdu9m
52,1,114,5670,2,soja,20211110,20220410,151,6,6ucy,6ucyu,6ucyuh
36,1,1,15,3,soja,20231006,20240114,100,6,6v85,6v85f,6v85ft
361,1,1,367,1,soja,20230524,20230818,86,6,6vus,6vusu,6vusup
360,42,573602,1665702,3,soja,20231122,20240315,114,6,6y5v,6y5vp,6y5vpj
1019,441,70,154,1,soja,20231101,20240206,97,6,6y00,6y008,6y008g
267,1,1,8,6,soja,20221018,20230205,110,6,6tw4,6tw4r,6tw4r8
436,83,6,107,2,soja,20251022,20260219,120,6,6vzk,6vzkd,6vzkdk
335,1,2,12,1,soja,20221121,20230213,84,6,6tyw,6tywp,6tywpx
350,1,38,3,203,soja,20251118,20260409,142,6,6vxm,6vxmf,6vxmfm
1019,181,44,31,2,soja,20241011,20250212,124,6,6vfe,6vfep,6vfepz
1019,241,2,105,2,soja,20231117,20240321,125,6,6vjf,6vjfj,6vjfjq
42,1,1102,122,2,soja,20221206,20230326,110,6,6yx8,6yx8e,6yx8ec
1022,1,25,107,107,soja,20211009,20220127,110,6,6vru,6vru9,6vru9g
1019,421,74,135,1,soja,20231012,20240206,117,6,6tqz,6tqzw,6tqzw5
436,61,3,4,1,soja,20240923,20250228,158,6,6vzx,6vzx1,6vzx1y
175,62,2,214,5,soja,20231116,20240311,116,6,6yk9,6yk9k,6yk9kp
127,1,4,129,4,soja,20251128,20260420,143,6,6vnz,6vnz0,6vnz0w
10,1,1,516,1,soja,20231003,20240105,94,6,6tqm,6tqmz,6tqmzu
481,1,4,1,1,soja,20241027,20250313,137,6,6ucf,6ucfw,6ucfwh
374,1,8,6,8,soja,20241123,20250326,123,6,6yx7,6yx7v,6yx7v0
283,1,1,10,1,soja,20220923,20230201,131,6,6ucn,6ucnm,6ucnmb
221,41,25,91,25,soja,20231108,20240305,118,6,6u07,6u07m,6u07m1
1019,241,2,208,3,soja,20231116,20240327,132,6,6vnu,6vnu6,6vnu6w
1019,543,11,306,1,soja,20251014,20260303,140,6,6yk0,6yk07,6yk07b
52,1,107,4520,1,soja,20201102,20210312,130,6,6v1c,6v1cb,6v1cb0
52,1,4,14,1,soja,20201021,20210222,124,6,6v18,6v18r,6v18r6
1019,181,44,33,1,soja,20231007,20240214,130,6,6vfg,6vfg2,6vfg21
1019,181,44,33,1,soja,20231007,20240214,130,6,6vfg,6vfg2,6vfg21
426,1,1,5,1,soja,20231210,20240401,113,7,7n84,7n84f,7n84fj
127,1,1,41,1,soja,20251105,20260324,139,6,6vq8,6vq8t,6vq8tq
42,102,61,6,1,soja,20251203,20260401,119,6,6yrh,6yrh3,6yrh3d
221,41,25,77,25,soja,20231101,20240305,125,6,6u07,6u07q,6u07qj
221,41,25,77,25,soja,20231101,20240305,125,6,6u07,6u07q,6u07qj
253,1,3,15,3,soja,20211121,20220326,125,6,6yrg,6yrgz,6yrgzm
10,1,1,208,1,soja,20231023,20240301,130,6,6tqt,6tqtd,6tqtdr
1019,1,72,119,1,soja,20231026,20240216,113,6,6tw0,6tw0m,6tw0mq
52,1,97,1702,3,soja,20211105,20220308,123,6,6ucx,6ucxn,6ucxns
1019,1,72,121,1,soja,20231017,20240216,122,6,6tw0,6tw0q,6tw0qj
350,1,35,1,118,soja,20221120,20230412,143,6,6vxn,6vxnn,6vxnnz
1019,401,77,203,2,soja,20231124,20240309,106,6,6try,6tryp,6trypy
256,1,1,27,1,soja,20241021,20250214,116,6,6vcm,6vcmv,6vcmv9
350,1,39,3,408,soja,20251110,20260417,158,6,6vxm,6vxmg,6vxmgu
1019,441,70,115,1,soja,20231016,20240209,116,6,6wpb,6wpbr,6wpbr1
1019,441,70,115,1,soja,20231016,20240209,116,6,6wpb,6wpbr,6wpbr1
350,1,39,3,410,soja,20251108,20260404,147,6,6vxm,6vxmg,6vxmgu
232,1,1,2,2,soja,20211003,20220121,110,6,6vbt,6vbtm,6vbtm9
1019,281,17,161,1,soja,20251205,20260402,118,6,6vx2,6vx2y,6vx2yd
1019,241,2,117,2,soja,20241016,20250205,112,6,6vjf,6vjfn,6vjfnn
390,1,2,7,1,soja,20231122,20240401,131,6,6vjd,6vjd5,6vjd51
1019,241,2,302,3,soja,20241016,20250207,114,6,6vnu,6vnup,6vnupb
1019,281,17,113,1,soja,20250927,20260121,116,6,6vx3,6vx3n,6vx3nm
10,101,2,29,2,soja,20201025,20210221,119,6,6trh,6trh8,6trh8z
239,1,1,35,2,soja,20211006,20220126,112,6,6y13,6y13b,6y13bw
350,1,35,2,301,soja,20221105,20230324,139,6,6vxq,6vxq2,6vxq2d
1019,1,72,29,2,soja,20230915,20231227,103,6,6ttb,6ttbt,6ttbtq
42,103,59,47,1,soja,20251201,20260424,144,6,6yrm,6yrms,6yrmss
42,103,59,47,1,soja,20251201,20260424,144,6,6yrm,6yrms,6yrmss
52,1,4,10,1,soja,20201022,20210225,126,6,6v18,6v18r,6v18rz
374,42,1,10,9,soja,20251120,20260320,120,6,6yxr,6yxrp,6yxrpd
350,1,35,3,103,soja,20221118,20230415,148,6,6vxq,6vxq3,6vxq3h
1019,461,68,157,1,soja,20231013,20240208,118,6,6v88,6v885,6v8859
267,1,1,52,7,soja,20221025,20230202,100,6,6tw4,6tw4x,6tw4x3
24,1,2001,225,1,soja,20201101,20210329,148,6,6uge,6uge8,6uge82
267,1,1,8,8,soja,20220930,20230111,103,6,6tw4,6tw4r,6tw4r8
221,1,2,13,6,soja,20211012,20220214,125,6,6u02,6u02w,6u02w0
1019,181,44,29,2,soja,20241022,20250212,113,6,6vfe,6vfep,6vfept
444,1,1,7,28,soja,20240102,20240518,137,6,6f4x,6f4xs,6f4xs7
239,1,1,27,1,soja,20211104,20220218,106,6,6y11,6y11x,6y11xq
36,1,1,24,2,soja,20201005,20210201,119,6,6v85,6v85g,6v85gt
221,41,25,41,25,soja,20231023,20240226,126,6,6u07,6u07t,6u07t4
221,41,25,41,25,soja,20231023,20240226,126,6,6u07,6u07t,6u07t4
374,42,1,6,9,soja,20251119,20260317,118,6,6yxr,6yxrp,6yxrpw
425,41,2,4,1,soja,20231004,20240201,120,6,6tmy,6tmyc,6tmycr
350,1,35,3,109,soja,20221130,20230504,155,6,6vxq,6vxq3,6vxq3h
39,1,15,1535,7,soja,20211226,20220423,118,6,6dxh,6dxhs,6dxhs1
51,1,12,2,5,soja,20241116,20250307,111,6,6vzq,6vzq1,6vzq12
331,41,1,3,1,soja,20221005,20230225,143,6,6gcw,6gcwm,6gcwmm
52,1,105,4511,1,soja,20201014,20210301,138,6,6v18,6v18w,6v18w1
460,1,2,7,23,soja,20241112,20250315,123,6,6vx2,6vx2v,6vx2v2
1019,241,2,48,1,soja,20231024,20240224,123,6,6vn5,6vn57,6vn57s
27,1,1,53,5,soja,20201110,20210323,133,6,6vzt,6vztn,6vztnu
10,1,1,99,1,soja,20230916,20240107,113,6,6tqt,6tqtb,6tqtbb
267,1,1,34,2,soja,20221024,20230112,80,6,6tw1,6tw1y,6tw1yv
1019,341,23,26,1,soja,20231229,20240401,94,6,6yrs,6yrs4,6yrs4y
382,1,2,4,5,soja,20241103,20250304,121,6,6ugn,6ugn1,6ugn1c
1019,181,44,24,2,soja,20241022,20250207,108,6,6vfe,6vfen,6vfenu
390,1,5,2,1,soja,20231006,20240121,107,6,6vjd,6vjde,6vjdej
1019,161,18,209,1,soja,20231127,20240315,109,6,6vzj,6vzjx,6vzjxr
1019,441,70,159,2,soja,20241119,20250222,95,6,6y00,6y009,6y0097
460,41,1,6,23,soja,20240928,20250121,115,6,6vxh,6vxhy,6vxhyv
361,1,1,383,1,soja,20230518,20230907,112,6,6vut,6vutj,6vutju
1019,301,10,3,1,soja,20231124,20240325,122,6,6vxh,6vxhp,6vxhpd
444,1,1,12,1,soja,20241130,20250426,147,6,6f4x,6f4xg,6f4xg8
382,1,2,2,2,soja,20241119,20250301,102,6,6ugn,6ugn1,6ugn19
1019,421,74,143,1,soja,20231010,20240202,115,6,6tqz,6tqzq,6tqzqm
392,1,15,140,1,soja,20230329,20230704,97,6,6yrn,6yrn1,6yrn1t
392,1,15,140,1,soja,20230329,20230704,97,6,6yrn,6yrn1,6yrn1t
1019,181,44,231,2,soja,20251101,20260315,134,6,6vfg,6vfg7,6vfg76
331,41,1,20,1,soja,20231109,20240317,129,6,6gcw,6gcwq,6gcwq1
267,1,1,60,7,soja,20220917,20230202,138,6,6tw4,6tw4z,6tw4zu
444,1,1,6,12,soja,20250125,20250507,102,6,6f4x,6f4xe,6f4xef
232,1,2,5,2,soja,20221011,20230116,97,6,6vbj,6vbjd,6vbjd6
52,1,93,1310,3,soja,20201126,20210401,126,6,6ucx,6ucxh,6ucxh9
221,61,16,218,8,soja,20231122,20240313,112,6,6v11,6v11b,6v11b0
30,41,2,17,1,soja,20201214,20210410,117,6,6yx9,6yx95,6yx95k
444,1,1,11,6,soja,20240105,20240531,147,6,6f4x,6f4xk,6f4xkr
232,1,2,4,6,soja,20211015,20220125,102,6,6vbj,6vbjg,6vbjgb
24,1,2001,215,1,soja,20201028,20210303,126,6,6ug7,6ug7r,6ug7rk
468,1,1,17,1,soja,20241201,20250322,111,6,6ykx,6ykx7,6ykx7r
52,1,113,5651,2,soja,20211128,20220402,125,6,6ucy,6ucyc,6ucyct
27,1,1,171,4,soja,20231103,20240331,149,6,6vzt,6vzty,6vztym
400,1,3,1,1,soja,20241018,20250216,121,6,6tzb,6tzbf,6tzbfw
1019,341,23,20,1,soja,20231114,20240301,108,6,6yrs,6yrse,6yrseh
232,1,2,1,4,soja,20211001,20220201,123,6,6vbj,6vbju,6vbju0
1019,381,93,111,1,soja,20231121,20240327,127,6,6vxs,6vxs0,6vxs0f
367,61,2,1,1,soja,20241015,20250205,113,6,6v9w,6v9w1,6v9w1v
436,81,4,108,3,soja,20251014,20260209,118,6,6yxf,6yxfn,6yxfne
238,61,1,140,4,soja,20211112,20220308,116,6,6trt,6trt8,6trt8g
460,62,5,7,1,soja,20250924,20260111,109,6,6vxz,6vxz7,6vxz7x
1019,301,10,9,1,soja,20231118,20240401,135,6,6vx5,6vx5w,6vx5wy
275,1,200,5,1,soja,20231002,20240227,148,6,6ugs,6ugsh,6ugsh8
52,1,18,448,2,soja,20201116,20210402,137,6,6ucz,6uczc,6uczcs
52,1,90,1304,1,soja,20201020,20210301,132,6,6v18,6v18q,6v18qk
1019,543,11,317,2,soja,20251121,20260307,106,6,6yk0,6yk0j,6yk0j7
1019,241,2,209,3,soja,20231116,20240304,109,6,6vnu,6vnu6,6vnu6z
39,1,100,14174,1,soja,20221107,20230415,159,6,6dxh,6dxh7,6dxh7f
444,1,1,1,9,soja,20250110,20250506,116,6,6f4x,6f4xu,6f4xu4
413,1,2,4,6,soja,20231002,20240113,103,6,6vbj,6vbjg,6vbjgb
221,41,25,68,25,soja,20231025,20240301,128,6,6u07,6u07q,6u07qs
221,41,25,68,25,soja,20231025,20240301,128,6,6u07,6u07q,6u07qs
352,1,2,38,2,soja,20221215,20230404,110,7,7h0x,7h0xj,7h0xje
52,1,109,505,2,soja,20211205,20220404,120,6,6ucz,6uczf,6uczf0
30,121,6,3,1,soja,20241019,20250215,119,6,6ywu,6ywux,6ywuxm
4,2,2,17,4,soja,20201024,20210129,97,6,6vb6,6vb6d,6vb6d7
42,42,1101,227,1,soja,20231109,20240307,119,6,6yru,6yru3,6yru36
390,1,7,2,1,soja,20231205,20240417,134,6,6uvp,6uvp6,6uvp6v
289,42,1,1,2,soja,20221123,20230322,119,6,6vz3,6vz35,6vz35t
52,1,101,5101,3,soja,20211209,20220413,125,6,6ucx,6ucxh,6ucxhj
39,1,15,15133,6,soja,20201031,20210408,159,6,6dxh,6dxh7,6dxh71
360,101,3419374803,3439654703,4,soja,20251020,20260221,124,6,6v2k,6v2k6,6v2k6c
444,1,1,11,17,soja,20231231,20240517,138,6,6f4x,6f4xk,6f4xkr
52,1,54,602,1,soja,20221014,20230309,146,6,6v1b,6v1b1,6v1b13
401,1,1,14,9,soja,20231119,20240416,149,6,6zmq,6zmq8,6zmq8w
367,61,1,1,6,soja,20240930,20250206,129,6,6v8m,6v8m6,6v8m6k
221,41,25,22,25,soja,20231021,20240216,118,6,6u07,6u07s,6u07sp
221,41,25,22,25,soja,20231021,20240216,118,6,6u07,6u07s,6u07sp
392,61,20,5,2,soja,20251106,20260323,137,6,6gsm,6gsms,6gsms2
483,1,1,2,3,soja,20241001,20250128,119,6,6twq,6twq4,6twq4v
436,81,4,70,1,soja,20251001,20260221,143,6,6yxf,6yxft,6yxftb
10,121,4,4,1,soja,20211026,20220114,80,6,6ttc,6ttc4,6ttc4u
1022,1,5,50002,50002,soja,20221101,20230316,135,6,6vre,6vref,6vref6
179,1,2,1,6,soja,20221215,20230412,118,7,7n84,7n846,7n846b
239,1,1,17,1,soja,20211005,20220120,107,6,6y14,6y14n,6y14nb
360,41,421147202,5994078402,584575102,soja,20241101,20250308,127,6,6y5u,6y5uc,6y5ucm
323,41,44940,23,1,soja,20220926,20230208,135,6,6udq,6udqk,6udqk6
27,1,1,12,5,soja,20201118,20210327,129,6,6vzt,6vzty,6vztyh
401,1,3,6,5,soja,20240106,20240430,115,6,6zmj,6zmjz,6zmjzm
327,41,401,12,1,soja,20231205,20240325,111,6,6yrf,6yrfs,6yrfsp
1019,381,93,234,2,soja,20241119,20250403,135,6,6vxs,6vxsb,6vxsbc
27,1,1,15,5,soja,20201120,20210405,136,6,6vzt,6vzts,6vzts4
52,1,114,5688,2,soja,20211028,20220315,138,6,6ucz,6uczn,6ucznq
350,1,35,3,113,soja,20221108,20230402,145,6,6vxq,6vxq3,6vxq3h
374,42,1,32,9,soja,20251108,20260318,130,6,6yxr,6yxrm,6yxrmc
329,1,1,1002,1,soja,20221026,20230223,120,6,6ytj,6ytjb,6ytjb7
36,1,1,6,3,soja,20201027,20210225,121,6,6v85,6v85u,6v85up
457,1,4,85,1,soja,20241221,20250502,132,6,6f4j,6f4ju,6f4jus
238,61,1,31,1,soja,20211209,20220301,82,6,6trm,6trmr,6trmr4
52,1,109,507,2,soja,20211204,20220324,110,6,6ucz,6uczf,6uczf6
1019,201,62,48,1,soja,20231011,20231226,76,6,6trp,6trps,6trpsy
275,41,500,12,1000,soja,20231213,20240401,110,6,6v5p,6v5p4,6v5p4v
52,1,18,449,2,soja,20201114,20210402,139,6,6ucz,6uczc,6uczcd
1019,301,10,28,1,soja,20231124,20240318,115,6,6vx5,6vx5t,6vx5tt
275,1,100,29,4,soja,20251014,20260219,128,6,6ugs,6ugsu,6ugsug
360,1,871802,18,1683602,soja,20231010,20240207,120,6,6y21,6y21b,6y21bm
1019,361,22,307,1,soja,20231229,20240419,112,6,6ypd,6ypdm,6ypdm5
313,41,1,2,1,soja,20241202,20250301,89,6,6udv,6udvz,6udvzz
374,1,4,8,4,soja,20251202,20260407,126,6,6yx7,6yx7h,6yx7hf
1019,81,83,218,1,soja,20241028,20250227,122,6,6udw,6udw1,6udw1g
460,61,2,132,1,soja,20251122,20260404,133,6,6vrq,6vrqb,6vrqbv
52,1,86,823,1,soja,20201201,20210323,112,6,6v1b,6v1bu,6v1bud
436,83,6,80,1,soja,20251015,20260209,117,6,6vzm,6vzm3,6vzm37
52,1,51,483,4,soja,20201121,20210322,121,6,6ucz,6ucz1,6ucz1h
256,1,1,17,1,soja,20211101,20220301,120,6,6vcm,6vcmv,6vcmv7
39,1,15,1553,7,soja,20211203,20220420,138,6,6dxh,6dxhk,6dxhkp
350,1,38,1,203,soja,20251118,20260409,142,6,6vxm,6vxmf,6vxmf4
232,1,1,2,6,soja,20210923,20220105,104,6,6vbt,6vbtm,6vbtm9
27,1,1,191,3,soja,20231121,20240319,119,6,6vzt,6vztr,6vztrq
239,41,3,41,1,soja,20231122,20240411,141,6,6y02,6y021,6y021h
232,1,3,4,3,soja,20211014,20220117,95,6,6tzz,6tzzk,6tzzkf
392,61,20,51,4,soja,20251005,20260220,138,6,6gsm,6gsm5,6gsm5h
1022,1,5,41,41,soja,20211020,20220307,138,6,6vrs,6vrs5,6vrs5k
1019,441,70,109,1,soja,20231016,20240210,117,6,6wpb,6wpbr,6wpbrt
278,1,18,15,10,soja,20221015,20230207,115,6,6y7s,6y7sx,6y7sx7
52,1,52,3204,2,soja,20221201,20230412,132,6,6ucy,6ucyb,6ucyby
1019,141,8,15,1,soja,20231007,20240302,147,6,6yqw,6yqwv,6yqwvw
51,1,8,32,1,soja,20211117,20220301,104,6,6vzk,6vzk3,6vzk3s
382,1,2,4,3,soja,20241103,20250304,121,6,6ugn,6ugn1,6ugn1c
10,1,1,1,1,soja,20201005,20210203,121,6,6tqm,6tqmx,6tqmxg
24,1,2001,206,1,soja,20201016,20210209,116,6,6uge,6uge2,6uge2c
221,1,2,12,4,soja,20210910,20220120,132,6,6u02,6u02q,6u02qx
278,1,18,8,10,soja,20221213,20230508,146,6,6y7u,6y7u1,6y7u1t
221,41,25,70,25,soja,20231026,20240220,117,6,6u07,6u07r,6u07r5
179,1,1,18,1,soja,20201109,20210309,120,7,7n84,7n847,7n847d
1019,341,23,12,1,soja,20231228,20240417,111,6,6yre,6yrec,6yrecp
221,63,22,8,2,soja,20231127,20240401,126,6,6v1g,6v1gr,6v1grr
350,1,39,3,406,soja,20251118,20260414,147,6,6vxm,6vxmg,6vxmgu
52,1,53,493,3,soja,20201111,20210316,125,6,6ucx,6ucxr,6ucxrt
52,1,15,428,3,soja,20221209,20230322,103,6,6ucx,6ucxx,6ucxxy
127,1,1,56,3,soja,20201027,20210405,160,6,6vq8,6vq8w,6vq8w9
436,83,6,85,1,soja,20251010,20260208,121,6,6vzm,6vzm9,6vzm94
299,1,6,14,2,soja,20221012,20230208,119,6,6y28,6y280,6y280f
253,1,1,4,4,soja,20211111,20220314,123,6,6yrf,6yrfh,6yrfhj
379,61,4001,215,4,soja,20231213,20240424,133,6,6gk6,6gk6k,6gk6k5
315,61,3,4,11,soja,20231207,20240313,97,6,6vfr,6vfrt,6vfrtf
127,1,2,61,2,soja,20251108,20260401,144,6,6vqb,6vqb8,6vqb8q
381,1,1,7,1,soja,20240106,20240401,86,6,6wpd,6wpdr,6wpdr0
390,1,7,1,1,soja,20231120,20240302,103,6,6uvp,6uvp6,6uvp6f
1019,421,74,137,1,soja,20231009,20240212,126,6,6tqz,6tqzq,6tqzqn
1019,261,64,75,1,soja,20231030,20240217,110,6,6yrn,6yrnr,6yrnrm
286,1,1,8,1,soja,20221003,20230208,128,6,6ttg,6ttge,6ttgec
1019,1,72,43,2,soja,20231019,20240107,80,6,6ttb,6ttbv,6ttbvg
232,1,1,2,4,soja,20211012,20220121,101,6,6vbt,6vbtm,6vbtm9
36,1,1,14,3,soja,20201114,20210222,100,6,6v85,6v85g,6v85ge
10,161,5,53,2,soja,20221109,20230306,117,6,6tye,6tyeb,6tyebs
209,1,5,141,5,soja,20221029,20230201,95,6,6uu5,6uu5h,6uu5h2
232,1,2,1,2,soja,20211017,20220117,92,6,6vbj,6vbju,6vbju0
221,61,16,213,8,soja,20231216,20240412,118,6,6v0c,6v0cx,6v0cxm
360,1,871802,39,1683602,soja,20231015,20240207,115,6,6y24,6y246,6y2461
359,1,1,24,1,soja,20221107,20230412,156,7,7n8h,7n8hd,7n8hdz
177,61,5,65,4,soja,20230120,20230503,103,6,6yx0,6yx0b,6yx0b2
27,1,1,231,3,soja,20231029,20240321,144,6,6vzt,6vztx,6vztxx
52,1,125,4651,1,soja,20221115,20230404,140,6,6v1c,6v1cv,6v1cv8
1019,321,46,113,1,soja,20231206,20240424,140,6,6vxm,6vxms,6vxmsk
52,1,13,66,3,soja,20211027,20220306,130,6,6ucx,6ucxn,6ucxnt
379,61,4001,204,4,soja,20231125,20240411,138,6,6gk6,6gk6h,6gk6hw
1019,161,18,119,2,soja,20231001,20240111,102,6,6vzs,6vzsc,6vzsc1
361,41,2,309,2,soja,20221103,20230307,124,6,6vx6,6vx6p,6vx6pr
1019,542,4,248,2,soja,20251117,20260324,127,6,6yrn,6yrnk,6yrnk2
1019,321,46,231,1,soja,20231124,20240416,144,6,6vxt,6vxt9,6vxt9k
436,81,4,79,1,soja,20251022,20260217,118,6,6yxf,6yxfy,6yxfy9
275,1,100,27,6,soja,20251011,20260215,127,6,6ugs,6ugss,6ugssz
1019,201,62,83,1,soja,20231009,20240202,116,6,6trp,6trpw,6trpwq
481,1,2,1,1,soja,20241101,20250312,131,6,6ucf,6ucfw,6ucfw9
52,1,86,843,1,soja,20201127,20210326,119,6,6v1b,6v1by,6v1by4
327,1,402,29,1,soja,20221010,20230201,114,6,6vrw,6vrw4,6vrw4z
315,1,1,1,8,soja,20221011,20230303,143,6,6vf8,6vf8n,6vf8ne
315,41,2,4,1,soja,20221012,20230222,133,6,6v0t,6v0tm,6v0tmf
281,1,1,11,2,soja,20221008,20230126,110,6,6y38,6y386,6y386w
444,1,1,3,17,soja,20240129,20240517,109,6,6f4x,6f4xu,6f4xut
507,41,1,7,2,soja,20251023,20260224,124,6,6ug6,6ug6d,6ug6dj
1019,241,2,47,1,soja,20231009,20240222,136,6,6vn5,6vn56,6vn56z
360,1,871802,151,1683402,soja,20231028,20240302,126,6,6y21,6y21b,6y21bh
1019,181,44,212,2,soja,20241109,20250314,125,6,6vfg,6vfgf,6vfgf7
52,1,5,404,1,soja,20201028,20210225,120,6,6v18,6v18x,6v18xc
10,101,2,45,2,soja,20201029,20210311,133,6,6trh,6trhb,6trhbe
360,81,6925497002,6925624802,1,soja,20241028,20250220,115,6,6v0e,6v0ee,6v0eev
52,1,86,832,1,soja,20201128,20210419,142,6,6v1b,6v1bt,6v1bth
239,1,1,33,1,soja,20211111,20220206,87,6,6y11,6y11z,6y11z5
52,1,89,1203,2,soja,20211104,20220301,117,6,6ucz,6uczb,6uczbq
52,1,13,62,3,soja,20211027,20220301,125,6,6ucx,6ucxq,6ucxqb
313,41,1,1,2,soja,20241026,20250306,131,6,6uej,6uejb,6uejbj
278,1,18,1,16,soja,20241016,20250301,136,6,6y7u,6y7u3,6y7u3j
42,41,1117,250,1,soja,20231123,20240326,124,6,6yrt,6yrte,6yrteg
370,1,1,20,1,soja,20230204,20230524,109,6,6vng,6vngm,6vngmw
1019,241,2,77,1,soja,20231004,20240207,126,6,6vn5,6vn5u,6vn5u9
444,1,1,5,2,soja,20241123,20250425,153,6,6f4x,6f4xv,6f4xvj
444,1,1,6,2,soja,20241123,20250425,153,6,6f4x,6f4xe,6f4xef
27,1,1,111,3,soja,20221201,20230401,121,6,6vzt,6vztt,6vzttx
1019,381,93,122,1,soja,20231116,20240408,144,6,6vxs,6vxs2,6vxs2h
1019,421,74,161,1,soja,20230923,20240102,101,6,6tqy,6tqyu,6tqyuz
42,1,1102,207,1,soja,20231202,20240409,129,6,6yrz,6yrzh,6yrzhz
36,1,1,44,3,soja,20201021,20210206,108,6,6v85,6v85e,6v85ee
1019,401,77,123,1,soja,20231005,20240117,104,6,6v82,6v824,6v824n
1019,181,44,39,2,soja,20241021,20250217,119,6,6vfg,6vfg8,6vfg82
275,41,500,6,1000,soja,20231123,20240403,132,6,6v5p,6v5p5,6v5p51
52,1,57,629,2,soja,20201214,20210413,120,6,6ucz,6ucz2,6ucz2y
221,1,2,11,4,soja,20210909,20220112,125,6,6u02,6u02q,6u02qy
425,1,1,5,1,soja,20240103,20240424,112,7,7n81,7n819,7n819t
444,1,1,42,3,soja,20251217,20260504,138,6,6f4x,6f4xe,6f4xe7
238,61,1,145,4,soja,20211202,20220329,117,6,6trt,6trt8,6trt8v
1019,141,8,51,1,soja,20231017,20240309,144,6,6yqw,6yqwv,6yqwv1
329,1,1,1033,3,soja,20221115,20230411,147,6,6ytj,6ytjb,6ytjbu
42,85,54,43,1,soja,20250107,20250602,146,7,7p1p,7p1pp,7p1pps
42,85,54,43,1,soja,20250107,20250602,146,7,7p1p,7p1pp,7p1pps
179,1,1,29,1,soja,20201203,20210414,132,7,7n84,7n84e,7n84eq
52,1,53,496,3,soja,20201117,20210314,117,6,6ucx,6ucxr,6ucxrh
1019,441,70,121,1,soja,20231016,20240209,116,6,6wpb,6wpbn,6wpbny
15,1,1,5,6,soja,20241118,20250401,134,6,6vx7,6vx74,6vx745
390,1,9,6,1,soja,20231118,20240227,101,6,6vjd,6vjdd,6vjddn
460,61,2,16,1,soja,20251119,20260405,137,6,6vrq,6vrqd,6vrqdn
487,1,2,3,6,soja,20241106,20250303,117,6,6vqn,6vqnw,6vqnwt
400,1,9,5,1,soja,20231003,20240118,107,6,6v85,6v85e,6v85ez
1019,261,64,87,1,soja,20231028,20240402,157,6,6yrp,6yrpx,6yrpx1
1019,542,4,228,2,soja,20251122,20260306,104,6,6yrj,6yrju,6yrjue
49,2,2,14,7,soja,20231007,20240213,129,6,6vff,6vff3,6vff3g
466,1,1,23,1,soja,20241203,20250401,119,6,6yxb,6yxbz,6yxbzk
1019,141,8,68,1,soja,20231009,20240119,102,6,6yqx,6yqxw,6yqxw3
360,42,573802,1685902,5,soja,20231005,20240202,120,6,6y5v,6y5vj,6y5vjm
177,42,107,3,4,soja,20201201,20210423,143,6,6yr5,6yr5k,6yr5kp
177,1,101,20,1,soja,20231024,20240226,125,6,6vz0,6vz0j,6vz0jz
1019,181,44,210,2,soja,20241110,20250314,124,6,6vfg,6vfgf,6vfgfn
10,101,2,21,2,soja,20201101,20210312,131,6,6trh,6trh9,6trh97
353,41,1,10,1,soja,20221018,20230210,115,6,6tv2,6tv22,6tv225
446,1,1,1,7,soja,20251215,20260505,141,6,6f1z,6f1zw,6f1zw5
331,41,1,4,1,soja,20221008,20230227,142,6,6gcw,6gcwm,6gcwmk
52,1,120,5303,2,soja,20211028,20220319,142,6,6ucz,6uczn,6uczns
52,1,94,1428,3,soja,20211109,20220312,123,6,6ucx,6ucxp,6ucxp1
221,1,2,20,5,soja,20211114,20220321,127,6,6u02,6u02w,6u02w9
466,1,1,22,1,soja,20241110,20250227,109,6,6yxb,6yxbz,6yxbz3
1019,181,44,56,1,soja,20231027,20240224,120,6,6vfe,6vfez,6vfezz
466,1,1,48,1,soja,20251205,20260409,125,7,7n81,7n811,7n8114
460,62,5,16,1,soja,20250927,20260126,121,6,6vxz,6vxz6,6vxz6t
436,83,6,101,2,soja,20251110,20260309,119,6,6vzk,6vzkd,6vzkd4
30,41,2,6,1,soja,20201211,20210407,117,6,6yx8,6yx8g,6yx8g6
175,1,1,53,3,soja,20251031,20260210,102,6,6ym3,6ym3c,6ym3cg
286,1,1,12,1,soja,20221013,20230223,133,6,6ttg,6ttgs,6ttgsj
331,41,1,8,1,soja,20221110,20230217,99,6,6gcw,6gcwk,6gcwkg
374,1,8,8,8,soja,20241122,20250309,107,6,6yx7,6yx7v,6yx7v3
221,41,25,21,25,soja,20231116,20240326,131,6,6u07,6u07s,6u07sh
436,83,6,89,1,soja,20251008,20260208,123,6,6vzm,6vzm2,6vzm2z
350,41,36,34,546,soja,20251201,20260409,129,6,6vze,6vzen,6vzen7
444,1,1,1,16,soja,20240103,20240518,136,6,6f4x,6f4xu,6f4xu4
253,1,1,1,7,soja,20221116,20230408,143,6,6yrf,6yrfk,6yrfkn
175,1,1,95,1,soja,20231119,20240321,123,6,6ym3,6ym3d,6ym3dt
329,1,1,1035,3,soja,20221121,20230322,121,6,6ytj,6ytjb,6ytjby
221,1,2,22,3,soja,20211124,20220308,104,6,6u02,6u02w,6u02w3
1019,401,77,107,1,soja,20231026,20240120,86,6,6v82,6v826,6v826n
360,41,421147202,5994160702,584575102,soja,20241102,20250308,126,6,6y5u,6y5uc,6y5uc5
1019,542,4,227,2,soja,20251119,20260316,117,6,6yrj,6yrju,6yrjut
361,1,1,359,1,soja,20230510,20230811,93,6,6vus,6vusu,6vusuj
52,1,15,423,3,soja,20221104,20230314,130,6,6ucz,6ucz8,6ucz8n
127,1,2,83,2,soja,20251119,20260406,138,6,6vqb,6vqbb,6vqbbc
444,1,1,1,2,soja,20241125,20250426,152,6,6f4x,6f4xu,6f4xu4
1019,421,74,146,1,soja,20231010,20240201,114,6,6tqz,6tqzq,6tqzqd
1019,281,17,110,1,soja,20251026,20260217,114,6,6vx3,6vx3j,6vx3j3
367,61,1,3,1,soja,20240920,20250101,103,6,6v8m,6v8m0,6v8m0y
221,1,11,100,12,soja,20231108,20240310,123,6,6u09,6u094,6u094w
299,1,7,17,1,soja,20221001,20230118,109,6,6y0r,6y0ry,6y0ryn
1019,241,2,8,1,soja,20241024,20250220,119,6,6vn5,6vn5n,6vn5nr
283,1,1,19,1,soja,20221001,20230221,143,6,6ucn,6ucnn,6ucnnd
1019,281,17,9,1,soja,20231102,20240318,137,6,6vx3,6vx3n,6vx3np
30,41,2,29,1,soja,20201124,20210306,102,6,6yx8,6yx87,6yx87j
436,82,5,164,1,soja,20251009,20260215,129,6,6vxw,6vxwv,6vxwvp
267,1,1,32,2,soja,20221003,20230115,104,6,6tw1,6tw1z,6tw1zj
267,1,1,58,7,soja,20220926,20230224,151,6,6tw6,6tw6b,6tw6bj
327,41,401,2,1,soja,20231228,20240418,112,6,6yrf,6yrf7,6yrf7p
52,1,97,1703,3,soja,20211105,20220310,125,6,6ucx,6ucxn,6ucxn9
402,1,2,3,1,soja,20231012,20240203,114,6,6twk,6twk8,6twk8c
1022,1,25,109,109,soja,20221007,20230201,117,6,6vru,6vruf,6vruf0
413,1,2,1,3,soja,20231013,20240122,101,6,6vbj,6vbju,6vbju0
460,61,2,9,1,soja,20251104,20260324,140,6,6vrp,6vrpp,6vrppz
175,62,2,43,3,soja,20221110,20230308,118,6,6yk9,6yk9s,6yk9s0
1019,381,93,219,2,soja,20231211,20240415,126,6,6vxk,6vxkt,6vxkt9
483,1,1,1,3,soja,20241001,20250126,117,6,6twq,6twq4,6twq4s
176,1,8,805,4,soja,20211025,20220303,129,6,6ubu,6ubuz,6ubuz2
253,1,1,5,8,soja,20221206,20230408,123,6,6yrf,6yrfq,6yrfqk
1019,521,500,37,1,soja,20251027,20260304,128,6,6vf7,6vf77,6vf77d
350,1,39,2,407,soja,20251120,20260419,150,6,6vxm,6vxmu,6vxmud
299,1,7,8,1,soja,20221010,20230201,114,6,6y22,6y22n,6y22n8
42,101,60,10,1,soja,20251124,20260417,144,6,6yxv,6yxvy,6yxvyg
239,41,2,24,1,soja,20221108,20230328,140,6,6y03,6y03m,6y03m2
315,1,1,1,14,soja,20221021,20230302,132,6,6vf8,6vf8n,6vf8ne
15,41,2,58,1,soja,20241124,20250320,116,6,6vxv,6vxvt,6vxvt1
278,1,18,4,5,soja,20221104,20230306,122,6,6y7s,6y7sq,6y7sqz
1019,461,68,107,1,soja,20231108,20240130,83,6,6v88,6v884,6v884c
335,1,2,21,1,soja,20250919,20260116,119,6,6tyw,6tywr,6tywr8
390,1,7,13,1,soja,20241023,20250220,120,6,6uvp,6uvp7,6uvp76
36,1,1,42,3,soja,20201024,20210212,111,6,6v85,6v85e,6v85ev
221,41,24,9,24,soja,20231203,20240402,121,6,6u07,6u07f,6u07ff
360,41,421147202,5994078402,584575102,soja,20241101,20250308,127,6,6y5u,6y5uc,6y5ucm
221,1,11,107,12,soja,20251020,20260305,136,6,6u09,6u091,6u091w
367,61,1,1,1,soja,20240918,20250104,108,6,6v8m,6v8m6,6v8m6k
460,62,5,14,1,soja,20250929,20260127,120,6,6vxz,6vxz6,6vxz6r
390,1,8,1,1,soja,20231124,20240405,133,6,6vjd,6vjdd,6vjdd0
299,1,7,13,1,soja,20221004,20230117,105,6,6y0r,6y0ry,6y0rye
360,41,421147202,5993824602,584573002,soja,20231108,20240226,110,6,6y5t,6y5tr,6y5trc
49,2,2,3,41,soja,20231102,20240301,120,6,6vfg,6vfg4,6vfg4d
425,1,1,2,2,soja,20240113,20240427,105,7,7n81,7n818,7n818e
277,1,1,11,1,soja,20221206,20230325,109,6,6vz8,6vz8d,6vz8d9
52,1,90,1306,3,soja,20201113,20210220,99,6,6v18,6v18q,6v18q9
1019,161,18,503,3,soja,20231028,20240322,146,6,6vz5,6vz5d,6vz5dz
481,1,1,2,1,soja,20241010,20250206,119,6,6uf5,6uf51,6uf51f
329,1,1,1018,2,soja,20221102,20230302,120,6,6ytj,6ytjc,6ytjc4
27,1,1,28,5,soja,20201116,20210403,138,6,6vzt,6vztk,6vztkf
275,1,200,8,1,soja,20230922,20240208,139,6,6ugs,6ugsh,6ugshu
10,1,1,5,3,soja,20201026,20210310,135,6,6tqm,6tqmx,6tqmxu
1019,141,8,43,1,soja,20231013,20240201,111,6,6yqw,6yqwy,6yqwyx
238,61,1,214,3,soja,20211206,20220329,113,6,6trm,6trmx,6trmxy
240,1,1,21,1,soja,20220102,20220414,102,7,7nb3,7nb3t,7nb3tq
1019,241,2,58,1,soja,20231009,20240215,129,6,6vn5,6vn5g,6vn5gc
315,1,1,1,15,soja,20221012,20230220,131,6,6vf8,6vf8n,6vf8ne
1019,81,83,106,1,soja,20231001,20240120,111,6,6udt,6udt7,6udt78
52,1,115,5691,1,soja,20201119,20210324,125,6,6v1c,6v1ck,6v1ckb
460,63,8,5,1,soja,20251108,20260415,158,6,6vrw,6vrw3,6vrw3n
52,1,4,13,1,soja,20201022,20210224,125,6,6v18,6v18r,6v18rd
52,1,114,5677,2,soja,20211104,20220322,138,6,6ucz,6uczj,6uczj4
221,41,25,75,25,soja,20231127,20240314,108,6,6u07,6u07w,6u07w0
221,41,25,75,25,soja,20231127,20240314,108,6,6u07,6u07w,6u07w0
1022,1,25,108,108,soja,20220930,20230123,115,6,6vru,6vru9,6vru9t
36,1,1,1,1,soja,20201112,20210318,126,6,6v8h,6v8hh,6v8hhq
1019,241,2,202,3,soja,20231027,20240223,119,6,6vjf,6vjfj,6vjfj1
52,1,4,12,1,soja,20201022,20210301,130,6,6v18,6v18r,6v18re
10,1,1,286,1,soja,20231009,20240313,156,6,6tqm,6tqmm,6tqmms
52,1,17,90,3,soja,20221101,20230222,113,6,6ucz,6uczb,6uczbn
1019,141,8,34,1,soja,20231018,20240226,131,6,6yqx,6yqxz,6yqxzf
221,41,25,69,25,soja,20231025,20240218,116,6,6u07,6u07q,6u07qv
324,1,1,14,1,soja,20221118,20230317,119,6,6urt,6urt8,6urt81
267,1,1,65,7,soja,20221021,20230219,121,6,6tw4,6tw4w,6tw4wb
444,1,1,6,17,soja,20231229,20240517,140,6,6f4x,6f4xe,6f4xef
413,1,2,3,3,soja,20231007,20240120,105,6,6vbj,6vbju,6vbjud
52,1,47,464,1,soja,20251108,20260313,125,6,6v18,6v18p,6v18p3
1019,381,93,113,1,soja,20231120,20240326,127,6,6vxs,6vxs1,6vxs1h
379,41,5001,20,1,soja,20231005,20240223,141,6,6vxd,6vxd5,6vxd5k
444,1,1,11,13,soja,20240103,20240526,144,6,6f4x,6f4xk,6f4xkr
359,1,1,6,1,soja,20221114,20230314,120,7,7n8j,7n8jh,7n8jh0
52,1,93,1313,3,soja,20201201,20210329,118,6,6ucw,6ucwv,6ucwvp
52,1,103,4554,1,soja,20211129,20220401,123,6,6v1c,6v1cg,6v1cg8
444,1,1,9,2,soja,20241124,20250424,151,6,6f4x,6f4xg,6f4xg3
52,1,12,48,3,soja,20211103,20220330,147,6,6ucx,6ucxq,6ucxqp
221,1,5,51,10,soja,20231103,20240302,120,6,6u02,6u02y,6u02yw
1019,181,44,5,1,soja,20231003,20240208,128,6,6vfe,6vfen,6vfenm
52,1,100,4904,2,soja,20201120,20210416,147,6,6ucx,6ucxw,6ucxwd
483,1,1,6,2,soja,20241006,20250202,119,6,6twq,6twq4,6twq4q
221,41,25,74,25,soja,20231004,20240210,129,6,6u07,6u07q,6u07qc
221,41,25,74,25,soja,20231004,20240210,129,6,6u07,6u07q,6u07qc
221,41,25,86,25,soja,20231122,20240311,110,6,6u07,6u07m,6u07mr
360,41,421147202,6095321502,584573302,soja,20251106,20260312,126,6,6y5s,6y5sz,6y5sz8
350,1,39,4,405,soja,20251128,20260420,143,6,6vxm,6vxmu,6vxmuv
10,1,1,4,3,soja,20201026,20210224,121,6,6tqm,6tqmx,6tqmxu
275,41,501,1,1001,soja,20231121,20240419,150,6,6v5p,6v5p3,6v5p3r
1019,441,70,1111,1,soja,20241010,20250121,103,6,6wpb,6wpbh,6wpbht
401,1,1,3,8,soja,20231209,20240404,117,6,6zmn,6zmnz,6zmnzs
401,1,1,4,9,soja,20231113,20240405,144,6,6zmn,6zmnz,6zmnz9
52,1,78,3408,3,soja,20201212,20210420,129,6,6ucw,6ucws,6ucwsb
350,1,35,4,119,soja,20221120,20230410,141,6,6vxn,6vxnx,6vxnxf
460,62,5,18,1,soja,20251017,20260128,103,6,6vxz,6vxze,6vxze2
238,61,1,38,1,soja,20211211,20220302,81,6,6trm,6trmr,6trmrn
177,61,5,64,4,soja,20221216,20230503,138,6,6yx0,6yx0b,6yx0b7
52,1,15,433,3,soja,20221102,20230305,123,6,6ucx,6ucxz,6ucxz3
278,1,18,3,13,soja,20231113,20240313,121,6,6y7g,6y7gc,6y7gce
177,42,107,6,1,soja,20201201,20210410,130,6,6yr5,6yr5m,6yr5mx
299,1,3,1,1,soja,20220924,20230116,114,6,6y0x,6y0xb,6y0xb2
1019,181,44,6,1,soja,20231004,20240112,100,6,6vfe,6vfeq,6vfeq0
361,1,1,369,1,soja,20230513,20230902,112,6,6vut,6vutj,6vutj2
267,1,1,16,3,soja,20220917,20230211,147,6,6tw4,6tw4n,6tw4nf
1019,321,46,103,1,soja,20231102,20240305,124,6,6vxm,6vxmk,6vxmku
1019,361,22,125,1,soja,20250102,20250503,121,6,6ype,6ypeu,6ypeu6
374,1,3,4,3,soja,20221206,20230405,120,6,6yx6,6yx6y,6yx6y1
52,1,54,604,1,soja,20221013,20230301,139,6,6ucz,6uczb,6uczbz
221,41,25,46,25,soja,20231028,20240306,130,6,6u07,6u07v,6u07vc
1019,381,93,146,1,soja,20231011,20240205,117,6,6vxs,6vxs0,6vxs0z
390,1,3,10,1,soja,20231026,20240216,113,6,6vjd,6vjd6,6vjd6n
177,42,107,2,2,soja,20201217,20210315,88,6,6yr5,6yr5n,6yr5nq
1019,421,74,153,1,soja,20230925,20240104,101,6,6tqz,6tqzk,6tqzkb
221,41,25,37,25,soja,20231130,20240319,110,6,6u07,6u07v,6u07vh
350,1,35,4,408,soja,20231217,20240415,120,6,6vxn,6vxnx,6vxnxf
176,41,7,701,1,soja,20221128,20230404,127,6,6vdu,6vduf,6vdufd
267,1,1,49,7,soja,20221006,20230220,137,6,6tw4,6tw4r,6tw4rh
360,101,3419374803,3439670403,3,soja,20251112,20260312,120,6,6v2k,6v2k6,6v2k62
1019,441,70,166,1,soja,20231013,20240126,105,6,6wpb,6wpbn,6wpbnp
360,101,3419374803,3439690203,1,soja,20251122,20260214,84,6,6v2k,6v2k6,6v2k6j
1019,401,77,105,1,soja,20231001,20240119,110,6,6v82,6v82d,6v82d4
1019,221,39,119,1,soja,20231018,20240201,106,6,6tzv,6tzvw,6tzvwu
1019,181,44,251,2,soja,20251108,20260320,132,6,6vfg,6vfgh,6vfghu
444,1,1,2,28,soja,20240107,20240518,132,6,6f4x,6f4xe,6f4xev
352,1,3,44,3,soja,20231113,20240318,126,7,7h0y,7h0y8,7h0y8j
1019,381,93,527,5,soja,20231103,20240307,125,6,6vxs,6vxsz,6vxszz
426,1,1,9,1,soja,20231209,20240405,118,7,7n85,7n851,7n851c
374,1,8,9,8,soja,20241122,20250309,107,6,6yx7,6yx7v,6yx7v6
444,1,1,6,23,soja,20240107,20240515,129,6,6f4x,6f4xe,6f4xef
425,1,1,3,2,soja,20231125,20240410,137,7,7n81,7n819,7n8195
52,1,106,4518,1,soja,20201103,20210316,133,6,6v19,6v19x,6v19xe
323,1,5553,6,1,soja,20220930,20230201,124,6,6udw,6udwj,6udwjp
1019,301,10,33,1,soja,20241107,20250401,145,6,6vx5,6vx5s,6vx5s9
284,43,4,11,1,soja,20231011,20240214,126,7,7h0w,7h0w7,7h0w75
1019,181,44,54,2,soja,20241101,20250223,114,6,6vfe,6vfez,6vfezs
374,1,3,13,3,soja,20251128,20260411,134,6,6yx6,6yx6v,6yx6vs
10,1,1,210,1,soja,20231122,20240301,100,6,6tqt,6tqtc,6tqtcz
1019,543,11,112,1,soja,20251123,20260315,112,6,6yk0,6yk0t,6yk0ts
52,1,103,4573,1,soja,20241205,20250402,118,6,6v1c,6v1cg,6v1cgv
52,1,100,4900,2,soja,20201119,20210403,135,6,6ucx,6ucxw,6ucxwk
1019,161,18,214,1,soja,20241103,20250330,147,6,6vzj,6vzjw,6vzjwb
175,1,1,11,1,soja,20201027,20210303,127,6,6ym3,6ym3c,6ym3cg
1019,141,8,30,1,soja,20231025,20240227,125,6,6yqx,6yqxx,6yqxxd
444,1,1,6,28,soja,20240107,20240518,132,6,6f4x,6f4xe,6f4xef
42,42,1101,230,1,soja,20231213,20240404,113,6,6yrs,6yrsr,6yrsre
221,41,25,97,25,soja,20231203,20240324,112,6,6u07,6u07k,6u07ks
221,1,4,35,17,soja,20231213,20240403,112,6,6u02,6u02w,6u02ww
221,1,4,35,17,soja,20231213,20240403,112,6,6u02,6u02w,6u02ww
390,1,2,8,1,soja,20231121,20240401,132,6,6vjd,6vjd5,6vjd50
400,1,9,9,1,soja,20231001,20240120,111,6,6v85,6v85k,6v85kr
221,41,25,88,25,soja,20231115,20240311,117,6,6u07,6u07k,6u07kv
15,1,1,3,12,soja,20241107,20250402,146,6,6vx7,6vx7h,6vx7hx
238,61,1,148,4,soja,20211212,20220329,107,6,6trt,6trt9,6trt97
1019,161,18,502,3,soja,20231029,20240310,133,6,6vz5,6vz5d,6vz5de
256,1,1,19,1,soja,20220201,20220504,92,6,6vcm,6vcmu,6vcmug
289,42,1,4,2,soja,20221123,20230301,98,6,6vz3,6vz35,6vz35h
1019,141,8,41,1,soja,20231011,20240121,102,6,6yqx,6yqxn,6yqxne
15,1,1,1,7,soja,20211113,20220330,137,6,6vx6,6vx69,6vx69k
42,103,59,49,1,soja,20251201,20260419,139,6,6yrm,6yrms,6yrms9
239,1,1,38,2,soja,20211007,20220202,118,6,6y16,6y160,6y160c
52,1,22,224,3,soja,20211112,20220306,114,6,6ucx,6ucxx,6ucxxr
52,1,97,1712,3,soja,20211023,20220224,124,6,6ucw,6ucwv,6ucwvw
52,1,114,5673,4,soja,20201204,20210411,128,6,6ucy,6ucyu,6ucyur
238,61,1,152,4,soja,20211121,20220324,123,6,6trt,6trt9,6trt97
238,61,1,152,4,soja,20211121,20220324,123,6,6trt,6trt9,6trt97
1019,201,62,1211,1,soja,20251023,20260223,123,6,6trp,6trpv,6trpvu
175,1,1,38,1,soja,20231105,20240307,123,6,6ym3,6ym3d,6ym3d0
52,1,10,29,3,soja,20201126,20210324,118,6,6ucx,6ucxt,6ucxtd
360,1,871802,163,1683402,soja,20231122,20240313,112,6,6y21,6y21b,6y21bs
52,1,54,602,2,soja,20201019,20210208,112,6,6v1b,6v1b1,6v1b13
403,1,4,3,1,soja,20240501,20240908,130,6,6yhe,6yhe3,6yhe39
1019,521,500,2,1,soja,20251023,20260301,129,6,6vf7,6vf7s,6vf7s3
30,62,4,357,1,soja,20211026,20220217,114,6,6ywb,6ywbb,6ywbb3
52,1,79,3501,1,soja,20201105,20210317,132,6,6ucz,6uczg,6uczgy
221,41,25,78,25,soja,20231102,20240311,130,6,6u07,6u07m,6u07mt
444,1,1,5,18,soja,20240109,20240515,127,6,6f4x,6f4xv,6f4xvj
238,61,1,105,2,soja,20211116,20220316,120,6,6trm,6trmx,6trmx8
51,1,11,9,6,soja,20241120,20250402,133,6,6ype,6ypef,6ypefs
52,1,17,93,3,soja,20221026,20230223,120,6,6v18,6v18p,6v18pb
52,1,90,1306,1,soja,20211016,20220201,108,6,6v18,6v18q,6v18q9
1019,381,93,309,3,soja,20241109,20250403,145,6,6vxm,6vxmh,6vxmhb
52,1,97,1704,3,soja,20211104,20220306,122,6,6ucx,6ucxn,6ucxn6
52,1,15,421,3,soja,20221101,20230313,132,6,6ucz,6uczb,6uczb4
52,1,57,611,2,soja,20201210,20210410,121,6,6ucz,6ucz9,6ucz9r
52,1,98,3708,4,soja,20201120,20210401,132,6,6ucw,6ucwz,6ucwzv
232,1,2,7,15,soja,20211021,20220206,108,6,6vbn,6vbn6,6vbn60
238,61,1,51,1,soja,20211121,20220318,117,6,6trm,6trmm,6trmmc
238,61,1,51,1,soja,20211121,20220318,117,6,6trm,6trmm,6trmmc
392,61,20,1,2,soja,20251024,20260401,159,6,6gsm,6gsmk,6gsmkp
52,1,94,1415,3,soja,20211124,20220318,114,6,6ucw,6ucwv,6ucwvk
466,1,1,7,1,soja,20241127,20250313,106,7,7n81,7n811,7n811n
360,41,421147202,584622902,584573102,soja,20231005,20240202,120,6,6y5v,6y5v2,6y5v2f
1019,161,18,203,1,soja,20231103,20240316,134,6,6vzm,6vzmb,6vzmb1
15,1,1,1,2,soja,20201201,20210420,140,6,6vx6,6vx69,6vx69k
1019,521,500,19,1,soja,20251030,20260208,101,6,6vfk,6vfkh,6vfkh4
1019,401,77,121,1,soja,20230922,20240108,108,6,6v82,6v826,6v826c
393,42,3,7,1,soja,20230905,20231219,105,6,6twg,6twg2,6twg21
327,1,402,7,1,soja,20221026,20230225,122,6,6vrw,6vrw5,6vrw5z
52,1,94,1427,3,soja,20211109,20220314,125,6,6ucw,6ucwy,6ucwyy
52,1,100,4907,3,soja,20211107,20220222,107,6,6ucx,6ucxw,6ucxwt
267,1,1,35,2,soja,20220919,20230120,123,6,6tw4,6tw4n,6tw4nb
436,41,2,140,1,soja,20241126,20250304,98,6,6vze,6vzec,6vzecr
238,61,1,20,1,soja,20211029,20220301,123,6,6trm,6trmq,6trmqd
36,1,1,34,2,soja,20200917,20210116,121,6,6v85,6v85g,6v85gz
52,1,47,468,2,soja,20201105,20210311,126,6,6v1b,6v1b0,6v1b0j
360,1,871802,34,1683502,soja,20231117,20240316,120,6,6y24,6y240,6y2409
350,1,35,4,302,soja,20221106,20230323,137,6,6vxn,6vxnx,6vxnxf
1019,421,74,126,1,soja,20231005,20240113,100,6,6tqz,6tqzm,6tqzmj
400,1,10,2,2,soja,20241020,20250216,119,6,6txm,6txm0,6txm0m
10,1,1,169,1,soja,20231026,20240313,139,6,6tqm,6tqmm,6tqmm2
1019,381,93,212,2,soja,20231205,20240320,106,6,6vxk,6vxkx,6vxkx2
175,1,1,54,1,soja,20231118,20240302,105,6,6ym3,6ym3c,6ym3cg
390,1,3,2,1,soja,20231102,20240226,116,6,6vjd,6vjdd,6vjddm
324,1,1,34,1,soja,20231122,20240404,134,6,6urm,6urmx,6urmxk
221,41,25,94,25,soja,20231120,20240312,113,6,6u07,6u07k,6u07kw
341,1,1,12,1,soja,20231105,20240222,109,6,6y0e,6y0es,6y0est
327,1,402,16,1,soja,20221014,20230212,121,6,6vrw,6vrw7,6vrw7s
350,41,36,41,553,soja,20251203,20260413,131,6,6vze,6vzej,6vzejg
1019,401,77,139,1,soja,20231002,20240121,111,6,6v82,6v82d,6v82d9
436,81,4,66,1,soja,20251018,20260224,129,6,6yxf,6yxfq,6yxfqw
1019,461,68,146,1,soja,20231024,20240216,115,6,6v88,6v88u,6v88u2
52,1,84,712,1,soja,20221003,20230310,158,6,6v1b,6v1b2,6v1b2t
42,81,21,28,1,soja,20251120,20260324,124,6,6yy1,6yy11,6yy11d
15,1,1,5,5,soja,20201115,20210404,140,6,6vx7,6vx74,6vx745
1019,161,18,115,2,soja,20231020,20240225,128,6,6vzs,6vzsc,6vzsc6
1019,421,74,117,1,soja,20231026,20240228,125,6,6tqz,6tqzt,6tqztj
238,61,1,39,1,soja,20211031,20220221,113,6,6trm,6trmr,6trmrh
182,161,1,14,1,soja,20251112,20260404,143,6,6vxk,6vxk5,6vxk5v
390,1,9,5,1,soja,20231117,20240315,119,6,6vjd,6vjd9,6vjd9w
367,61,1,3,2,soja,20241023,20250218,118,6,6v8m,6v8m0,6v8m0y
52,1,47,461,2,soja,20201104,20210308,124,6,6v18,6v18p,6v18pk
1019,181,44,35,2,soja,20241014,20250216,125,6,6vfg,6vfg2,6vfg2h
230,1,1,18,6,soja,20211105,20220203,90,6,6v2q,6v2q2,6v2q2e
221,41,25,56,25,soja,20231028,20240303,127,6,6u07,6u07y,6u07y8
221,41,25,56,25,soja,20231028,20240303,127,6,6u07,6u07y,6u07y8
52,1,62,634,2,soja,20211124,20220405,132,6,6ucz,6ucz6,6ucz6g
42,101,60,31,1,soja,20251215,20260319,94,7,7n8n,7n8n0,7n8n0c
52,1,55,606,1,soja,20231013,20240212,122,6,6ucz,6uczc,6uczcz
1019,381,93,502,5,soja,20231011,20240203,115,6,6vxs,6vxsx,6vxsxv
221,1,11,102,12,soja,20231216,20240312,87,6,6u09,6u094,6u094j
176,41,7,707,1,soja,20221102,20230225,115,6,6vdu,6vdud,6vdudy
232,1,1,2,8,soja,20211021,20220222,124,6,6vbt,6vbtm,6vbtm9
323,41,11413,1,1,soja,20221027,20230305,129,6,6udq,6udqh,6udqh8
1019,261,64,206,1,soja,20241116,20250326,130,6,6yx0,6yx0v,6yx0ve
1019,341,23,21,1,soja,20231230,20240402,94,6,6yrs,6yrs4,6yrs4p
350,1,39,2,410,soja,20251108,20260403,146,6,6vxm,6vxmu,6vxmud
238,61,1,207,3,soja,20211201,20220320,109,6,6trm,6trmx,6trmx7
238,61,1,207,3,soja,20211201,20220320,109,6,6trm,6trmx,6trmx7
52,1,94,1411,3,soja,20211124,20220406,133,6,6ucw,6ucwv,6ucwv9
393,42,3,1,1,soja,20230921,20231226,96,6,6twg,6twg1,6twg1j
267,1,1,3,5,soja,20221018,20230214,119,6,6tw4,6tw4r,6tw4ru
52,1,90,1301,1,soja,20201023,20210301,129,6,6v18,6v18q,6v18qp
52,1,100,4901,2,soja,20201223,20210416,114,6,6ucx,6ucxw,6ucxw7
1019,301,10,14,1,soja,20231117,20240311,115,6,6vx5,6vx5y,6vx5yq
30,121,6,9,1,soja,20241103,20250305,122,6,6ywu,6ywuz,6ywuz5
30,121,6,2,1,soja,20241019,20250226,130,6,6ywu,6ywux,6ywuxr
400,1,10,5,1,soja,20241024,20250217,116,6,6txj,6txjn,6txjny
52,1,4,202,1,soja,20201023,20210224,124,6,6v18,6v18r,6v18r4
52,1,106,4519,1,soja,20201103,20210316,133,6,6v19,6v19x,6v19xm
1019,201,62,106,1,soja,20231010,20240130,112,6,6tx0,6tx0p,6tx0pv
177,61,5,51,3,soja,20230118,20230417,89,6,6ywb,6ywbq,6ywbqy
52,1,4,8,1,soja,20201021,20210220,122,6,6v1b,6v1b2,6v1b2h
1019,181,44,37,1,soja,20231101,20240304,124,6,6vfg,6vfg2,6vfg2q
15,1,1,12,1,soja,20251122,20260414,143,6,6vx4,6vx4z,6vx4zc
367,61,2,4,2,soja,20241116,20250304,108,6,6v9w,6v9w1,6v9w1m
1019,461,68,125,1,soja,20231010,20240202,115,6,6v88,6v886,6v886z
1019,461,68,125,1,soja,20231010,20240202,115,6,6v88,6v886,6v886z
315,1,1,1,17,soja,20221110,20230129,80,6,6vf8,6vf8n,6vf8ne
238,61,1,50,1,soja,20211027,20220212,108,6,6trm,6trmq,6trmq6
331,41,1,15,1,soja,20241017,20250222,128,6,6gcw,6gcwq,6gcwqh
221,41,24,9,24,soja,20231203,20240402,121,6,6u07,6u07f,6u07ff
27,1,1,231,4,soja,20231121,20240317,117,6,6vzt,6vztx,6vztxx
360,1,871802,74,584594602,soja,20241017,20250203,109,6,6y24,6y246,6y246e
52,1,107,4521,1,soja,20201102,20210311,129,6,6v1c,6v1cb,6v1cbk
283,1,1,15,1,soja,20221028,20230301,124,6,6ucn,6ucnn,6ucnn7
392,61,20,4,2,soja,20251106,20260319,133,6,6gsk,6gskj,6gskjr
341,1,1,16,2,soja,20231125,20240324,120,6,6y0e,6y0et,6y0et0
175,61,3,5,1,soja,20211019,20220209,113,6,6ykc,6ykc5,6ykc5u
27,1,1,13,5,soja,20201118,20210327,129,6,6vzt,6vztx,6vztxh
209,1,2,132,1,soja,20221103,20230303,120,6,6uu4,6uu4b,6uu4bz
36,1,1,15,1,soja,20201103,20210312,129,6,6v85,6v85f,6v85ft
52,1,102,5203,2,soja,20211201,20220413,133,6,6ucz,6ucz4,6ucz4b
392,1,15,156,1,soja,20231115,20240307,113,6,6yrn,6yrn3,6yrn3b
293,1,100,131,1,soja,20221002,20230214,135,6,6u08,6u086,6u086s
52,1,78,3404,3,soja,20201218,20210417,120,6,6ucw,6ucws,6ucwsk
1019,201,62,15,1,soja,20231027,20240207,103,6,6tx0,6tx0w,6tx0wb
444,1,1,6,23,soja,20240107,20240515,129,6,6f4x,6f4xe,6f4xef
444,1,1,2,1,soja,20241223,20250504,132,6,6f4x,6f4xe,6f4xev
239,1,1,34,1,soja,20211012,20220207,118,6,6y11,6y11z,6y11ze
221,41,24,10,24,soja,20231205,20240404,121,6,6u07,6u07f,6u07fu
52,1,88,1103,2,soja,20231201,20240419,140,6,6ucz,6ucz3,6ucz3q
1019,441,70,112,1,soja,20231019,20240126,99,6,6wpb,6wpbj,6wpbjr
1019,441,70,122,1,soja,20231019,20240209,113,6,6wpb,6wpbp,6wpbpp
42,1,1102,193,1,soja,20231215,20240320,96,6,6yx8,6yx8s,6yx8sy
1019,381,93,530,5,soja,20231030,20240315,137,6,6vxs,6vxsz,6vxszn
390,1,2,5,1,soja,20231121,20240401,132,6,6vjd,6vjd4,6vjd4b
1019,201,62,82,1,soja,20231009,20240115,98,6,6trp,6trpw,6trpw6
52,1,77,3302,1,soja,20211009,20220202,116,6,6v18,6v18j,6v18jr
444,1,1,6,17,soja,20231229,20240517,140,6,6f4x,6f4xe,6f4xef
331,41,1,7,1,soja,20221116,20230321,125,6,6gcw,6gcwm,6gcwm5
10,101,2,41,2,soja,20201026,20210217,114,6,6tqu,6tquz,6tquzv
27,1,1,5,2,soja,20231030,20240317,139,6,6vzt,6vzts,6vztsu
52,1,78,3401,3,soja,20201216,20210417,122,6,6ucw,6ucws,6ucwsn
1019,221,39,142,1,soja,20231023,20240123,92,6,6tzv,6tzvz,6tzvzu
221,41,25,45,25,soja,20231116,20240303,108,6,6u07,6u07t,6u07tr
444,1,1,1,24,soja,20231211,20240425,136,6,6f4x,6f4xu,6f4xu4
444,1,1,12,18,soja,20240109,20240515,127,6,6f4x,6f4xg,6f4xg8
1019,221,39,228,1,soja,20241029,20250311,133,6,6tzv,6tzvb,6tzvbq
390,1,4,5,1,soja,20241031,20250227,119,6,6vjd,6vjdg,6vjdg3
392,61,20,31,1,soja,20250923,20260207,137,6,6gsm,6gsms,6gsms2
1019,281,17,39,1,soja,20231216,20240413,119,6,6vx2,6vx2w,6vx2w7
1019,101,6,24,1,soja,20231024,20240208,107,6,6uf0,6uf0m,6uf0m7
1019,381,93,119,1,soja,20231118,20240403,137,6,6vxk,6vxkp,6vxkpz
1019,201,62,101,1,soja,20231026,20240213,110,6,6tx2,6tx29,6tx293
382,1,1,18,2,soja,20241018,20250217,122,6,6ugh,6ugh6,6ugh6t
52,1,97,1708,3,soja,20211101,20220301,120,6,6ucw,6ucwy,6ucwyp
1019,543,11,124,1,soja,20251125,20260321,116,6,6yk0,6yk0y,6yk0ym
275,1,200,2,1,soja,20231001,20240206,128,6,6ugs,6ugsh,6ugshf
182,161,1,9,1,soja,20251114,20260302,108,6,6vxk,6vxk7,6vxk73
221,41,25,34,25,soja,20231201,20240322,112,6,6u07,6u07v,6u07v1
315,1,1,1,11,soja,20221025,20230224,122,6,6vf8,6vf8n,6vf8ne
350,1,39,3,405,soja,20251128,20260420,143,6,6vxm,6vxmg,6vxmgu
392,41,21,2,2,soja,20241201,20250422,142,6,6ywk,6ywk8,6ywk8j
1019,201,62,38,1,soja,20231016,20240119,95,6,6tx0,6tx0h,6tx0hy
175,62,2,33,1,soja,20211017,20220203,109,6,6yk9,6yk9s,6yk9s1
487,1,3,2,4,soja,20241021,20250208,110,6,6vqn,6vqnt,6vqntd
359,1,1,36,1,soja,20221115,20230404,140,7,7n8j,7n8jh,7n8jhn
1019,181,44,4,1,soja,20230927,20240110,105,6,6vfe,6vfej,6vfejy
52,1,10,26,3,soja,20201203,20210324,111,6,6ucx,6ucxv,6ucxv3
331,41,1,42,1,soja,20221119,20230315,116,6,6gcw,6gcwm,6gcwmg
360,61,572302,1618502,572802,soja,20231026,20240229,126,6,6ucq,6ucqm,6ucqm4
221,1,6,59,11,soja,20231212,20240416,126,6,6u02,6u02x,6u02xn
283,1,1,18,1,soja,20221017,20230302,136,6,6ucn,6ucnn,6ucnnt
253,1,3,2,5,soja,20220101,20220418,107,6,6yrg,6yrgw,6yrgwe
177,42,107,6,4,soja,20221201,20230323,112,6,6yr5,6yr5m,6yr5mx
27,1,1,41,5,soja,20201109,20210407,149,6,6vzt,6vztm,6vztmm
436,41,2,93,1,soja,20241118,20250228,102,6,6vz7,6vz7w,6vz7w5
327,1,402,9,1,soja,20221101,20230302,121,6,6vrw,6vrw7,6vrw79
327,1,402,42,1,soja,20221013,20230203,113,6,6vrw,6vrw4,6vrw4c
221,1,3,30,16,soja,20231101,20240301,121,6,6u02,6u02v,6u02vc
221,1,3,30,16,soja,20231101,20240301,121,6,6u02,6u02v,6u02vc
42,101,60,14,1,soja,20260115,20260413,88,6,6yxv,6yxvx,6yxvxf
51,1,12,1,1,soja,20211020,20220301,132,6,6vzm,6vzmc,6vzmcp
15,1,1,3,5,soja,20201203,20210411,129,6,6vx7,6vx7h,6vx7hx
52,1,116,5707,3,soja,20201205,20210403,119,6,6ucx,6ucxk,6ucxkr
10,1,1,568,1,soja,20231010,20240314,156,6,6tqt,6tqt9,6tqt95
360,1,871802,182,1683602,soja,20231201,20240319,109,6,6y24,6y241,6y241v
238,61,1,343,4,soja,20211204,20220330,116,6,6trt,6trtc,6trtc4
256,1,1,7,1,soja,20211102,20220217,107,6,6vcq,6vcqj,6vcqjk
52,1,100,4906,2,soja,20201118,20210403,136,6,6ucx,6ucxw,6ucxws
221,41,25,61,25,soja,20231022,20240227,128,6,6u07,6u07y,6u07yg
1019,181,44,2222,2,soja,20241020,20250221,124,6,6vfe,6vfer,6vfer8
392,41,21,16,1,soja,20241023,20250226,126,6,6ywk,6ywk9,6ywk91
425,43,4,9,1,soja,20251022,20260218,119,6,6tw0,6tw07,6tw07d
24,1,1001,232,1,soja,20201102,20210317,135,6,6uge,6uge5,6uge58
483,1,1,2,1,soja,20241007,20250124,109,6,6twq,6twq4,6twq4v
1019,241,2,59,1,soja,20231004,20240203,122,6,6vn5,6vn5s,6vn5sz
4,83,5,2,1,soja,20211010,20220310,151,6,6v8k,6v8ku,6v8kue
444,1,1,14,26,soja,20251218,20260502,135,6,6f4x,6f4xe,6f4xej
221,41,25,104,25,soja,20231207,20240410,125,6,6u07,6u07e,6u07e5
299,1,6,3,1,soja,20221019,20230211,115,6,6y0x,6y0xb,6y0xbx
315,1,1,3,3,soja,20221013,20230214,124,6,6vg1,6vg1q,6vg1qf
42,1,1102,161,1,soja,20231203,20240328,116,6,6yrx,6yrxy,6yrxyn
327,1,402,28,1,soja,20221011,20230201,113,6,6vrw,6vrw4,6vrw4v
39,1,100,1311,1,soja,20231226,20240423,119,6,6dxh,6dxht,6dxhtp
52,1,10,28,3,soja,20201204,20210324,110,6,6ucx,6ucxt,6ucxtq
238,61,1,205,3,soja,20211130,20220403,124,6,6trm,6trmx,6trmxs
350,1,35,1,112,soja,20221105,20230327,142,6,6vxn,6vxnn,6vxnnz
52,1,90,1302,1,soja,20201023,20210301,129,6,6v18,6v18q,6v18qr
1019,543,11,327,2,soja,20251114,20260301,107,6,6yhp,6yhps,6yhps7
238,61,1,303,3,soja,20211127,20220401,125,6,6trm,6trmx,6trmxs
238,61,1,303,3,soja,20211127,20220401,125,6,6trm,6trmx,6trmxs
1019,521,500,5,1,soja,20251020,20260302,133,6,6vfk,6vfk4,6vfk4s
10,1,1,84,1,soja,20230915,20240106,113,6,6tqt,6tqtb,6tqtbe
1019,381,93,123,1,soja,20231118,20240402,136,6,6vxs,6vxs2,6vxs22
42,1,1102,123,2,soja,20221206,20230315,99,6,6yx8,6yx8k,6yx8kg
323,1,5553,4,1,soja,20221001,20230202,124,6,6udw,6udwj,6udwjn
444,1,1,2,18,soja,20240109,20240515,127,6,6f4x,6f4xe,6f4xev
1019,381,93,133,1,soja,20231122,20240402,132,6,6vxs,6vxs0,6vxs09
327,1,402,66,1,soja,20221005,20230127,114,6,6vrx,6vrxq,6vrxq0
15,41,2,62,1,soja,20221106,20230311,125,6,6vxv,6vxvs,6vxvsz
30,101,5,11,1,soja,20231104,20240302,119,6,6yxj,6yxjb,6yxjb4
253,1,1,10,2,soja,20211111,20220315,124,6,6yrf,6yrff,6yrffs
403,1,4,6,2,soja,20240507,20240914,130,6,6yhe,6yhe3,6yhe39
27,1,1,29,2,soja,20221201,20230316,105,6,6vzt,6vztk,6vztkc
1019,281,17,103,1,soja,20250926,20260118,114,6,6vx3,6vx3n,6vx3nn
352,1,2,39,2,soja,20221215,20230503,139,7,7h0x,7h0xj,7h0xj0
350,1,39,3,412,soja,20251108,20260404,147,6,6vxm,6vxmg,6vxmgu
52,1,82,703,2,soja,20201101,20210219,110,6,6v1b,6v1b1,6v1b1r
507,41,1,116,1,soja,20251103,20260304,121,6,6ug6,6ug6d,6ug6dp
1019,441,70,158,1,soja,20231021,20240207,109,6,6y00,6y009,6y009h
1019,441,70,158,1,soja,20231021,20240207,109,6,6y00,6y009,6y009h
42,42,18,312,1,soja,20231109,20240301,113,6,6yrs,6yrsx,6yrsx3
51,1,8,9,1,soja,20201027,20210311,135,6,6vzk,6vzk3,6vzk3n
52,1,4,2,2,soja,20201020,20210306,137,6,6v18,6v18p,6v18pn
52,1,50,474,2,soja,20211201,20220409,129,6,6ucz,6ucz9,6ucz9f
392,41,21,9,1,soja,20241106,20250304,118,6,6ywh,6ywhp,6ywhpv
239,1,1,46,6,soja,20211026,20220222,119,6,6y11,6y11n,6y11ny
425,1,1,6,1,soja,20251213,20260317,94,7,7n81,7n819,7n819e
175,1,1,7,1,soja,20201101,20210218,109,6,6ym3,6ym3c,6ym3ce
275,41,500,10,1000,soja,20231223,20240405,104,6,6v5p,6v5p4,6v5p47
1022,1,25,2501,2501,soja,20221125,20230324,119,6,6vru,6vrud,6vruds
27,1,1,45,5,soja,20201110,20210326,136,6,6vzt,6vztf,6vztfx
42,1,1102,155,1,soja,20231116,20240311,116,6,6yxb,6yxb5,6yxb5k
327,1,402,4,1,soja,20221028,20230225,120,6,6vrw,6vrwk,6vrwk1
52,1,94,1424,3,soja,20211112,20220413,152,6,6ucw,6ucwy,6ucwyf
175,61,3,9,1,soja,20211101,20220213,104,6,6ykc,6ykc3,6ykc3b
360,61,572302,1613902,572802,soja,20231017,20240306,141,6,6ucq,6ucqk,6ucqkb
221,1,2,14,11,soja,20211103,20220219,108,6,6u02,6u02t,6u02tf
27,1,1,33,5,soja,20201116,20210406,141,6,6vzt,6vztg,6vztgw
367,61,1,2,5,soja,20241017,20250206,112,6,6v8m,6v8m6,6v8m6d
39,1,100,1312,1,soja,20231212,20240423,133,6,6dxh,6dxhu,6dxhub
42,61,20,34,1,soja,20241206,20250319,103,7,7n8d,7n8d3,7n8d32
230,1,1,5,2,soja,20211125,20220304,99,6,6v2q,6v2qc,6v2qc8
323,41,44940,20,1,soja,20220927,20230207,133,6,6udq,6udqh,6udqhz
1019,461,68,119,1,soja,20231005,20240213,131,6,6v88,6v886,6v886s
52,1,102,5204,2,soja,20211201,20220412,132,6,6ucz,6ucz4,6ucz42
52,1,54,604,2,soja,20201019,20210210,114,6,6ucz,6uczb,6uczbz
42,1,1102,245,1,soja,20231101,20240307,127,7,7n80,7n801,7n801d
1019,221,39,215,1,soja,20241101,20250301,120,6,6tzy,6tzy8,6tzy8h
1019,421,74,176,1,soja,20230919,20231220,92,6,6tqy,6tqyv,6tqyvv
278,1,18,2,16,soja,20241015,20250301,137,6,6y7s,6y7sr,6y7srv
466,1,1,48,1,soja,20251205,20260409,125,7,7n81,7n811,7n8114
177,42,107,2,5,soja,20211105,20220301,116,6,6yr5,6yr5n,6yr5nq
238,61,1,298,4,soja,20211110,20220309,119,6,6trt,6trt9,6trt9k
1019,381,93,526,5,soja,20231103,20240306,124,6,6vxu,6vxub,6vxubp
42,102,61,13,1,soja,20251201,20260401,121,6,6yrh,6yrh9,6yrh9r
253,1,1,1,4,soja,20211119,20220325,126,6,6yrf,6yrfk,6yrfkn
1019,181,44,38,2,soja,20241026,20250212,109,6,6vfe,6vfex,6vfexb
221,41,25,31,25,soja,20231201,20240323,113,6,6u07,6u07u,6u07ub
267,1,1,22,6,soja,20221020,20230217,120,6,6tw6,6tw62,6tw621
329,1,1,1011,2,soja,20221104,20230301,117,6,6ytj,6ytjb,6ytjbg
176,1,8,802,3,soja,20211209,20220320,101,6,6ubu,6ubuz,6ubuzc
176,1,8,802,3,soja,20211209,20220320,101,6,6ubu,6ubuz,6ubuzc
15,1,1,2,12,soja,20241116,20250402,137,6,6vx7,6vx7h,6vx7hs
42,42,1101,223,1,soja,20231102,20240310,129,6,6yru,6yru6,6yru6t
392,1,15,117,2,soja,20231127,20240320,114,6,6yrj,6yrj9,6yrj97
1019,421,74,181,1,soja,20231010,20240202,115,6,6tqy,6tqyy,6tqyyh
436,81,4,67,1,soja,20250929,20260224,148,6,6yxf,6yxfq,6yxfqx
42,81,21,5,1,soja,20251119,20260329,130,6,6yy1,6yy13,6yy131
1019,141,8,40,1,soja,20231010,20240124,106,6,6yqx,6yqxn,6yqxnm
221,1,2,11,7,soja,20211109,20220309,120,6,6u02,6u02q,6u02qy
374,1,1,15,10,soja,20251021,20260323,153,6,6yxd,6yxd0,6yxd0q
1019,221,39,114,1,soja,20231010,20240118,100,6,6tzv,6tzvr,6tzvrq
1019,401,77,114,1,soja,20231004,20240117,105,6,6v82,6v82e,6v82e6
30,41,2,172,1,soja,20201223,20210411,109,6,6yx9,6yx95,6yx95s
315,1,1,3,1,soja,20221028,20230226,121,6,6vg1,6vg1q,6vg1qf
52,1,105,4509,1,soja,20201019,20210301,133,6,6v18,6v18t,6v18tf
52,1,47,461,1,soja,20231017,20240213,119,6,6v18,6v18p,6v18pk
179,1,1,27,1,soja,20201127,20210411,135,7,7n84,7n844,7n844e
374,1,2,1,2,soja,20221215,20230413,119,6,6yx6,6yx6w,6yx6w1
1019,301,10,2,1,soja,20231125,20240316,112,6,6vxh,6vxhp,6vxhpw
1019,542,4,216,2,soja,20251108,20260318,130,6,6yrn,6yrn5,6yrn5s
35,1050,2,30,2,soja,20221003,20230214,134,6,6tw1,6tw1d,6tw1d4
39,1,100,14184,1,soja,20221106,20230414,159,6,6dxh,6dxh7,6dxh7c
1019,281,17,133,1,soja,20251130,20260224,86,6,6vx3,6vx3n,6vx3n3
1019,441,70,158,2,soja,20241118,20250222,96,6,6y00,6y009,6y009h
439,1,2,19,2,soja,20241120,20250327,127,7,7h86,7h867,7h8679
221,1,5,49,10,soja,20231102,20240301,120,6,6u03,6u03n,6u03n8
52,1,57,625,2,soja,20211210,20220412,123,6,6ucz,6ucz8,6ucz87
1019,321,46,105,1,soja,20231102,20240307,126,6,6vxm,6vxmk,6vxmkt
238,61,1,149,4,soja,20211227,20220422,116,6,6trt,6trtb,6trtbb
238,61,1,149,4,soja,20211227,20220422,116,6,6trt,6trtb,6trtbb
253,1,1,10,4,soja,20211106,20220302,116,6,6yrf,6yrff,6yrffs
232,1,1,4,3,soja,20211001,20220117,108,6,6vbt,6vbtm,6vbtm3
10,1,1,329,1,soja,20231001,20240107,98,6,6tqt,6tqtb,6tqtbr
52,1,94,1425,3,soja,20211112,20220414,153,6,6ucw,6ucwz,6ucwz4
1019,401,77,124,1,soja,20231001,20240114,105,6,6v82,6v821,6v821z
30,41,2,10,1,soja,20210105,20210602,148,6,6yx8,6yx8g,6yx8gw
320,1,1,7,1,soja,20221016,20230318,153,7,7h0w,7h0wt,7h0wth
360,42,573502,1663902,2,soja,20241029,20250221,115,6,6yhh,6yhhb,6yhhbn
359,1,1,9,1,soja,20231109,20240312,124,7,7n8h,7n8he,7n8hen
350,1,39,3,402,soja,20251117,20260406,140,6,6vxm,6vxmg,6vxmgu
184,1,1,13,1,soja,20201104,20210406,153,6,6yx9,6yx9m,6yx9my
1019,321,46,241,1,soja,20231027,20240313,138,6,6vxm,6vxmk,6vxmkq
175,62,2,50,2,soja,20211027,20220215,111,6,6yk9,6yk9s,6yk9s0
175,62,2,50,2,soja,20211027,20220215,111,6,6yk9,6yk9s,6yk9s0
253,1,1,13,2,soja,20211117,20220323,126,6,6yrf,6yrfg,6yrfgs
253,1,3,4,3,soja,20211213,20220427,135,6,6yrg,6yrgx,6yrgxh
179,1,2,12,6,soja,20251224,20260327,93,7,7n84,7n844,7n8443
240,1,1,34,1,soja,20220106,20220501,115,7,7nb3,7nb3q,7nb3qm
1019,181,44,34,1,soja,20231101,20240301,121,6,6vfe,6vfer,6vferv
221,63,22,18,2,soja,20231206,20240402,118,6,6v1g,6v1gr,6v1grp
1019,421,74,168,1,soja,20230915,20231222,98,6,6tqz,6tqzj,6tqzjw
446,1,1,2,6,soja,20251215,20260513,149,6,6f1z,6f1zw,6f1zw6
425,41,2,12,1,soja,20231001,20240206,128,6,6tmy,6tmy9,6tmy9r
256,1,1,22,1,soja,20211015,20220209,117,6,6vcm,6vcmx,6vcmxj
232,1,1,4,8,soja,20211019,20220215,119,6,6vbt,6vbtm,6vbtm3
436,82,5,166,1,soja,20251001,20260202,124,6,6vxx,6vxxj,6vxxjh
175,62,2,26,1,soja,20211018,20220210,115,6,6yk9,6yk9s,6yk9s0
1019,81,83,235,2,soja,20231025,20240216,114,6,6udw,6udw5,6udw55
52,1,78,3401,3,soja,20201216,20210417,122,6,6ucw,6ucws,6ucwsn
392,41,21,21,1,soja,20241101,20250301,120,6,6ywk,6ywk9,6ywk9k
1019,81,83,104,1,soja,20231026,20240127,93,6,6udt,6udt4,6udt4q
1019,381,93,138,1,soja,20231003,20240122,111,6,6vxk,6vxkp,6vxkpe
444,1,1,13,6,soja,20240106,20240601,147,6,6f4x,6f4xk,6f4xkt
1019,261,64,40,1,soja,20231125,20240309,105,6,6yrp,6yrpn,6yrpnt
444,1,1,10,13,soja,20240104,20240526,143,6,6f4x,6f4xe,6f4xeq
221,1,10,90,18,soja,20231209,20240411,124,6,6u02,6u02z,6u02zg
1019,543,11,201,1,soja,20251013,20260206,116,6,6yk1,6yk1d,6yk1df
52,1,62,638,2,soja,20211125,20220326,121,6,6ucz,6ucz6,6ucz6z
360,61,572302,1614702,572802,soja,20231009,20240130,113,6,6ucq,6ucqk,6ucqk3
1019,181,44,26,2,soja,20241022,20250207,108,6,6vfe,6vfep,6vfepj
1019,161,18,117,2,soja,20231002,20240213,134,6,6vzs,6vzsc,6vzscm
278,1,18,11,11,soja,20221215,20230404,110,6,6y7t,6y7tp,6y7tpk
256,1,1,14,1,soja,20211024,20220225,124,6,6vcm,6vcmv,6vcmvq
299,1,2,3,1,soja,20221013,20230206,116,6,6y28,6y284,6y284t
275,1,200,8,9,soja,20250924,20260112,110,6,6ugs,6ugsh,6ugshu
350,1,35,2,105,soja,20221109,20230329,140,6,6vxq,6vxq2,6vxq2d
361,41,2,407,2,soja,20221110,20230324,134,6,6vxd,6vxd3,6vxd3k
24,1,2001,306,1,soja,20221025,20230304,130,6,6uge,6uge3,6uge33
1019,301,10,26,1,soja,20231124,20240318,115,6,6vx5,6vx5t,6vx5tu
27,1,1,13,1,soja,20201123,20210409,137,6,6vzt,6vztx,6vztxh
52,1,5,403,1,soja,20201027,20210221,117,6,6v18,6v18x,6v18x9
313,41,1,1,4,soja,20241101,20250313,132,6,6uej,6uejb,6uejbj
466,1,1,37,1,soja,20241206,20250316,100,7,7n81,7n810,7n810n
232,1,2,1,14,soja,20211117,20220215,90,6,6vbj,6vbju,6vbju0
239,1,1,23,1,soja,20211104,20220221,109,6,6y11,6y11y,6y11yc
278,1,18,6,2,soja,20221001,20230120,111,6,6y7u,6y7u8,6y7u8e
52,1,5,400,1,soja,20201027,20210221,117,6,6v18,6v18x,6v18x8
460,61,2,17,2,soja,20251203,20260421,139,6,6vrq,6vrq7,6vrq7u
221,61,16,220,8,soja,20231122,20240420,150,6,6v0c,6v0cw,6v0cwe
1019,381,93,124,1,soja,20231116,20240408,144,6,6vxs,6vxs2,6vxs2m
289,1,1,3,1,soja,20221121,20230408,138,6,6vz1,6vz1t,6vz1ts
359,1,1,32,1,soja,20221116,20230403,138,7,7n8j,7n8j5,7n8j50
350,41,36,2,514,soja,20251018,20260323,156,6,6vzd,6vzdt,6vzdth
27,1,1,2,5,soja,20201107,20210324,137,6,6vzt,6vztt,6vztt9
52,1,89,1201,1,soja,20221020,20230314,145,6,6v1b,6v1b0,6v1b0d
39,1,100,14177,1,soja,20221109,20230411,153,6,6dxh,6dxh7,6dxh7f
27,1,1,20,1,soja,20221111,20230325,134,6,6vzt,6vzty,6vztyc
1019,441,70,103,1,soja,20231018,20240129,103,6,6wpb,6wpbm,6wpbm1
52,1,116,5708,3,soja,20201205,20210402,118,6,6ucx,6ucxk,6ucxkp
1019,381,93,154,1,soja,20240925,20250129,126,6,6vxs,6vxs2,6vxs2e
10,161,5,63,2,soja,20221116,20230315,119,6,6ty7,6ty7z,6ty7z5
1019,181,44,61,2,soja,20241103,20250222,111,6,6vfu,6vfu0,6vfu08
221,1,2,12,1,soja,20221107,20230322,135,6,6u02,6u02q,6u02qx
323,41,44940,19,1,soja,20220927,20230207,133,6,6udq,6udqj,6udqjp
379,41,5001,1,1,soja,20231018,20240301,135,6,6vxd,6vxd4,6vxd4y
278,1,18,9,12,soja,20231101,20240305,125,6,6y7v,6y7v2,6y7v2h
350,1,35,1,110,soja,20221104,20230326,142,6,6vxn,6vxnn,6vxnnz
221,1,3,26,16,soja,20231027,20240223,119,6,6u02,6u02t,6u02t5
1019,321,46,107,1,soja,20231212,20240424,134,6,6vxm,6vxmk,6vxmkx
30,41,2,28,1,soja,20201201,20210321,110,6,6yx8,6yx81,6yx81w
36,1,1,23,3,soja,20201105,20210314,129,6,6v85,6v85g,6v85gk
1019,81,83,237,1,soja,20241014,20250301,138,6,6udw,6udw4,6udw48
436,81,4,98,3,soja,20251030,20260204,97,6,6yxf,6yxfn,6yxfnr
240,1,1,14,1,soja,20220112,20220503,111,7,7nb3,7nb3m,7nb3me
179,1,1,19,1,soja,20201202,20210417,136,7,7n84,7n847,7n847w
350,1,35,2,111,soja,20221201,20230401,121,6,6vxq,6vxq2,6vxq2d
52,1,996,2902,4,soja,20201013,20210204,114,6,6ufp,6ufp3,6ufp30
1019,81,83,120,1,soja,20231101,20240214,105,6,6udt,6udt9,6udt9g
444,1,1,1,16,soja,20240103,20240518,136,6,6f4x,6f4xu,6f4xu4
1019,221,39,247,3,soja,20230920,20240102,104,6,6tzy,6tzy1,6tzy1y
232,1,3,2,10,soja,20211027,20220304,128,6,6tzz,6tzzq,6tzzq0
444,1,1,16,17,soja,20231230,20240517,139,6,6f4x,6f4xs,6f4xs2
182,161,1,12,1,soja,20251112,20260407,146,6,6vxk,6vxk5,6vxk5t
1019,521,500,9,1,soja,20251020,20260221,124,6,6vf7,6vf7f,6vf7fw
177,1,101,12,1,soja,20201118,20210407,140,6,6vz0,6vz05,6vz05c
327,1,402,56,1,soja,20221001,20230124,115,6,6vrw,6vrwy,6vrwym
487,1,1,1,2,soja,20241112,20250320,128,6,6vqq,6vqqc,6vqqcb
444,1,1,3,2,soja,20241124,20250424,151,6,6f4x,6f4xu,6f4xut
51,1,8,17,2,soja,20231101,20240204,95,6,6vzk,6vzk3,6vzk34
27,1,1,211,5,soja,20221117,20230305,108,6,6vzt,6vztk,6vztkh
52,1,94,1402,3,soja,20201209,20210409,121,6,6ucw,6ucws,6ucwsv
1019,241,2,113,2,soja,20231103,20240309,127,6,6vjf,6vjfn,6vjfn3
400,1,10,4,2,soja,20241021,20250218,120,6,6txj,6txjn,6txjnu
30,81,4,282,1,soja,20221116,20230301,105,6,6ywc,6ywc5,6ywc5g
30,41,2,19,1,soja,20201203,20210401,119,6,6yx8,6yx8f,6yx8f2
444,1,1,8,21,soja,20241122,20250428,157,6,6f4x,6f4xs,6f4xsm
221,41,25,79,25,soja,20231016,20240215,122,6,6u07,6u07m,6u07md
278,1,18,1,2,soja,20221008,20230129,113,6,6y7u,6y7u3,6y7u3j
221,1,9,85,14,soja,20231201,20240313,103,6,6u08,6u08f,6u08fe
221,41,25,72,25,soja,20231004,20240209,128,6,6u07,6u07q,6u07qk
299,1,6,10,1,soja,20221022,20230327,156,6,6y28,6y280,6y280g
1019,261,64,52,1,soja,20231027,20240214,110,6,6yrn,6yrnx,6yrnx1
1019,461,68,104,1,soja,20231025,20240207,105,6,6v88,6v886,6v8862
52,1,56,4101,3,soja,20221022,20230301,130,6,6ucz,6uczb,6uczb3
1019,201,62,110,1,soja,20231101,20240227,118,6,6tx2,6tx29,6tx29t
52,1,33,304,1,soja,20221016,20230305,140,6,6v18,6v18n,6v18n9
52,1,90,1306,1,soja,20211016,20220201,108,6,6v18,6v18q,6v18q9
267,1,1,33,2,soja,20221003,20230113,102,6,6tw1,6tw1y,6tw1yg
436,61,3,26,1,soja,20241101,20250228,119,6,6vzx,6vzx6,6vzx61
221,1,2,18,11,soja,20211013,20220224,134,6,6u02,6u02x,6u02x2
4,2,2,34,4,soja,20201028,20210208,103,6,6vb6,6vb68,6vb68z
52,1,33,304,1,soja,20221016,20230305,140,6,6v18,6v18n,6v18n9
36,1,1,18,1,soja,20201019,20210203,107,6,6v85,6v85d,6v85du
444,1,1,2,1,soja,20241223,20250504,132,6,6f4x,6f4xe,6f4xev
10,1,1,163,1,soja,20231011,20240314,155,6,6tqt,6tqtc,6tqtc0
309,1,1,2,1,soja,20221022,20230127,97,6,6trz,6trzf,6trzfv
30,81,4,342,1,soja,20221107,20230301,114,6,6ywb,6ywbu,6ywbuj
309,1,2,5,2,soja,20251213,20260301,78,6,6txb,6txbf,6txbf5
379,41,5001,3,1,soja,20231013,20240216,126,6,6vx9,6vx9g,6vx9gm
1019,401,77,108,1,soja,20231001,20240113,104,6,6v82,6v82g,6v82g0
52,1,17,86,2,soja,20201105,20210315,130,6,6v18,6v18p,6v18pc
238,61,1,224,3,soja,20211126,20220330,124,6,6trt,6trtb,6trtb3
27,1,1,17,2,soja,20201120,20210410,141,6,6vzt,6vztu,6vztu3
52,1,51,482,2,soja,20221202,20230403,122,6,6ucz,6ucz1,6ucz15
1019,1,72,120,1,soja,20231017,20240124,99,6,6tw0,6tw0m,6tw0mt
175,62,2,51,2,soja,20211105,20220324,139,6,6yk9,6yk9s,6yk9s0
175,62,2,51,2,soja,20211105,20220324,139,6,6yk9,6yk9s,6yk9s0
51,1,8,27,2,soja,20231016,20240113,89,6,6vzk,6vzk3,6vzk3j
1019,341,23,24,1,soja,20231121,20240401,132,6,6yrs,6yrs7,6yrs71
335,1,2,39,1,soja,20221121,20230205,76,6,6tyw,6tywp,6tywpf
10,1,1,36,1,soja,20231027,20240309,134,6,6tqt,6tqtd,6tqtdj
330,1,86,7,1,soja,20230116,20230422,96,6,6f68,6f68s,6f68sd
327,1,402,24,1,soja,20221012,20230201,112,6,6vrw,6vrw7,6vrw71
52,1,125,4655,1,soja,20221117,20230314,117,6,6v1c,6v1cy,6v1cyj
1019,1,72,110,1,soja,20231020,20240208,111,6,6tw0,6tw0s,6tw0sk
1019,401,77,104,1,soja,20231002,20240120,110,6,6v82,6v82d,6v82d7
444,1,1,2,26,soja,20231201,20240423,144,6,6f4x,6f4xe,6f4xev
52,1,106,4517,1,soja,20201102,20210315,133,6,6v19,6v19x,6v19xf
27,1,1,46,5,soja,20201109,20210326,137,6,6vzw,6vzw4,6vzw4c
52,1,110,5601,2,soja,20211117,20220323,126,6,6ucz,6ucz1,6ucz1e
444,1,1,6,4,soja,20250111,20250506,115,6,6f4x,6f4xe,6f4xef
52,1,18,442,2,soja,20201118,20210330,132,6,6ucz,6uczc,6uczcn
281,1,1,7,1,soja,20221016,20230208,115,6,6y38,6y38e,6y38e4
221,1,11,92,12,soja,20231107,20240307,121,6,6u09,6u091,6u0912
1019,241,2,217,3,soja,20231115,20240328,134,6,6vnu,6vnu6,6vnu6s
1019,241,2,313,3,soja,20241021,20250218,120,6,6vng,6vngz,6vngzw
1019,201,62,129,2,soja,20231001,20240112,103,6,6tx0,6tx0p,6tx0p5
42,101,60,29,1,soja,20251102,20260324,142,7,7n8j,7n8jb,7n8jbx
42,101,60,29,1,soja,20251102,20260324,142,7,7n8j,7n8jb,7n8jbx
327,1,402,53,1,soja,20221001,20230124,115,6,6vrw,6vrwy,6vrwy6
255,41,2,87,1,soja,20221016,20230310,145,6,6gbt,6gbt1,6gbt1q
52,1,82,701,2,soja,20201019,20210218,122,6,6v1b,6v1b1,6v1b17
10,1,1,87,1,soja,20231023,20240301,130,6,6tqt,6tqtf,6tqtf7
444,1,1,7,1,soja,20241222,20250503,132,6,6f4x,6f4xs,6f4xs7
42,103,59,22,1,soja,20251128,20260416,139,6,6yrq,6yrqp,6yrqpz
42,103,59,22,1,soja,20251128,20260416,139,6,6yrq,6yrqp,6yrqpz
27,1,1,15,3,soja,20210102,20210421,109,6,6vzt,6vzts,6vzts4
52,1,88,1104,2,soja,20231201,20240419,140,6,6ucz,6ucz3,6ucz3n
52,1,22,222,3,soja,20211115,20220323,128,6,6ucx,6ucxx,6ucxxm
444,1,1,11,22,soja,20241221,20250424,124,6,6f4x,6f4xk,6f4xkr
30,101,5,102,1,soja,20231130,20240301,92,6,6yxj,6yxjb,6yxjbd
278,1,18,7,11,soja,20221201,20230323,112,6,6y7u,6y7u0,6y7u0v
27,1,1,46,5,soja,20201109,20210326,137,6,6vzw,6vzw4,6vzw4c
52,1,52,3201,4,soja,20201126,20210402,127,6,6ucz,6ucz1,6ucz11
36,1,1,83,3,soja,20201103,20210311,128,6,6v85,6v85c,6v85cu
390,1,2,9,1,soja,20231121,20240401,132,6,6vj9,6vj9g,6vj9gn
390,1,7,1,2,soja,20231122,20240316,115,6,6uvp,6uvp6,6uvp6f
327,1,402,55,1,soja,20220930,20230124,116,6,6vrw,6vrwy,6vrwyj
413,1,2,5,6,soja,20231002,20240112,102,6,6vbn,6vbn6,6vbn6d
221,41,25,40,25,soja,20231127,20240316,110,6,6u07,6u07u,6u07uv
1019,361,22,402,1,soja,20251208,20260421,134,6,6ypf,6ypf9,6ypf92
221,41,25,25,25,soja,20231203,20240310,98,6,6u07,6u07s,6u07sk
1019,161,18,208,1,soja,20231222,20240409,109,6,6vzj,6vzjx,6vzjxk
52,1,51,480,2,soja,20211126,20220411,136,6,6ucz,6ucz0,6ucz0u
327,41,401,1,3,soja,20231201,20240402,123,6,6yrf,6yrfm,6yrfmw
52,1,103,4566,1,soja,20211121,20220418,148,6,6v1c,6v1cs,6v1csy
374,42,1,5,9,soja,20251121,20260401,131,6,6yxr,6yxrp,6yxrpx
1019,461,68,124,1,soja,20231010,20240203,116,6,6v88,6v88d,6v88dc
1019,461,68,124,1,soja,20231010,20240203,116,6,6v88,6v88d,6v88dc
436,81,4,83,1,soja,20251022,20260216,117,6,6yxf,6yxfw,6yxfww
436,81,4,81,1,soja,20251002,20260216,137,6,6yxf,6yxfy,6yxfyc
413,1,2,3,9,soja,20231002,20240116,106,6,6vbj,6vbju,6vbjud
361,1,1,361,1,soja,20230511,20230914,126,6,6vus,6vusv,6vusvr
1022,1,25,2503,2503,soja,20221110,20230325,135,6,6vru,6vrue,6vrueh
36,1,1,82,3,soja,20201103,20210311,128,6,6v85,6v85f,6v85f5
315,1,1,23,12,soja,20221022,20230224,125,6,6vf8,6vf8e,6vf8eq
52,1,51,488,2,soja,20221206,20230331,115,6,6ucz,6ucz2,6ucz2g
381,1,1,8,1,soja,20231208,20240401,115,6,6wpd,6wpdp,6wpdpx
439,1,2,23,2,soja,20241118,20250325,127,7,7h86,7h86k,7h86k0
329,1,1,1026,2,soja,20221028,20230224,119,6,6ytj,6ytjb,6ytjb4
278,1,18,10,7,soja,20231108,20240309,122,6,6y7e,6y7ez,6y7ezh
436,41,2,5,1,soja,20241009,20250305,147,6,6vzk,6vzkn,6vzknt
52,1,13,69,3,soja,20211026,20220301,126,6,6ucx,6ucxn,6ucxnz
127,1,1,58,1,soja,20231123,20240302,100,6,6vq8,6vq8w,6vq8wp
221,41,25,99,25,soja,20231203,20240321,109,6,6u07,6u07s,6u07s3
30,1,1,241,1,soja,20251105,20260320,135,6,6yrn,6yrn6,6yrn6x
30,1,1,241,1,soja,20251105,20260320,135,6,6yrn,6yrn6,6yrn6x
315,1,1,24,12,soja,20221019,20230215,119,6,6vf8,6vf8e,6vf8e6
10,1,1,130,1,soja,20231026,20240227,124,6,6tqm,6tqmm,6tqmmj
238,61,1,202,3,soja,20211129,20220429,151,6,6trm,6trmx,6trmxt
238,61,1,202,3,soja,20211129,20220429,151,6,6trm,6trmx,6trmxt
1019,441,70,105,1,soja,20231013,20240115,94,6,6wpb,6wpbm,6wpbm9
239,1,1,30,1,soja,20211104,20220217,105,6,6y11,6y11x,6y11xw
444,1,1,2,21,soja,20241122,20250426,155,6,6f4x,6f4xe,6f4xev
52,1,82,703,2,soja,20201101,20210219,110,6,6v1b,6v1b1,6v1b1r
367,61,1,6,2,soja,20241011,20250204,116,6,6v8m,6v8m6,6v8m6s
1019,401,77,128,1,soja,20231023,20240124,93,6,6v82,6v824,6v824w
335,1,2,20,1,soja,20251002,20260122,112,6,6tyw,6tywp,6tywpn
232,1,3,2,5,soja,20211024,20220209,108,6,6tzz,6tzzq,6tzzq0
286,1,1,10,1,soja,20221101,20230220,111,6,6ttg,6ttgs,6ttgs0
402,1,4,1,1,soja,20231013,20240208,118,6,6ttu,6ttup,6ttup5
500,1,1,4,3,soja,20251028,20260219,114,6,6v80,6v80s,6v80se
374,1,4,7,4,soja,20221229,20230325,86,6,6yx7,6yx7k,6yx7kf
1019,321,46,244,1,soja,20231027,20240401,157,6,6vxm,6vxmk,6vxmkq
248,1,1,26,1,soja,20211018,20220302,135,6,6u0t,6u0td,6u0tdm
52,1,15,433,3,soja,20221102,20230305,123,6,6ucx,6ucxz,6ucxz3
232,1,3,2,7,soja,20210929,20220110,103,6,6tzz,6tzzq,6tzzq0
1019,441,70,117,1,soja,20231018,20240122,96,6,6wpb,6wpbj,6wpbjk
1019,141,8,49,1,soja,20231007,20240212,128,6,6yqw,6yqwv,6yqwvn
400,1,11,10,1,soja,20241005,20250202,120,6,6tz8,6tz84,6tz841
1019,201,62,103,1,soja,20231026,20240217,114,6,6tx2,6tx23,6tx23s
1019,201,62,105,1,soja,20231030,20240222,115,6,6tx0,6tx0p,6tx0pe
466,1,1,44,1,soja,20241128,20250311,103,7,7n81,7n810,7n810w
1019,341,23,2,1,soja,20231222,20240402,102,6,6yrs,6yrs3,6yrs3u
360,101,3419374803,3439688803,2,soja,20251107,20260308,121,6,6v2k,6v2kd,6v2kd3
1019,221,39,2251,1,soja,20241101,20250301,120,6,6tzy,6tzy0,6tzy06
221,1,3,29,16,soja,20231101,20240303,123,6,6u02,6u02t,6u02tx
278,1,18,9,15,soja,20221213,20230301,78,6,6y7v,6y7v2,6y7v2h
500,1,1,2,3,soja,20251105,20260214,101,6,6v80,6v80e,6v80eg
52,1,10,34,3,soja,20201202,20210322,110,6,6ucx,6ucxv,6ucxve
253,1,3,3,1,soja,20221119,20230320,121,6,6yrg,6yrgw,6yrgwh
1019,281,17,178,1,soja,20251201,20260329,118,6,6vx2,6vx2x,6vx2xn
42,42,18,272,1,soja,20231105,20240321,137,6,6yrs,6yrsz,6yrszr
42,42,18,272,1,soja,20231105,20240321,137,6,6yrs,6yrsz,6yrszr
27,1,1,18,2,soja,20201120,20210410,141,6,6vzt,6vztw,6vztwy
10,121,4,6,1,soja,20211001,20220202,124,6,6ttc,6ttc5,6ttc5k
466,1,1,4,1,soja,20241202,20250314,102,7,7n80,7n80b,7n80bs
1019,441,70,241,3,soja,20241101,20250224,115,6,6wpc,6wpcn,6wpcnp
329,1,1,1014,2,soja,20221103,20230309,126,6,6ytj,6ytjb,6ytjbc
1019,321,46,242,1,soja,20231028,20240312,136,6,6vxm,6vxmk,6vxmkr
436,41,2,6,1,soja,20241113,20250305,112,6,6vzk,6vzkn,6vzknd
52,1,5,403,1,soja,20201027,20210221,117,6,6v18,6v18x,6v18x9
253,1,3,2,4,soja,20211113,20220319,126,6,6yrg,6yrgw,6yrgwe
52,1,114,5670,4,soja,20201202,20210412,131,6,6ucy,6ucyu,6ucyuh
361,41,2,413,2,soja,20221105,20230305,120,6,6vx6,6vx6p,6vx6ps
27,1,1,33,2,soja,20221108,20230311,123,6,6vzt,6vztg,6vztgw
331,41,1,18,1,soja,20231114,20240318,125,6,6gcw,6gcwq,6gcwq4
232,1,1,5,6,soja,20210909,20211229,111,6,6vbt,6vbtk,6vbtkb
176,1,8,803,4,soja,20211029,20220322,144,6,6ubu,6ubuz,6ubuzg
176,1,8,803,4,soja,20211029,20220322,144,6,6ubu,6ubuz,6ubuzg
1019,401,77,118,1,soja,20230919,20240116,119,6,6v82,6v826,6v826s
52,1,11,41,3,soja,20201122,20210326,124,6,6ucx,6ucxq,6ucxqh
1019,201,62,112,1,soja,20231009,20240122,105,6,6tx0,6tx0k,6tx0ke
221,41,25,70,25,soja,20231026,20240220,117,6,6u07,6u07r,6u07r5
299,1,3,3,2,soja,20221001,20230121,112,6,6y0x,6y0x8,6y0x85
275,41,500,4,12,soja,20221122,20230404,133,6,6v5n,6v5nf,6v5nfc
374,42,1,26,9,soja,20251122,20260327,125,6,6yxr,6yxrq,6yxrqd
30,101,5,10,1,soja,20231108,20240314,127,6,6yxj,6yxjb,6yxjb8
1019,81,83,116,1,soja,20230926,20240112,108,6,6udt,6udt7,6udt7r
1019,381,93,524,5,soja,20231102,20240301,120,6,6vxs,6vxsz,6vxszv
221,63,22,7,2,soja,20231129,20240302,94,6,6v1g,6v1gr,6v1grj
1019,241,2,204,3,soja,20231026,20240220,117,6,6vnu,6vnu6,6vnu6n
360,61,572302,1614802,572802,soja,20231011,20240203,115,6,6ucq,6ucqk,6ucqk9
42,102,61,15,1,soja,20251204,20260401,118,6,6yrh,6yrhc,6yrhc3
360,41,421147202,5993930702,584575102,soja,20231123,20240320,118,6,6y5u,6y5uc,6y5uc2
221,63,22,17,2,soja,20241119,20250317,118,6,6v45,6v45g,6v45gx
260,1,1,11,3,soja,20211203,20220401,119,6,6tt7,6tt7t,6tt7t0
1019,281,17,102,1,soja,20251009,20260202,116,6,6vx3,6vx3j,6vx3jt
255,41,2,93,1,soja,20221016,20230311,146,6,6gbt,6gbt1,6gbt1q
329,1,1,1008,3,soja,20221113,20230420,158,6,6ytj,6ytjb,6ytjbj
284,1,2,7,2,soja,20221119,20230408,140,7,7h0w,7h0wu,7h0wuy
286,1,1,15,1,soja,20221011,20230219,131,6,6ttg,6ttgs,6ttgs6
52,1,103,4570,1,soja,20221201,20230414,134,6,6v1c,6v1cs,6v1cs5
350,1,38,2,201,soja,20251119,20260407,139,6,6vxm,6vxmf,6vxmf2
1019,241,2,37,1,soja,20231128,20240301,94,6,6vn5,6vn5e,6vn5ev
1019,281,17,26,1,soja,20231215,20240412,119,6,6vx2,6vx2y,6vx2y8
52,1,103,4555,1,soja,20211201,20220401,121,6,6v1c,6v1cg,6v1cgf
1019,201,62,128,2,soja,20230928,20240113,107,6,6tx2,6tx2f,6tx2f7
52,1,113,5654,2,soja,20211201,20220409,129,6,6ucy,6ucyc,6ucyce
267,1,1,12,8,soja,20221007,20230222,138,6,6tw4,6tw4x,6tw4xf
1019,81,83,212,2,soja,20231101,20240213,104,6,6udt,6udtb,6udtbm
15,1,1,23,2,soja,20241106,20250228,114,6,6vx7,6vx71,6vx71m
238,61,1,335,3,soja,20211126,20220404,129,6,6trt,6trtb,6trtb9
267,1,1,19,5,soja,20231028,20240222,117,6,6tw6,6tw62,6tw62n
52,1,11,42,3,soja,20201121,20210326,125,6,6ucx,6ucxm,6ucxmy
286,1,1,18,1,soja,20221019,20230227,131,6,6ttg,6ttgs,6ttgsd
267,1,1,24,4,soja,20221024,20230213,112,6,6tw4,6tw4r,6tw4r4
1019,241,2,107,2,soja,20231028,20240301,125,6,6vjf,6vjfj,6vjfj6
374,1,1,2,10,soja,20251204,20260407,124,6,6yx6,6yx6y,6yx6y8
52,1,100,4901,2,soja,20201223,20210416,114,6,6ucx,6ucxw,6ucxw7
232,1,1,2,5,soja,20211014,20220201,110,6,6vbt,6vbtm,6vbtm9
1019,461,68,156,1,soja,20231013,20240115,94,6,6v88,6v885,6v8859
331,41,1,25,1,soja,20221023,20230305,133,6,6gcw,6gcwm,6gcwmb
238,61,1,282,4,soja,20211113,20220314,121,6,6trt,6trt8,6trt89
1019,221,39,1212,1,soja,20241028,20250211,106,6,6tzv,6tzvz,6tzvz1
327,1,402,30,1,soja,20221010,20230202,115,6,6vrw,6vrw4,6vrw4w
27,1,1,11,5,soja,20201117,20210328,131,6,6vzt,6vztu,6vztug
27,1,1,11,5,soja,20201117,20210328,131,6,6vzt,6vztu,6vztug
444,1,1,6,13,soja,20240104,20240526,143,6,6f4x,6f4xe,6f4xef
1019,141,8,69,1,soja,20231022,20240217,118,6,6yqx,6yqxw,6yqxwy
1019,401,77,122,1,soja,20231023,20240117,86,6,6v82,6v826,6v8268
52,1,47,461,1,soja,20231017,20240213,119,6,6v18,6v18p,6v18pk
282,1,1,5,2,soja,20221007,20230210,126,6,6vn6,6vn69,6vn69t
42,41,1117,426,1,soja,20251210,20260314,94,6,6yrt,6yrte,6yrter
221,1,4,36,17,soja,20231214,20240410,118,6,6u02,6u02w,6u02wr
444,1,1,14,1,soja,20241223,20250504,132,6,6f4x,6f4xe,6f4xej
175,1,1,25,1,soja,20201022,20210323,152,6,6ym3,6ym3c,6ym3cg
360,81,6925353402,6925671502,1,soja,20241101,20250310,129,6,6v0e,6v0eg,6v0egk
487,1,3,7,2,soja,20241211,20250317,96,6,6vqn,6vqnw,6vqnwk
175,1,1,83,4,soja,20211018,20220227,132,6,6ym3,6ym3d,6ym3d9
350,1,35,1,116,soja,20221120,20230408,139,6,6vxn,6vxnn,6vxnnz
209,1,10,181,4,soja,20221107,20230302,115,6,6uu4,6uu4m,6uu4m9
52,1,99,4007,1,soja,20241121,20250422,152,6,6v1c,6v1cq,6v1cqc
15,41,2,46,1,soja,20241201,20250329,118,6,6vxy,6vxym,6vxyme
1022,1,25,120,120,soja,20231108,20240318,131,6,6vru,6vrus,6vrusp
1019,201,62,122,1,soja,20231011,20240123,104,6,6tx2,6tx2f,6tx2f0
1019,201,62,122,1,soja,20231011,20240123,104,6,6tx2,6tx2f,6tx2f0
4,2,2,29,4,soja,20201028,20210209,104,6,6vb6,6vb69,6vb69p
350,1,39,1,412,soja,20251108,20260403,146,6,6vxm,6vxmu,6vxmun
52,1,11,39,3,soja,20201123,20210327,124,6,6ucx,6ucxq,6ucxq1
361,41,2,421,2,soja,20221119,20230412,144,6,6vxd,6vxd0,6vxd0q
1019,181,44,8,1,soja,20231025,20240209,107,6,6vfe,6vfeq,6vfeq4
327,1,402,52,1,soja,20221001,20230123,114,6,6vrw,6vrwy,6vrwy5
392,61,20,8,1,soja,20250923,20260209,139,6,6gsm,6gsms,6gsms1
10,161,5,59,2,soja,20221116,20230315,119,6,6ty7,6ty7z,6ty7ze
425,1,1,7,1,soja,20251125,20260328,123,7,7n81,7n819,7n819g
52,1,5,405,1,soja,20201028,20210225,120,6,6v18,6v18x,6v18xb
1019,461,68,134,1,soja,20231013,20240205,115,6,6v88,6v885,6v885z
282,1,1,5,1,soja,20221104,20230314,130,6,6vn6,6vn69,6vn69t
42,61,20,31,1,soja,20241111,20250223,104,7,7n8d,7n8d4,7n8d4m
42,61,20,31,1,soja,20241111,20250223,104,7,7n8d,7n8d4,7n8d4m
42,61,20,31,1,soja,20241111,20250223,104,7,7n8d,7n8d4,7n8d4m
1019,81,83,133,1,soja,20231012,20240213,124,6,6udt,6udt6,6udt6u
323,41,44940,5,1,soja,20221010,20230223,136,6,6udq,6udqh,6udqhq
1019,421,74,190,1,soja,20231011,20240124,105,6,6tqz,6tqzm,6tqzmr
1019,261,64,202,1,soja,20241116,20250323,127,6,6yx0,6yx0y,6yx0y8
466,1,1,28,1,soja,20241110,20250305,115,6,6yxc,6yxcr,6yxcrc
221,1,6,57,11,soja,20231212,20240408,118,6,6u02,6u02y,6u02yf
221,1,6,57,11,soja,20231212,20240408,118,6,6u02,6u02y,6u02yf
1019,401,77,126,1,soja,20231025,20240122,89,6,6v82,6v827,6v8270
39,1,100,1310,1,soja,20231212,20240423,133,6,6dxh,6dxhs,6dxhsz
360,81,6925353402,6925683702,1,soja,20241121,20250315,114,6,6v0e,6v0ee,6v0eeq
52,1,17,97,2,soja,20201106,20210314,128,6,6ucx,6ucxz,6ucxzz
232,1,3,3,7,soja,20210930,20220116,108,6,6tzz,6tzzk,6tzzks
390,1,7,7,4,soja,20241020,20250214,117,6,6uvp,6uvp7,6uvp7s
232,1,2,4,7,soja,20211021,20220205,107,6,6vbj,6vbjg,6vbjgb
299,1,7,10,1,soja,20221009,20230201,115,6,6y0r,6y0ry,6y0rym
392,41,21,9,2,soja,20241226,20250424,119,6,6ywh,6ywhp,6ywhpv
367,61,1,5,5,soja,20240930,20250120,112,6,6v8m,6v8m1,6v8m1h
238,61,1,150,4,soja,20211111,20220310,119,6,6trt,6trt9,6trt9n
10,101,2,33,2,soja,20201202,20210318,106,6,6trh,6trhb,6trhb8
52,1,53,492,3,soja,20201114,20210303,109,6,6ucx,6ucxr,6ucxrx
238,61,1,337,3,soja,20211210,20220324,104,6,6trt,6trtb,6trtbd
27,1,1,16,5,soja,20201119,20210404,136,6,6vzt,6vzty,6vztyd
1019,421,74,128,1,soja,20231009,20240118,101,6,6tqz,6tqzt,6tqzty
460,1,2,22,23,soja,20241125,20250411,137,6,6vx2,6vx2u,6vx2uu
52,1,90,1307,1,soja,20201108,20210304,116,6,6v18,6v18n,6v18nz
221,1,4,34,17,soja,20231215,20240410,117,6,6u02,6u02w,6u02wg
267,1,1,7,8,soja,20220930,20230111,103,6,6tw4,6tw4p,6tw4pr
444,1,1,5,1,soja,20241221,20250430,130,6,6f4x,6f4xv,6f4xvj
232,1,1,6,1,soja,20211001,20220111,102,6,6vbt,6vbtj,6vbtjp
487,1,2,2,2,soja,20241102,20250221,111,6,6vqq,6vqqc,6vqqcb
1019,421,74,182,1,soja,20231006,20240116,102,6,6tqz,6tqzn,6tqznx
52,1,90,1301,1,soja,20201023,20210301,129,6,6v18,6v18q,6v18qp
232,1,1,3,8,soja,20211019,20220215,119,6,6vbt,6vbtm,6vbtmd
15,1,1,1000,2,soja,20241020,20250301,132,6,6vx7,6vx76,6vx760
483,1,1,7,2,soja,20241002,20250126,116,6,6twq,6twq6,6twq68
52,1,52,3200,2,soja,20221202,20230410,129,6,6ucz,6ucz1,6ucz16
15,1,1,9,1,soja,20201219,20210428,130,6,6vx4,6vx4y,6vx4yc
1019,381,93,108,1,soja,20231009,20240208,122,6,6vxs,6vxs0,6vxs0j
403,1,4,3,2,soja,20240502,20240824,114,6,6yhe,6yhe3,6yhe39
52,1,11,45,3,soja,20201122,20210327,125,6,6ucx,6ucxm,6ucxmf
1019,101,6,29,1,soja,20241010,20250208,121,6,6uf0,6uf0s,6uf0sg
27,1,1,2,5,soja,20201107,20210324,137,6,6vzt,6vztt,6vztt9
52,1,996,2910,4,soja,20201013,20210208,118,6,6ufp,6ufp6,6ufp6n
350,1,35,2,201,soja,20231102,20240324,143,6,6vxq,6vxq2,6vxq2d
52,1,11,47,3,soja,20201123,20210328,125,6,6ucx,6ucxm,6ucxmb
35,7,5,1,1,soja,20231003,20240112,101,6,6tw1,6tw1f,6tw1fh
487,1,3,7,5,soja,20241112,20250320,128,6,6vqn,6vqnw,6vqnwk
359,1,1,12,1,soja,20231122,20240408,138,7,7n8h,7n8hf,7n8hfg
1019,241,2,63,1,soja,20231010,20240215,128,6,6vn5,6vn57,6vn57m
1019,141,8,114,2,soja,20231023,20240217,117,6,6yqz,6yqz9,6yqz9q
239,41,2,3,1,soja,20221009,20230219,133,6,6y02,6y02y,6y02y3
24,1,2001,103,1,soja,20221015,20230323,159,6,6uge,6uge2,6uge2u
413,1,2,7,6,soja,20231003,20240112,101,6,6vbn,6vbn6,6vbn60
52,1,51,490,2,soja,20221206,20230414,129,6,6ucz,6ucz3,6ucz3f
52,1,62,639,4,soja,20201114,20210314,120,6,6ucz,6ucz6,6ucz64
253,1,1,1,8,soja,20221201,20230413,133,6,6yrf,6yrfk,6yrfkn
390,1,2,3,2,soja,20231121,20240319,119,6,6vjd,6vjd5,6vjd54
1019,221,39,108,1,soja,20231009,20240115,98,6,6tzv,6tzvx,6tzvx8
1019,161,18,409,1,soja,20231103,20240301,119,6,6vzq,6vzq8,6vzq8q
10,161,5,40,2,soja,20221114,20230301,107,6,6tye,6tye9,6tye9p
460,62,5,12,1,soja,20251013,20260311,149,6,6vxz,6vxzd,6vxzdb
487,1,2,2,5,soja,20251128,20260406,129,6,6vqq,6vqqc,6vqqcb
444,1,1,15,6,soja,20240106,20240601,147,6,6f4x,6f4xs,6f4xsw
52,1,122,5800,1,soja,20201026,20210218,115,6,6v18,6v18r,6v18rh
52,1,17,98,2,soja,20201105,20210317,132,6,6ucx,6ucxz,6ucxzy
327,1,402,59,1,soja,20221007,20230130,115,6,6vrx,6vrxj,6vrxjg
323,41,44940,16,1,soja,20221003,20230209,129,6,6udq,6udqj,6udqjj
1019,421,74,144,1,soja,20231010,20240113,95,6,6tqz,6tqzq,6tqzq7
315,1,1,1,6,soja,20221104,20230314,130,6,6vf8,6vf8n,6vf8ne
436,41,2,82,1,soja,20241020,20250213,116,6,6vz7,6vz7t,6vz7t3
393,1,1,10,2,soja,20231002,20240108,98,6,6v0x,6v0xb,6v0xb4
278,1,18,14,10,soja,20221014,20230209,118,6,6y7s,6y7sp,6y7sp3
374,1,3,10,3,soja,20251123,20260401,129,6,6yx6,6yx6y,6yx6y0
315,1,1,10,12,soja,20221027,20230302,126,6,6vf8,6vf8e,6vf8ec
487,1,2,3,1,soja,20241112,20250318,126,6,6vqn,6vqnw,6vqnwt
335,1,2,19,1,soja,20251002,20260129,119,6,6tyw,6tywp,6tywpj
221,61,18,243,5,soja,20231213,20240413,122,6,6v0c,6v0cn,6v0cnm
221,41,25,36,25,soja,20231201,20240320,110,6,6u07,6u07v,6u07v7
30,101,5,3,1,soja,20231120,20240318,119,6,6yxj,6yxjb,6yxjbj
1019,81,83,242,1,soja,20241010,20250301,142,6,6udt,6udtf,6udtff
52,1,50,473,2,soja,20211201,20220411,131,6,6ucz,6ucz9,6ucz98
398,1,1,12,12,soja,20231205,20240223,80,6,6vs0,6vs0h,6vs0h9
248,1,1,25,1,soja,20211018,20220214,119,6,6u0t,6u0td,6u0tdj
299,1,5,14,1,soja,20220926,20230117,113,6,6y22,6y22n,6y22nn
1019,341,23,5,1,soja,20231228,20240404,98,6,6yrs,6yrs1,6yrs1r
175,61,3,4,1,soja,20211103,20220225,114,6,6ykc,6ykc5,6ykc5d
1019,321,46,114,1,soja,20231208,20240327,110,6,6vxm,6vxms,6vxmsy
1019,281,17,151,1,soja,20251201,20260331,120,6,6vx2,6vx2y,6vx2y4
52,1,79,3500,2,soja,20221018,20230306,139,6,6ucz,6uczg,6uczgr
52,1,11,42,3,soja,20201121,20210326,125,6,6ucx,6ucxm,6ucxmy
42,102,61,18,1,soja,20251205,20260327,112,6,6yrj,6yrj1,6yrj19
24,1,1001,45,1,soja,20231029,20240304,127,6,6uge,6uge5,6uge5f
267,1,1,3,5,soja,20221018,20230214,119,6,6tw4,6tw4r,6tw4ru
36,1,1,4,3,soja,20201026,20210222,119,6,6v8h,6v8hh,6v8hh7
42,101,60,23,1,soja,20251207,20260405,119,6,6yxv,6yxvz,6yxvzg
52,1,101,5110,3,soja,20201205,20210401,117,6,6ucx,6ucxh,6ucxhv
1019,441,70,108,1,soja,20231017,20240209,115,6,6wpb,6wpbr,6wpbrh
1019,441,70,108,1,soja,20231017,20240209,115,6,6wpb,6wpbr,6wpbrh
175,1,1,13,1,soja,20231111,20240214,95,6,6ym3,6ym3c,6ym3cg
483,1,1,3,3,soja,20241001,20250129,120,6,6twq,6twq4,6twq4z
1019,543,11,2205,1,soja,20251018,20260211,116,6,6yk1,6yk14,6yk14m
436,83,6,77,1,soja,20251011,20260125,106,6,6vzm,6vzmd,6vzmdn
24,1,2001,201,1,soja,20201101,20210220,111,6,6uge,6uge3,6uge3u
52,1,18,441,2,soja,20201117,20210326,129,6,6ucz,6uczb,6uczbv
1019,401,77,130,1,soja,20230920,20240108,110,6,6v82,6v824,6v824f
444,1,1,11,26,soja,20231201,20240424,145,6,6f4x,6f4xk,6f4xkr
444,1,1,10,17,soja,20231231,20240517,138,6,6f4x,6f4xe,6f4xeq
299,1,6,8,1,soja,20221023,20230216,116,6,6y28,6y280,6y280e
327,41,401,4,3,soja,20240102,20240326,84,6,6yrf,6yrfj,6yrfj4
4,101,10,14,1,soja,20221101,20230209,100,6,6vb6,6vb68,6vb68y
221,41,25,25,25,soja,20231203,20240310,98,6,6u07,6u07s,6u07sk
278,1,18,6,6,soja,20221101,20230309,128,6,6y7u,6y7u8,6y7u8e
392,41,21,3,3,soja,20251203,20260405,123,6,6ywk,6ywk2,6ywk2t
52,1,5,402,1,soja,20201027,20210225,121,6,6v18,6v18x,6v18x2
1019,241,2,36,1,soja,20231123,20240308,106,6,6vn5,6vn5s,6vn5ss
1019,81,83,215,2,soja,20231026,20240306,132,6,6udw,6udw1,6udw10
221,1,3,28,16,soja,20231024,20240223,122,6,6u02,6u02t,6u02tm
52,1,11,40,3,soja,20201122,20210326,124,6,6ucx,6ucxq,6ucxq4
51,1,8,31,1,soja,20211116,20220323,127,6,6vzk,6vzk3,6vzk3w
1019,221,39,2061,1,soja,20241101,20250303,122,6,6tzw,6tzwx,6tzwxc
42,61,20,72,1,soja,20260121,20260505,104,7,7n8d,7n8d7,7n8d74
444,1,1,4,17,soja,20231231,20240518,139,6,6f4x,6f4xu,6f4xuv
275,41,500,21,1000,soja,20231014,20240212,121,6,6v5p,6v5p5,6v5p5e
444,1,1,12,1,soja,20241130,20250426,147,6,6f4x,6f4xg,6f4xg8
10,1,1,2,1,soja,20201005,20210202,120,6,6tqt,6tqt8,6tqt8h
327,1,402,22,1,soja,20221018,20230216,121,6,6vrw,6vrwe,6vrweg
335,1,2,20,2,soja,20251012,20260202,113,6,6tyw,6tywp,6tywpn
379,61,4001,207,4,soja,20231208,20240412,126,6,6gk6,6gk6h,6gk6hp
238,61,1,208,3,soja,20211202,20220404,123,6,6trm,6trmx,6trmxm
52,1,83,502,3,soja,20201204,20210326,112,6,6ucx,6ucxv,6ucxvj
176,41,7,710,1,soja,20221115,20230312,117,6,6vdu,6vduc,6vducb
127,1,4,128,4,soja,20251130,20260420,141,6,6vnz,6vnz0,6vnz0x
1022,1,5,42,42,soja,20211031,20220117,78,6,6vrs,6vrs5,6vrs5j
221,1,8,78,21,soja,20231216,20240321,96,6,6u08,6u088,6u088r
327,1,402,32,1,soja,20221009,20230201,115,6,6vrw,6vrw6,6vrw6c
315,1,1,25,13,soja,20221023,20230216,116,6,6vf8,6vf8e,6vf8en
221,41,25,43,25,soja,20231115,20240311,117,6,6u07,6u07t,6u07th
1019,543,11,1206,1,soja,20251201,20260221,82,6,6yk1,6yk11,6yk118
179,1,1,9,1,soja,20211029,20220301,123,7,7n84,7n841,7n841s
367,61,2,8,1,soja,20241023,20250218,118,6,6v9w,6v9w3,6v9w33
52,1,51,482,4,soja,20201121,20210322,121,6,6ucz,6ucz1,6ucz15
52,1,108,4501,2,soja,20201112,20210329,137,6,6v18,6v18n,6v18nu
52,1,4,3,1,soja,20201019,20210219,123,6,6v18,6v18p,6v18pr
436,81,4,89,1,soja,20251002,20260122,112,6,6yxf,6yxfw,6yxfwf
1019,381,93,520,5,soja,20231109,20240315,127,6,6vxs,6vxsy,6vxsyu
179,1,2,7,6,soja,20221112,20230320,128,7,7n84,7n845,7n8453
1019,521,500,4,1,soja,20251018,20260302,135,6,6vfk,6vfk4,6vfk4y
230,1,1,16,5,soja,20211105,20220305,120,6,6v2q,6v2q8,6v2q8x
1019,261,64,29,1,soja,20231124,20240327,124,6,6yrp,6yrpx,6yrpx0
221,41,25,91,25,soja,20231108,20240305,118,6,6u07,6u07m,6u07m1
267,1,1,5,8,soja,20220930,20230115,107,6,6tw4,6tw4r,6tw4rd
27,1,1,30,5,soja,20201116,20210404,139,6,6vzt,6vzth,6vzthz
1019,543,11,123,1,soja,20251125,20260321,116,6,6yk0,6yk0y,6yk0yj
253,1,3,4,5,soja,20211207,20220426,140,6,6yrg,6yrgx,6yrgxh
466,1,1,15,1,soja,20241122,20250305,103,6,6yxc,6yxcn,6yxcng
232,1,2,1,7,soja,20211117,20220206,81,6,6vbj,6vbju,6vbju0
182,41,29,17,1,soja,20211105,20220211,98,6,6vyz,6vyzp,6vyzpq
436,83,6,73,1,soja,20251104,20260304,120,6,6vzm,6vzm6,6vzm6n
253,1,3,7,5,soja,20211201,20220401,121,6,6yrg,6yrgx,6yrgxn
267,1,1,63,7,soja,20221020,20230227,130,6,6tw4,6tw4x,6tw4xk
1019,201,62,24,1,soja,20231028,20240117,81,6,6tx0,6tx0j,6tx0jg
361,1,1,387,1,soja,20230519,20230906,110,6,6vut,6vutj,6vutjt
1019,241,2,116,2,soja,20231103,20240309,127,6,6vjf,6vjfn,6vjfnm
10,1,1,559,1,soja,20231023,20240129,98,6,6tqt,6tqtc,6tqtc8
52,1,996,2905,4,soja,20201015,20210206,114,6,6ufp,6ufp3,6ufp31
52,1,120,5303,4,soja,20201016,20210305,140,6,6ucz,6uczn,6uczns
52,1,116,5701,3,soja,20211207,20220414,128,6,6ucx,6ucxk,6ucxk4
1019,201,62,3,1,soja,20230921,20240102,103,6,6trp,6trpu,6trpu4
1019,201,62,3,1,soja,20230921,20240102,103,6,6trp,6trpu,6trpu4
209,1,10,197,4,soja,20221105,20230314,129,6,6uu4,6uu4m,6uu4m3
52,1,107,4528,1,soja,20211209,20220407,119,6,6v19,6v19z,6v19zv
52,1,15,422,2,soja,20201208,20210402,115,6,6ucz,6uczb,6uczb0
1019,381,93,407,4,soja,20231227,20240416,111,6,6vxs,6vxsb,6vxsbt
238,61,1,134,4,soja,20211113,20220323,130,6,6trt,6trt8,6trt8s
182,41,29,11,1,soja,20211116,20220321,125,6,6vzp,6vzp8,6vzp80
52,1,120,5301,4,soja,20201015,20210304,140,6,6ucz,6uczn,6ucznf
329,1,1,1010,2,soja,20221104,20230301,117,6,6ytj,6ytjb,6ytjbd
10,1,1,122,1,soja,20231121,20240307,107,6,6tqw,6tqw4,6tqw43
350,1,35,4,121,soja,20221127,20230407,131,6,6vxn,6vxnx,6vxnxf
1019,261,64,63,1,soja,20231105,20240309,125,6,6yrp,6yrpj,6yrpjg
331,41,1,2,1,soja,20231011,20240215,127,6,6gcw,6gcwm,6gcwms
331,41,1,2,1,soja,20231011,20240215,127,6,6gcw,6gcwm,6gcwms
360,101,3419374803,3439674603,4,soja,20251028,20260226,121,6,6v2k,6v2k7,6v2k77
278,1,18,4,2,soja,20220922,20230125,125,6,6y7s,6y7sq,6y7sqz
1019,81,83,107,1,soja,20231025,20240110,77,6,6udt,6udt6,6udt62
30,121,6,41,1,soja,20241021,20250220,122,6,6ywu,6ywuw,6ywuwt
1019,441,70,114,1,soja,20231031,20240125,86,6,6wpb,6wpbq,6wpbq3
425,41,2,15,2,soja,20231012,20240208,119,6,6tmy,6tmyc,6tmycb
374,1,1,8,10,soja,20251201,20260329,118,6,6yx6,6yx6z,6yx6zc
361,1,1,109,1,soja,20240520,20240904,107,6,6vus,6vusy,6vusy8
327,1,402,63,1,soja,20221005,20230117,104,6,6vrx,6vrxn,6vrxnn
367,61,1,3,5,soja,20241019,20250220,124,6,6v8m,6v8m0,6v8m0y
460,61,2,11,1,soja,20251129,20260406,128,6,6vrr,6vrr0,6vrr07
350,1,35,4,123,soja,20221113,20230409,147,6,6vxn,6vxnx,6vxnxf
10,1,1,566,1,soja,20231009,20240226,140,6,6tqt,6tqt9,6tqt94
1019,241,2,102,2,soja,20231120,20240322,123,6,6vjf,6vjfj,6vjfj0
1019,261,64,204,1,soja,20241114,20250323,129,6,6yx0,6yx0y,6yx0ys
1019,141,8,5,1,soja,20231011,20240206,118,6,6yqx,6yqxn,6yqxn4
1019,441,70,149,2,soja,20241027,20250219,115,6,6y00,6y008,6y0085
221,41,25,76,25,soja,20231123,20240321,119,6,6u07,6u07t,6u07t8
436,61,3,3,1,soja,20241007,20250201,117,6,6vzx,6vzx1,6vzx1g
367,61,1,2,4,soja,20241017,20250220,126,6,6v8m,6v8m6,6v8m6d
353,1,2,26,1,soja,20221016,20230215,122,6,6twq,6twqt,6twqt8
329,1,1,1006,1,soja,20221103,20230211,100,6,6ytj,6ytjb,6ytjbh
39,1,100,14156,1,soja,20221107,20230411,155,6,6dxh,6dxh7,6dxh7v
436,41,2,13,1,soja,20241102,20250304,122,6,6vz7,6vz7z,6vz7zz
52,1,13,75,3,soja,20211026,20220224,121,6,6ucx,6ucxp,6ucxpj
1019,201,62,41,1,soja,20231012,20240106,86,6,6tx0,6tx0m,6tx0me
184,1,1,5,1,soja,20201127,20210406,130,6,6yx9,6yx9m,6yx9mk
52,1,13,79,3,soja,20211025,20220223,121,6,6ucx,6ucxp,6ucxps
267,1,1,10,8,soja,20220928,20230205,130,6,6tw4,6tw4r,6tw4rw
350,1,38,3,202,soja,20251119,20260408,140,6,6vxm,6vxmf,6vxmfm
436,61,3,3,1,soja,20241007,20250201,117,6,6vzx,6vzx1,6vzx1g
1019,181,44,109,2,soja,20241105,20250311,126,6,6vfg,6vfg0,6vfg07
1019,381,93,327,3,soja,20241127,20250314,107,6,6vxm,6vxmn,6vxmnw
1019,241,2,12,1,soja,20231027,20240301,126,6,6vn5,6vn5n,6vn5ny
278,1,18,13,11,soja,20221201,20230411,131,6,6y7s,6y7sz,6y7szf
221,1,2,15,6,soja,20211028,20220223,118,6,6u02,6u02w,6u02w4
444,1,1,10,18,soja,20231229,20240510,133,6,6f4x,6f4xe,6f4xeq
52,1,86,839,1,soja,20201126,20210322,116,6,6v1b,6v1bv,6v1bv6
52,1,105,4510,1,soja,20201019,20210302,134,6,6v18,6v18t,6v18tb
1019,361,22,309,1,soja,20231229,20240502,125,6,6ypd,6ypdk,6ypdkb
367,61,1,6,1,soja,20241017,20250222,128,6,6v8m,6v8m6,6v8m6s
1019,321,46,243,1,soja,20231027,20240312,137,6,6vxm,6vxmk,6vxmkq
374,42,1,33,9,soja,20251121,20260317,116,6,6yxr,6yxrj,6yxrjz
15,41,2,48,1,soja,20241201,20250326,115,6,6vxy,6vxyq,6vxyqj
382,1,5,2,3,soja,20241024,20250217,116,6,6ug5,6ug5s,6ug5sq
1019,461,68,153,1,soja,20230929,20240130,123,6,6v2x,6v2xg,6v2xgb
327,1,402,57,1,soja,20220919,20230120,123,6,6vrx,6vrxn,6vrxn3
52,1,5,1002,1,soja,20201010,20210127,109,6,6v1b,6v1b8,6v1b85
253,1,3,24,3,soja,20211114,20220327,133,6,6yru,6yrun,6yrun8
425,41,2,9,1,soja,20231019,20240217,121,6,6tmy,6tmyc,6tmych
286,1,1,1,1,soja,20221012,20230220,131,6,6ttg,6ttg7,6ttg7p
232,1,2,1,3,soja,20211011,20220105,86,6,6vbj,6vbju,6vbju0
460,1,2,10,23,soja,20241101,20250308,127,6,6vx2,6vx2t,6vx2ts
179,1,1,2,1,soja,20201124,20210401,128,7,7n84,7n846,7n846m
1019,461,68,122,1,soja,20231001,20240115,106,6,6v88,6v885,6v885h
350,1,35,2,101,soja,20221121,20230416,146,6,6vxq,6vxq2,6vxq2d
52,1,17,97,2,soja,20201106,20210314,128,6,6ucx,6ucxz,6ucxzz
24,1,2001,401,1,soja,20201111,20210309,118,6,6uge,6uge3,6uge3q
1019,281,17,160,1,soja,20251207,20260401,115,6,6vx2,6vx2y,6vx2y3
329,1,1,1005,1,soja,20221023,20230224,124,6,6ytj,6ytjb,6ytjb5
209,1,10,183,4,soja,20221106,20230304,118,6,6uu4,6uu4m,6uu4m8
51,1,12,18,1,soja,20211109,20220402,144,6,6vzq,6vzq0,6vzq0c
52,1,51,488,4,soja,20201118,20210409,142,6,6ucz,6ucz2,6ucz2g
460,63,8,7,1,soja,20251103,20260407,155,6,6vrw,6vrw2,6vrw2y
177,41,103,4,1,soja,20201203,20210401,119,6,6yrd,6yrd8,6yrd8z
52,1,51,483,2,soja,20221202,20230403,122,6,6ucz,6ucz1,6ucz1h
1019,321,46,108,1,soja,20231105,20240304,120,6,6vxm,6vxmt,6vxmt1
439,1,1,14,1,soja,20251129,20260415,137,7,7h86,7h86e,7h86e6
52,1,12,54,3,soja,20211102,20220221,111,6,6ucx,6ucxw,6ucxw8
52,1,56,4103,2,soja,20201111,20210322,131,6,6ucz,6uczb,6uczb3
42,85,54,16,1,soja,20250218,20250602,104,7,7p1p,7p1pn,7p1pny
1019,81,83,205,2,soja,20231008,20240212,127,6,6udt,6udtc,6udtcd
1019,81,83,205,2,soja,20231008,20240212,127,6,6udt,6udtc,6udtcd
1019,461,68,118,1,soja,20231005,20240120,107,6,6v88,6v886,6v886w
350,1,39,2,405,soja,20251129,20260420,142,6,6vxm,6vxmu,6vxmud
436,1,1,16,1,soja,20241113,20250201,80,6,6vzm,6vzmq,6vzmqx
36,1,1,6,2,soja,20201114,20210307,113,6,6v85,6v85u,6v85up
177,42,107,3,2,soja,20201201,20210501,151,6,6yr5,6yr5k,6yr5kp
329,1,1,1045,3,soja,20221113,20230329,136,6,6ytj,6ytjb,6ytjbm
444,1,1,1,15,soja,20231228,20240520,144,6,6f4x,6f4xu,6f4xu4
1019,261,64,65,1,soja,20231108,20240310,123,6,6yrn,6yrny,6yrnyn
1022,1,25,132,132,soja,20221201,20230415,135,6,6vru,6vruf,6vruff
436,61,3,10,1,soja,20241102,20250223,113,6,6vzx,6vzx3,6vzx3g
360,1,871802,154,871902,soja,20231106,20240216,102,6,6wrc,6wrcx,6wrcxq
51,1,12,13,5,soja,20221117,20230402,136,6,6vzq,6vzqh,6vzqhk
1019,181,44,105,2,soja,20241107,20250314,127,6,6vfe,6vfep,6vfepb
10,1,1,3,3,soja,20201021,20210223,125,6,6tqt,6tqtf,6tqtfr
39,1,100,1314,1,soja,20231226,20240423,119,6,6dxh,6dxhv,6dxhv0
400,1,2,5,1,soja,20241018,20250221,126,6,6tz8,6tz8d,6tz8dj
1019,241,2,3,1,soja,20231027,20240229,125,6,6vn5,6vn5m,6vn5mg
52,1,52,3208,4,soja,20201123,20210326,123,6,6ucy,6ucyc,6ucycn
52,1,62,632,4,soja,20201111,20210323,132,6,6ucz,6ucz6,6ucz6v
284,1,2,5,2,soja,20221123,20230405,133,7,7h0w,7h0wu,7h0wux
1019,401,77,207,2,soja,20231106,20240226,112,6,6try,6tryn,6tryn8
182,41,29,7,1,soja,20211120,20220322,122,6,6vzp,6vzp9,6vzp9j
1019,281,17,32,1,soja,20231202,20240417,137,6,6vx2,6vx2z,6vx2zw
436,41,2,102,1,soja,20241104,20250215,103,6,6vz7,6vz7x,6vz7xc
279,1,1,10,3,soja,20221115,20230325,130,6,6vnk,6vnkd,6vnkd2
179,1,1,18,2,soja,20201216,20210417,122,7,7n84,7n847,7n847d
127,1,4,127,4,soja,20251130,20260420,141,6,6vnz,6vnz0,6vnz0w
52,1,116,5707,3,soja,20201205,20210403,119,6,6ucx,6ucxk,6ucxkr
42,42,1101,228,1,soja,20231115,20240313,119,6,6yru,6yru2,6yru2f
379,41,5001,23,1,soja,20231201,20240325,115,6,6vxd,6vxd4,6vxd4u
39,1,15,15127,6,soja,20211025,20220402,159,6,6dxh,6dxh6,6dxh6f
221,61,19,245,6,soja,20231218,20240314,87,6,6v0c,6v0cw,6v0cw8
374,42,1,35,9,soja,20251122,20260324,122,6,6yxr,6yxrn,6yxrn5
1019,261,64,30,1,soja,20231124,20240401,129,6,6yrp,6yrpw,6yrpwd
253,1,1,10,8,soja,20221123,20230402,130,6,6yrf,6yrff,6yrffs
278,1,18,3,16,soja,20241014,20250301,138,6,6y7g,6y7gc,6y7gce
359,1,1,22,1,soja,20221130,20230324,114,7,7n8h,7n8hg,7n8hgk
221,1,3,27,16,soja,20231027,20240223,119,6,6u02,6u02t,6u02th
1019,241,2,120,2,soja,20231103,20240306,124,6,6vjf,6vjfm,6vjfmb
413,1,2,5,2,soja,20231009,20240118,101,6,6vbn,6vbn6,6vbn6d
413,1,2,2,13,soja,20231016,20240201,108,6,6vbj,6vbju,6vbju3
367,61,2,3,1,soja,20241018,20250217,122,6,6v9w,6v9w1,6v9w1w
52,1,89,1205,2,soja,20211014,20220211,120,6,6ucz,6uczb,6uczbx
52,1,51,490,4,soja,20201116,20210401,136,6,6ucz,6ucz3,6ucz3f
42,103,59,15,1,soja,20251129,20260404,126,6,6yrq,6yrqr,6yrqr6
184,1,1,15,1,soja,20201109,20210307,118,6,6yx9,6yx9r,6yx9rj
1019,181,44,1,1,soja,20230928,20240123,117,6,6vfe,6vfej,6vfejc
460,1,2,1,23,soja,20241127,20250220,85,6,6vx2,6vx2u,6vx2u9
350,1,35,4,118,soja,20221125,20230412,138,6,6vxn,6vxnx,6vxnxf
1019,181,44,32,2,soja,20241107,20250222,107,6,6vfe,6vfer,6vfere
175,1,1,94,1,soja,20231119,20240320,122,6,6ym3,6ym3c,6ym3cg
36,1,1,17,3,soja,20201022,20210207,108,6,6v85,6v85g,6v85gz
52,1,103,4562,1,soja,20211125,20220401,127,6,6v1c,6v1cu,6v1cu9
1019,141,8,25,1,soja,20231018,20240229,134,6,6yqx,6yqxq,6yqxqv
1019,181,44,4444,2,soja,20241012,20250319,158,6,6vfe,6vfep,6vfepq
52,1,102,5205,2,soja,20211201,20220411,131,6,6ucy,6ucyf,6ucyfp
370,1,1,18,1,soja,20230203,20230522,108,6,6vng,6vngm,6vngmz
27,1,1,21,4,soja,20201125,20210415,141,6,6vzt,6vztr,6vztrj
1019,221,39,213,2,soja,20231108,20240213,97,6,6tzw,6tzwz,6tzwzb
39,1,100,145,1,soja,20231212,20240420,130,6,6dxh,6dxhs,6dxhse
24,1,1001,101,1,soja,20231013,20240203,113,6,6ugd,6ugds,6ugdss
52,1,97,1710,3,soja,20211025,20220301,127,6,6ucx,6ucxj,6ucxj9
1019,543,11,205,1,soja,20251018,20260220,125,6,6yk1,6yk14,6yk14t
52,1,996,2901,4,soja,20201013,20210204,114,6,6ufp,6ufp3,6ufp32
52,1,5,404,1,soja,20201028,20210225,120,6,6v18,6v18x,6v18xc
360,1,871802,23,1683602,soja,20231126,20240312,107,6,6y24,6y241,6y241f
238,61,1,34,1,soja,20211101,20220222,113,6,6trm,6trmq,6trmqv
10,1,1,3,2,soja,20201023,20210206,106,6,6tqt,6tqtf,6tqtfr
468,1,1,13,1,soja,20241107,20250305,118,6,6ykw,6ykwu,6ykwuy
175,1,1,50,1,soja,20231010,20240202,115,6,6ym3,6ym3d,6ym3d1
27,1,1,43,2,soja,20221107,20230309,122,6,6vzt,6vztn,6vztnp
10,1,1,7,1,soja,20201126,20210307,101,6,6tqw,6tqw1,6tqw1c
232,1,3,3,8,soja,20211018,20220202,107,6,6tzz,6tzzk,6tzzks
352,1,2,42,2,soja,20221118,20230412,145,7,7h0x,7h0xj,7h0xj9
360,1,871802,131,168302,soja,20241020,20250216,119,6,6y21,6y21c,6y21ch
392,41,21,1,1,soja,20241226,20250417,112,6,6ywk,6ywk8,6ywk8j
382,1,2,4,7,soja,20241101,20250310,129,6,6ugn,6ugn1,6ugn1c
52,1,113,5650,4,soja,20201128,20210414,137,6,6ucy,6ucyc,6ucycy
248,1,1,23,1,soja,20211020,20220223,126,6,6u0t,6u0td,6u0td5
327,1,402,41,1,soja,20221013,20230203,113,6,6vrw,6vrw5,6vrw54
329,1,1,1031,3,soja,20221111,20230413,153,6,6ytj,6ytjb,6ytjbe
1019,181,44,19,2,soja,20241014,20250204,113,6,6vfd,6vfdy,6vfdys
221,1,11,102,12,soja,20231216,20240312,87,6,6u09,6u094,6u094j
320,1,1,27,1,soja,20221013,20230228,138,7,7h0w,7h0ws,7h0wsq
52,1,33,304,2,soja,20201105,20210329,144,6,6v18,6v18n,6v18n9
221,41,24,2,24,soja,20231129,20240311,103,6,6u07,6u07d,6u07dj
52,1,53,492,3,soja,20201114,20210303,109,6,6ucx,6ucxr,6ucxrx
27,1,1,7,5,soja,20201104,20210405,152,6,6vzt,6vzts,6vztsc
52,1,1082,10307,500,soja,20211216,20220321,95,6,6v18,6v18h,6v18hg
239,1,1,39,2,soja,20211007,20220203,119,6,6y16,6y161,6y1614
1019,181,44,5553,2,soja,20241101,20250301,120,6,6vfe,6vfez,6vfez2
127,1,2,62,2,soja,20251108,20260401,144,6,6vqb,6vqb8,6vqb8n
221,41,25,55,25,soja,20231025,20240224,122,6,6u07,6u07y,6u07y6
51,1,10,7,1,soja,20201125,20210409,135,6,6vzk,6vzk1,6vzk1f
1019,181,44,20,2,soja,20241022,20250206,107,6,6vfe,6vfen,6vfen2
52,1,14,414,3,soja,20201108,20210314,126,6,6ucx,6ucxr,6ucxrg
444,1,1,4,24,soja,20240106,20240503,118,6,6f4x,6f4xu,6f4xuv
1019,201,62,55,1,soja,20230926,20240117,113,6,6tx0,6tx0n,6tx0n6
52,1,16,436,3,soja,20221101,20230301,120,6,6ucx,6ucxz,6ucxzw
221,61,20,252,4,soja,20231215,20240408,115,6,6v0c,6v0cq,6v0cq0
15,41,2,35,1,soja,20240117,20240416,90,6,6vxy,6vxyj,6vxyjr
392,41,21,19,1,soja,20241027,20250225,121,6,6ywk,6ywk9,6ywk9n
341,1,1,22,1,soja,20231122,20240317,116,6,6y0e,6y0es,6y0esd
425,1,1,4,1,soja,20231204,20240401,119,7,7n81,7n819,7n819j
279,1,1,1,3,soja,20240102,20240513,132,6,6vnk,6vnkd,6vnkdn
444,1,1,7,22,soja,20241116,20250421,156,6,6f4x,6f4xs,6f4xs7
315,1,1,1,7,soja,20221016,20230223,130,6,6vf8,6vf8n,6vf8ne
1019,341,23,19,1,soja,20231114,20240305,112,6,6yrs,6yrsd,6yrsde
1019,543,11,302,1,soja,20251104,20260303,119,6,6yk0,6yk07,6yk07d
1019,181,44,20,1,soja,20231107,20240204,89,6,6vfe,6vfen,6vfen2
413,1,2,1,8,soja,20230927,20240106,101,6,6vbj,6vbju,6vbju0
299,1,5,1,1,soja,20220929,20230119,112,6,6y22,6y22n,6y22n0
1019,381,93,215,2,soja,20241118,20250312,114,6,6vxs,6vxs8,6vxs87
299,1,6,14,1,soja,20221119,20230321,122,6,6y28,6y280,6y280f
1019,361,22,304,1,soja,20231226,20240419,115,6,6ypd,6ypdt,6ypdt5
281,1,1,8,1,soja,20221014,20230211,120,6,6y38,6y38d,6y38db
436,61,3,8,1,soja,20241004,20250123,111,6,6vzx,6vzx1,6vzx1r
400,1,2,7,1,soja,20241016,20250210,117,6,6tz8,6tz89,6tz89w
360,1,871802,180,871902,soja,20231106,20240321,136,6,6wrc,6wrcz,6wrcz8
27,1,1,16,4,soja,20211125,20220402,128,6,6vzt,6vzty,6vztyd
374,1,1,7,10,soja,20251201,20260416,136,6,6yx6,6yx6x,6yx6xy
466,1,1,32,1,soja,20241126,20250310,104,6,6yxb,6yxbz,6yxbzu
275,41,500,33,1000,soja,20241023,20250228,128,6,6v5p,6v5p5,6v5p5f
15,41,2,63,1,soja,20221106,20230311,125,6,6vxv,6vxvu,6vxvuy
1019,181,44,37,2,soja,20241115,20250217,94,6,6vfg,6vfg2,6vfg2q
1019,241,2,70,1,soja,20231006,20240214,131,6,6vn5,6vn5s,6vn5s9
444,1,1,1,12,soja,20250107,20250504,117,6,6f4x,6f4xu,6f4xu4
367,61,1,1,5,soja,20241001,20250123,114,6,6v8m,6v8m6,6v8m6k
436,81,4,91,3,soja,20251031,20260323,143,6,6yxf,6yxfw,6yxfwd
299,1,5,9,1,soja,20220927,20230115,110,6,6y22,6y22n,6y22nk
1019,81,83,217,1,soja,20241028,20250301,124,6,6udw,6udw4,6udw47
1019,341,23,14,1,soja,20231206,20240317,102,6,6yrs,6yrs9,6yrs9g
35,42,6,2011,3,soja,20211014,20220127,105,6,6tw5,6tw5q,6tw5qm
267,1,1,26,4,soja,20221021,20230226,128,6,6tw4,6tw4q,6tw4qd
52,1,82,704,1,soja,20221006,20230309,154,6,6v1b,6v1b3,6v1b31
1019,221,39,205,1,soja,20241026,20250311,136,6,6tzy,6tzy2,6tzy2n
4,2,2,47,4,soja,20241015,20250212,120,6,6vb6,6vb63,6vb63m
436,61,3,25,1,soja,20241102,20250304,122,6,6vzx,6vzx3,6vzx3b
238,61,1,115,2,soja,20211216,20220314,88,6,6trm,6trmx,6trmxc
275,41,500,31,1000,soja,20241105,20250309,124,6,6v5p,6v5p4,6v5p4f
1019,281,17,115,1,soja,20251103,20260301,118,6,6vx3,6vx3q,6vx3qb
444,1,1,17,12,soja,20250108,20250502,114,6,6f4x,6f4xs,6f4xsp
392,41,21,12,2,soja,20241222,20250422,121,6,6ywk,6ywk8,6ywk86
1019,201,62,30,1,soja,20231005,20240111,98,6,6tx0,6tx0r,6tx0rj
1019,301,10,13,1,soja,20231118,20240315,118,6,6vx5,6vx5y,6vx5y3
52,1,11,45,3,soja,20201122,20210327,125,6,6ucx,6ucxm,6ucxmf
24,1,2001,219,1,soja,20201103,20210320,137,6,6uge,6uge0,6uge0n
1019,361,22,308,1,soja,20231203,20240503,152,6,6ypd,6ypdk,6ypdku
350,1,35,2,402,soja,20231215,20240416,123,6,6vxq,6vxq2,6vxq2d
232,1,2,3,10,soja,20211019,20220308,140,6,6vbj,6vbju,6vbjud
52,1,15,428,2,soja,20201205,20210324,109,6,6ucx,6ucxx,6ucxxy
52,1,103,4552,1,soja,20211130,20220401,122,6,6v1c,6v1cs,6v1csp
239,1,1,40,2,soja,20211008,20220203,118,6,6y16,6y161,6y161d
49,1,1,82,7,soja,20231102,20240301,120,6,6vff,6vffb,6vffbf
444,1,1,10,6,soja,20240106,20240531,146,6,6f4x,6f4xe,6f4xeq
1019,261,64,35,1,soja,20231104,20240403,151,6,6yrp,6yrpr,6yrpr0
52,1,13,61,3,soja,20211028,20220302,125,6,6ucx,6ucxq,6ucxqc
52,1,86,839,1,soja,20201126,20210322,116,6,6v1b,6v1bv,6v1bv6
350,1,38,2,202,soja,20251119,20260407,139,6,6vxm,6vxmf,6vxmf2
42,1,1102,183,1,soja,20231201,20240401,122,6,6yrz,6yrzu,6yrzux
42,1,1102,183,1,soja,20231201,20240401,122,6,6yrz,6yrzu,6yrzux
350,1,35,1,116,soja,20221120,20230408,139,6,6vxn,6vxnn,6vxnnz
27,1,1,23,1,soja,20201121,20210417,147,6,6vzt,6vztx,6vztxr
253,1,1,12,3,soja,20221120,20230329,129,6,6yrf,6yrfg,6yrfg2
327,41,401,6,1,soja,20231228,20240419,113,6,6yrf,6yrf5,6yrf5t
439,1,1,16,1,soja,20251128,20260417,140,7,7h86,7h86e,7h86e3
1019,321,46,123,1,soja,20241027,20250305,129,6,6vxm,6vxmt,6vxmtc
466,1,1,13,1,soja,20241110,20250305,115,6,6yxc,6yxcn,6yxcnd
1019,543,11,1318,2,soja,20251121,20260309,108,6,6yk0,6yk0j,6yk0j9
52,1,5,401,1,soja,20201027,20210225,121,6,6v18,6v18r,6v18rr
360,61,572302,1614302,572802,soja,20231005,20240207,125,6,6ucq,6ucq7,6ucq7f
52,1,12,55,3,soja,20211104,20220330,146,6,6ucx,6ucxq,6ucxqz
382,1,6,31,1,soja,20241105,20250311,126,6,6ugj,6ugjd,6ugjdg
466,1,1,4,1,soja,20241202,20250314,102,7,7n80,7n80b,7n80bs
182,161,1,13,1,soja,20251019,20260314,146,6,6vxk,6vxk7,6vxk7v
1019,381,93,528,5,soja,20231031,20240312,133,6,6vxs,6vxsz,6vxszw
52,1,89,1204,1,soja,20221022,20230301,130,6,6ucz,6uczb,6uczbt
330,1,5,32,1,soja,20230117,20230510,113,6,6f68,6f68v,6f68vf
52,1,102,5210,2,soja,20241209,20250412,124,6,6ucy,6ucyg,6ucygj
1019,181,44,57,2,soja,20241102,20250306,124,6,6vfg,6vfgb,6vfgbk
221,1,8,83,21,soja,20231201,20240316,106,6,6u08,6u089,6u089n
483,1,1,6,1,soja,20241020,20250115,87,6,6twq,6twq4,6twq4q
10,1,1,109,1,soja,20231011,20240223,135,6,6tqm,6tqmt,6tqmth
1019,221,39,202,1,soja,20241101,20250311,130,6,6tzw,6tzwr,6tzwrc
175,1,1,77,1,soja,20211011,20220204,116,6,6ym3,6ym3c,6ym3cg
232,1,2,3,13,soja,20211024,20220223,122,6,6vbj,6vbju,6vbjud
1019,441,70,125,1,soja,20231017,20240110,85,6,6wpb,6wpbn,6wpbn4
327,1,402,61,1,soja,20221005,20230120,107,6,6vrx,6vrxj,6vrxjv
413,1,2,4,3,soja,20231007,20240118,103,6,6vbj,6vbjg,6vbjgb
460,41,1,4,23,soja,20240918,20250117,121,6,6vxh,6vxhz,6vxhzr
221,61,15,13,26,soja,20241112,20250310,118,6,6v0c,6v0cm,6v0cmf
52,1,6,21,2,soja,20201105,20210310,125,6,6v18,6v18p,6v18pw
49,1,1,103,1,soja,20241121,20250309,108,6,6vff,6vffk,6vffkp
10,101,2,36,2,soja,20201114,20210316,122,6,6trh,6trh8,6trh8p
457,1,3,67,1,soja,20241222,20250501,130,6,6f4j,6f4ju,6f4juv
1019,261,64,31,1,soja,20231124,20240322,119,6,6yrp,6yrpq,6yrpqy
1019,221,39,120,1,soja,20231017,20240205,111,6,6tzv,6tzvw,6tzvwv
177,1,101,2,1,soja,20201116,20210410,145,6,6vz0,6vz0j,6vz0jq
52,1,86,827,1,soja,20201201,20210321,110,6,6v1b,6v1bs,6v1bsx
360,1,871802,127,1683402,soja,20231202,20240311,100,6,6y24,6y246,6y246v
238,61,1,311,3,soja,20211201,20220322,111,6,6trm,6trmx,6trmx4
238,61,1,311,3,soja,20211201,20220322,111,6,6trm,6trmx,6trmx4
221,1,10,89,18,soja,20231209,20240405,118,6,6u02,6u02z,6u02zs
1019,161,18,402,1,soja,20231108,20240309,122,6,6vzq,6vzq2,6vzq24
253,1,2,3,2,soja,20211118,20220419,152,6,6yrd,6yrdg,6yrdg4
52,1,107,4523,1,soja,20201102,20210315,133,6,6v19,6v19z,6v19zd
1019,543,11,309,2,soja,20251020,20260213,116,6,6yk0,6yk05,6yk05k
1019,543,11,126,1,soja,20251124,20260320,116,6,6yk0,6yk0y,6yk0y5
331,41,1,43,1,soja,20221023,20230305,133,6,6gcw,6gcwm,6gcwm8
327,1,402,34,1,soja,20221017,20230202,108,6,6vrw,6vrw7,6vrw75
444,1,1,7,22,soja,20241116,20250421,156,6,6f4x,6f4xs,6f4xs7
487,1,2,1,5,soja,20241101,20250220,111,6,6vqn,6vqnt,6vqntu
184,1,1,3,1,soja,20201125,20210401,127,6,6yx9,6yx9q,6yx9q1
52,1,100,4908,2,soja,20201119,20210403,135,6,6ucx,6ucxw,6ucxwm
27,1,1,1,5,soja,20201104,20210324,140,6,6vzt,6vztt,6vzttt
39,1,100,1319,1,soja,20231212,20240423,133,6,6dxh,6dxht,6dxhtn
320,1,1,30,1,soja,20221021,20230321,151,7,7h0w,7h0ws,7h0wsk
1019,241,2,218,3,soja,20231114,20240319,126,6,6vnu,6vnu6,6vnu6k
392,41,21,5,2,soja,20241217,20250403,107,6,6ywk,6ywk2,6ywk27
232,1,3,4,8,soja,20211019,20220201,105,6,6tzz,6tzzk,6tzzkf
400,1,10,8,1,soja,20241103,20250222,111,6,6txj,6txjq,6txjq2
384,1,1,26,2,soja,20231021,20240228,130,6,6tmy,6tmy9,6tmy94
42,1,1102,118,1,soja,20221201,20230327,116,6,6yrz,6yrzg,6yrzgd
52,1,33,301,2,soja,20201105,20210329,144,6,6v18,6v18n,6v18ng
350,41,36,23,535,soja,20251118,20260401,134,6,6vzd,6vzdv,6vzdvy
232,1,2,3,6,soja,20211103,20220202,91,6,6vbj,6vbju,6vbjud
1019,301,10,22,1,soja,20231118,20240402,136,6,6vx5,6vx5w,6vx5w7
1019,81,83,118,1,soja,20230925,20240118,115,6,6udt,6udts,6udts4
1019,341,23,16,1,soja,20231206,20240308,93,6,6yrs,6yrs6,6yrs6p
350,1,35,1,405,soja,20231117,20240325,129,6,6vxn,6vxnn,6vxnnz
127,1,4,149,4,soja,20251123,20260414,142,6,6vnz,6vnz0,6vnz0m
52,1,107,4521,1,soja,20201102,20210311,129,6,6v1c,6v1cb,6v1cbk
275,41,500,18,1000,soja,20231204,20240320,107,6,6v5n,6v5ng,6v5ngq
299,1,1,5,1,soja,20221104,20230301,117,6,6y0x,6y0xt,6y0xtw
52,1,47,463,1,soja,20251108,20260313,125,6,6v18,6v18p,6v18p7
52,1,47,463,1,soja,20251108,20260313,125,6,6v18,6v18p,6v18p7
232,1,2,5,3,soja,20211005,20220114,101,6,6vbj,6vbjd,6vbjd6
52,1,102,5207,2,soja,20211202,20220413,132,6,6ucy,6ucyf,6ucyfw
1019,181,44,13,2,soja,20241007,20250201,117,6,6vfe,6vfeq,6vfeqv
1019,141,8,17,1,soja,20231020,20240302,134,6,6yqw,6yqwv,6yqwv9
52,1,86,840,1,soja,20201126,20210323,117,6,6v1b,6v1bv,6v1bvs
267,1,1,3,8,soja,20220928,20230115,109,6,6tw4,6tw4r,6tw4ru
182,161,30,9,1,soja,20251201,20260313,102,6,6vx7,6vx7u,6vx7u1
221,61,16,228,8,soja,20231208,20240413,127,6,6v0c,6v0cz,6v0czg
221,61,16,228,8,soja,20231208,20240413,127,6,6v0c,6v0cz,6v0czg
42,101,60,30,1,soja,20251117,20260316,119,7,7n8j,7n8jc,7n8jcn
436,81,4,84,1,soja,20251021,20260214,116,6,6yxf,6yxfw,6yxfwv
1022,1,5,5013,5013,soja,20240109,20240502,114,6,6vrs,6vrsh,6vrshk
400,1,5,3,1,soja,20241008,20250128,112,6,6tzb,6tzbu,6tzbue
444,1,1,15,17,soja,20231230,20240517,139,6,6f4x,6f4xs,6f4xsw
460,61,2,15,1,soja,20251119,20260412,144,6,6vrq,6vrqc,6vrqcc
253,1,3,1,5,soja,20211213,20220419,127,6,6yrg,6yrgq,6yrgqp
361,1,1,327,1,soja,20230501,20230813,104,6,6vus,6vuss,6vussn
384,1,1,15,1,soja,20231015,20240225,133,6,6tmy,6tmy6,6tmy6m
238,61,1,230,4,soja,20211203,20220404,122,6,6trt,6trtc,6trtc7
466,1,1,13,1,soja,20241110,20250305,115,6,6yxc,6yxcn,6yxcnd
275,41,500,2,1000,soja,20231117,20240318,122,6,6v5n,6v5ng,6v5ngs
52,1,93,1314,3,soja,20201127,20210403,127,6,6ucw,6ucwu,6ucwuv
1019,201,62,122,3,soja,20231011,20240226,138,6,6tx2,6tx2f,6tx2f0
350,1,35,3,302,soja,20221106,20230323,137,6,6vxq,6vxq3,6vxq3h
182,161,1,3,3,soja,20251104,20260303,119,6,6vxk,6vxk1,6vxk1v
182,161,1,3,3,soja,20251104,20260303,119,6,6vxk,6vxk1,6vxk1v
179,1,1,20,1,soja,20201216,20210418,123,7,7n84,7n847,7n847c
444,1,1,10,2,soja,20241130,20250426,147,6,6f4x,6f4xe,6f4xeq
52,1,13,77,3,soja,20211024,20220223,122,6,6ucx,6ucxp,6ucxpm
379,41,5001,14,1,soja,20231024,20240326,154,6,6vxd,6vxd5,6vxd51
179,1,2,11,6,soja,20251201,20260317,106,7,7n81,7n81f,7n81fr
27,1,1,39,5,soja,20201110,20210324,134,6,6vzt,6vztj,6vztjw
1019,441,70,149,1,soja,20231019,20240223,127,6,6y00,6y008,6y0085
253,1,3,1,4,soja,20211112,20220319,127,6,6yrg,6yrgq,6yrgqp
1019,81,83,204,1,soja,20241101,20250301,120,6,6udt,6udtf,6udtf4
390,1,7,5,4,soja,20241021,20250214,116,6,6uvp,6uvp7,6uvp7m
175,62,2,55,2,soja,20211014,20220207,116,6,6yk9,6yk9s,6yk9s0
175,62,2,55,2,soja,20211014,20220207,116,6,6yk9,6yk9s,6yk9s0
350,1,39,1,410,soja,20251120,20260418,149,6,6vxm,6vxmu,6vxmun
460,41,1,1,23,soja,20240926,20250118,114,6,6vxm,6vxm0,6vxm03
275,1,100,27,1,soja,20231001,20240117,108,6,6ugs,6ugss,6ugssz
27,1,1,26,2,soja,20201124,20210415,142,6,6vzt,6vztx,6vztxd
253,1,2,6,2,soja,20221202,20230324,112,6,6yrd,6yrdf,6yrdfe
27,1,1,111,4,soja,20221204,20230401,118,6,6vzt,6vztt,6vzttx
52,1,49,471,2,soja,20211205,20220404,120,6,6ucz,6ucz9,6ucz9y
221,41,25,95,25,soja,20231109,20240308,120,6,6u07,6u07k,6u07kx
221,41,25,62,25,soja,20231122,20240310,109,6,6u07,6u07w,6u07w4
1019,161,18,217,1,soja,20241102,20250314,132,6,6vzj,6vzjw,6vzjwm
275,1,200,10,1,soja,20231002,20240205,126,6,6uge,6ugeu,6ugeux
282,1,1,60,2,soja,20221115,20230402,138,6,6vn6,6vn6c,6vn6cn
309,1,1,13,1,soja,20251111,20260205,86,6,6trz,6trzd,6trzdt
360,101,3419374803,3439646303,4,soja,20251028,20260226,121,6,6v2k,6v2k7,6v2k76
1019,301,10,15,1,soja,20231124,20240318,115,6,6vx5,6vx5y,6vx5y4
30,41,2,24,1,soja,20201124,20210313,109,6,6yx8,6yx8d,6yx8df
182,161,30,6,1,soja,20251108,20260404,147,6,6vx7,6vx7e,6vx7eu
275,41,500,32,1000,soja,20241108,20250312,124,6,6v5p,6v5p5,6v5p51
221,41,25,48,25,soja,20231010,20240205,118,6,6u07,6u07v,6u07ve
52,1,116,5706,3,soja,20211205,20220418,134,6,6ucx,6ucxk,6ucxkj
267,61,1,9,1,soja,20231210,20240422,134,6,6tjw,6tjw1,6tjw1w
392,1,15,127,2,soja,20231124,20240317,114,6,6yrj,6yrj2,6yrj2h
52,1,114,5682,2,soja,20211112,20220320,128,6,6ucy,6ucyv,6ucyvw
329,1,1,1009,1,soja,20221026,20230214,111,6,6ytj,6ytjb,6ytjbs
460,1,2,15,23,soja,20241203,20250216,75,6,6vx2,6vx2w,6vx2w1
1019,221,39,220,1,soja,20241022,20250215,116,6,6tzw,6tzwx,6tzwxm
299,1,1,1,1,soja,20221026,20230219,116,6,6y0x,6y0xm,6y0xmz
283,1,1,7,1,soja,20220923,20230201,131,6,6ucn,6ucnm,6ucnm8
52,1,10,30,3,soja,20201126,20210324,118,6,6ucx,6ucxt,6ucxtg
360,42,573602,1668402,3,soja,20231121,20240311,111,6,6y5v,6y5vn,6y5vnd
30,121,6,8,1,soja,20241101,20250301,120,6,6ywu,6ywuz,6ywuz1
42,42,18,308,1,soja,20231206,20240323,108,6,6yrs,6yrsz,6yrsz8
42,42,18,308,1,soja,20231206,20240323,108,6,6yrs,6yrsz,6yrsz8
52,1,98,3704,4,soja,20201124,20210401,128,6,6ucy,6ucyb,6ucybp
15,1,1,5,4,soja,20201203,20210410,128,6,6vx7,6vx74,6vx745
444,1,1,5,28,soja,20240107,20240518,132,6,6f4x,6f4xv,6f4xvj
52,1,82,708,1,soja,20221013,20230216,126,6,6v1b,6v1b0,6v1b0s
24,1,2001,214,1,soja,20201118,20210301,103,6,6ug7,6ug7r,6ug7ru
392,1,15,24,1,soja,20230402,20230704,93,6,6yrn,6yrn1,6yrn1v
1019,381,93,217,2,soja,20241118,20250404,137,6,6vxs,6vxs9,6vxs9h
1019,421,74,191,1,soja,20231002,20240112,102,6,6tqz,6tqzm,6tqzmr
42,81,21,49,1,soja,20251109,20260302,113,6,6yvb,6yvby,6yvbyh
436,61,3,5,1,soja,20241004,20250201,120,6,6vzx,6vzx1,6vzx1s
52,1,105,4511,1,soja,20201014,20210301,138,6,6v18,6v18w,6v18w1
238,61,1,30,1,soja,20211215,20220305,80,6,6trm,6trmq,6trmqg
327,1,402,67,1,soja,20220926,20230128,124,6,6vrx,6vrxm,6vrxmc
374,42,1,34,9,soja,20251121,20260322,121,6,6yxr,6yxrn,6yxrnj
436,61,3,7,1,soja,20241002,20250204,125,6,6vzx,6vzx1,6vzx1j
392,61,20,33,1,soja,20250920,20260201,134,6,6gsm,6gsms,6gsms6
487,1,2,6,1,soja,20241117,20250401,135,6,6vqq,6vqqd,6vqqdc
221,1,8,80,21,soja,20231228,20240321,84,6,6u08,6u088,6u088s
30,61,3,332,1,soja,20211026,20220207,104,6,6yqz,6yqz2,6yqz28
52,1,62,637,4,soja,20201114,20210323,129,6,6ucz,6ucz6,6ucz69
27,1,1,20,4,soja,20201125,20210414,140,6,6vzt,6vzty,6vztyc
221,61,16,209,8,soja,20231031,20240304,125,6,6v0c,6v0cx,6v0cxu
350,41,36,46,568,soja,20251120,20260329,129,6,6vze,6vzeh,6vzeh8
27,1,1,40,2,soja,20221108,20230324,136,6,6vzt,6vztg,6vztgn
267,1,1,29,4,soja,20221020,20230227,130,6,6tw4,6tw4n,6tw4nx
42,102,61,17,1,soja,20251205,20260401,117,6,6yrh,6yrhc,6yrhcq
1019,241,2,34,1,soja,20231023,20240302,131,6,6vn5,6vn5s,6vn5sq
39,1,100,1244,1,soja,20221106,20230409,154,6,6dxh,6dxhk,6dxhk6
175,1,1,1,1,soja,20231101,20240223,114,6,6ym3,6ym3c,6ym3cg
253,1,1,2,1,soja,20211120,20220211,83,6,6yrf,6yrf0,6yrf07
282,1,1,2,2,soja,20221011,20230210,122,6,6vn6,6vn6d,6vn6dt
1019,81,83,128,1,soja,20231025,20240210,108,6,6udt,6udt6,6udt61
331,41,1,40,1,soja,20241105,20250316,131,6,6gcw,6gcwj,6gcwjq
1019,381,93,320,3,soja,20241107,20250319,132,6,6vxm,6vxmn,6vxmn6
400,1,11,7,1,soja,20241004,20250124,112,6,6txx,6txxf,6txxfz
42,103,59,6,1,soja,20251126,20260312,106,6,6yrw,6yrw8,6yrw8r
42,103,59,6,1,soja,20251126,20260312,106,6,6yrw,6yrw8,6yrw8r
253,1,1,9,8,soja,20221123,20230413,141,6,6yrf,6yrff,6yrffd
350,1,39,1,403,soja,20251126,20260422,147,6,6vxm,6vxmu,6vxmun
52,1,114,5685,4,soja,20201207,20210408,122,6,6ucz,6uczn,6uczn4
221,1,2,15,11,soja,20211015,20220223,131,6,6u02,6u02w,6u02w4
350,1,39,4,412,soja,20251108,20260404,147,6,6vxm,6vxmu,6vxmuv
221,1,2,21,3,soja,20211101,20220308,127,6,6u02,6u02q,6u02qx
275,41,500,23,1000,soja,20231020,20240229,132,6,6v5p,6v5p5,6v5p57
15,1,1,4,12,soja,20241106,20250310,124,6,6vx7,6vx7k,6vx7k9
1019,81,83,111,1,soja,20231025,20240214,112,6,6udt,6udt6,6udt6g
1019,1,72,130,1,soja,20231017,20240126,101,6,6tw0,6tw0e,6tw0ec
1019,221,39,215,2,soja,20231108,20240222,106,6,6tzy,6tzy8,6tzy8h
52,1,113,5650,2,soja,20211127,20220409,133,6,6ucy,6ucyc,6ucycy
278,1,18,2,4,soja,20231028,20240301,125,6,6y7s,6y7sr,6y7srv
52,1,17,100,2,soja,20201105,20210328,143,6,6ucz,6uczb,6uczbh
309,1,2,10,2,soja,20251102,20260226,116,6,6txb,6txbc,6txbcb
299,1,5,7,1,soja,20220927,20230116,111,6,6y22,6y22n,6y22nm
52,1,101,5122,3,soja,20201209,20210402,114,6,6ucx,6ucxm,6ucxmn
232,1,2,3,16,soja,20211120,20220214,86,6,6vbj,6vbju,6vbjud
1019,481,79,107,1,soja,20241026,20250126,92,6,6tx0,6tx0r,6tx0ry
175,1,1,70,1,soja,20231012,20240207,118,6,6ym3,6ym3c,6ym3cg
1019,281,17,121,1,soja,20250920,20260128,130,6,6vx3,6vx3j,6vx3j8
239,1,1,10,1,soja,20211029,20220222,116,6,6y11,6y11y,6y11y1
52,1,120,5304,2,soja,20211028,20220319,142,6,6ucz,6uczn,6uczns
209,1,10,182,4,soja,20221105,20230302,117,6,6uu4,6uu4m,6uu4m9
1019,401,77,111,1,soja,20231002,20240117,107,6,6v82,6v82d,6v82db
42,1,1102,195,1,soja,20231214,20240401,109,6,6yx8,6yx8s,6yx8ss
52,1,56,4102,2,soja,20201110,20210328,138,6,6ucz,6ucz8,6ucz8r
392,1,15,132,2,soja,20231026,20240315,141,6,6yrj,6yrj2,6yrj24
350,1,35,4,115,soja,20221110,20230401,142,6,6vxn,6vxnx,6vxnxf
52,1,13,74,3,soja,20211024,20220226,125,6,6ucx,6ucxp,6ucxpq
52,1,106,4515,1,soja,20201103,20210316,133,6,6v19,6v19r,6v19rx
175,1,1,15,2,soja,20221030,20230220,113,6,6ym3,6ym33,6ym33z
52,1,101,5115,3,soja,20201203,20210329,116,6,6ucx,6ucxj,6ucxjq
52,1,17,100,3,soja,20221025,20230225,123,6,6ucz,6uczb,6uczbh
400,1,11,8,1,soja,20241005,20250124,111,6,6txx,6txxf,6txxfx
42,1,1102,96,1,soja,20221205,20230303,88,6,6yxb,6yxb5,6yxb5h
52,1,17,87,2,soja,20201104,20210320,136,6,6v1b,6v1b0,6v1b01
42,1,1102,116,1,soja,20221201,20230311,100,6,6yrz,6yrzf,6yrzfd
392,61,20,33,1,soja,20250920,20260201,134,6,6gsm,6gsms,6gsms6
52,1,109,504,2,soja,20211204,20220325,111,6,6ucz,6uczd,6uczdp
52,1,86,824,1,soja,20201201,20210322,111,6,6v1b,6v1bu,6v1bud
1019,201,62,44,1,soja,20230927,20240104,99,6,6tx0,6tx0w,6tx0w2
382,1,2,5,2,soja,20241101,20250308,127,6,6ugn,6ugn4,6ugn43
10,1,1,193,1,soja,20231027,20240114,79,6,6tqm,6tqmw,6tqmw4
39,1,100,14164,1,soja,20221106,20230411,156,6,6dxh,6dxh7,6dxh7g
30,62,4,365,1,soja,20211013,20220212,122,6,6ywb,6ywb9,6ywb9q
238,61,1,138,4,soja,20211111,20220307,116,6,6trt,6trt8,6trt8f
10,1,1,45,1,soja,20231027,20240224,120,6,6tqm,6tqmr,6tqmr7
232,1,1,3,6,soja,20210924,20220105,103,6,6vbt,6vbtm,6vbtmd
315,61,3,15,11,soja,20231118,20240312,115,6,6vfr,6vfry,6vfry2
361,1,1,315,1,soja,20230427,20230801,96,6,6vus,6vusk,6vuskr
27,1,1,19,5,soja,20201119,20210401,133,6,6vzt,6vztu,6vztum
315,1,1,1,3,soja,20221006,20230202,119,6,6vf8,6vf8n,6vf8ne
221,1,7,67,20,soja,20231208,20240402,116,6,6u02,6u02x,6u02xs
1019,241,2,101,2,soja,20231024,20240216,115,6,6vjc,6vjcv,6vjcvp
175,1,1,112,1,soja,20241015,20250213,121,6,6ym3,6ym37,6ym37t
466,1,1,36,1,soja,20241122,20250227,97,7,7n81,7n810,7n810h
444,1,1,20,18,soja,20231205,20240510,157,6,6f4x,6f4xs,6f4xs1
253,1,1,2,4,soja,20211119,20220408,140,6,6yrf,6yrf0,6yrf07
327,41,401,7,3,soja,20231219,20240419,122,6,6yrf,6yrfs,6yrfse
1019,441,70,167,1,soja,20231013,20240126,105,6,6wpb,6wpbn,6wpbnp
52,1,56,4103,2,soja,20201111,20210322,131,6,6ucz,6uczb,6uczb3
175,62,2,53,2,soja,20211107,20220224,109,6,6yk9,6yk9s,6yk9s0
10,101,2,23,2,soja,20201106,20210221,107,6,6trh,6trh9,6trh9p
1019,321,46,211,1,soja,20231127,20240324,118,6,6vxt,6vxt2,6vxt2m
299,1,7,11,1,soja,20221009,20230201,115,6,6y0r,6y0ry,6y0ryt
52,1,86,854,1,soja,20241127,20250413,137,6,6v1c,6v1cr,6v1cr2
52,1,125,4655,1,soja,20221117,20230314,117,6,6v1c,6v1cy,6v1cyj
221,41,24,6,24,soja,20231115,20240318,124,6,6u07,6u07f,6u07f4
52,1,56,4102,3,soja,20221023,20230301,129,6,6ucz,6ucz8,6ucz8r
360,81,6925353402,6925675902,1,soja,20241106,20250223,109,6,6v0e,6v0eg,6v0eg0
10,1,1,116,1,soja,20231023,20240229,129,6,6tqt,6tqt9,6tqt9w
253,1,3,3,5,soja,20211216,20220401,106,6,6yrg,6yrgw,6yrgwh
1019,81,83,223,1,soja,20241027,20250301,125,6,6udw,6udw4,6udw4p
466,1,1,41,1,soja,20241126,20250313,107,7,7n80,7n80b,7n80bh
10,1,1,86,1,soja,20231024,20240305,133,6,6tqt,6tqtf,6tqtft
52,1,17,90,2,soja,20201104,20210329,145,6,6ucz,6uczb,6uczbn
27,1,1,7,2,soja,20231104,20240319,136,6,6vzt,6vzts,6vztsc
367,61,1,4,5,soja,20241020,20250220,123,6,6v8m,6v8m0,6v8m0s
450,1,2,23,2,soja,20241031,20250319,139,6,6v10,6v102,6v102c
1019,241,2,319,3,soja,20241101,20250301,120,6,6vph,6vph0,6vph0e
1019,201,62,116,2,soja,20230929,20240115,108,6,6tx2,6tx2d,6tx2dj
52,1,51,486,4,soja,20201117,20210401,135,6,6ucz,6ucz2,6ucz2b
42,1,1102,155,1,soja,20231116,20240311,116,6,6yxb,6yxb5,6yxb5k
309,1,2,9,2,soja,20251213,20260305,82,6,6txb,6txbf,6txbfk
1019,281,17,28,1,soja,20231027,20240401,157,6,6vx2,6vx2y,6vx2yg
221,61,16,233,8,soja,20231209,20240413,126,6,6v0c,6v0cw,6v0cww
256,1,1,15,1,soja,20211025,20220226,124,6,6vcm,6vcmv,6vcmvn
444,1,1,16,6,soja,20240106,20240601,147,6,6f4x,6f4xs,6f4xs2
360,81,6925489902,6925629002,1,soja,20241101,20250313,132,6,6v0e,6v0eg,6v0eg5
299,1,6,2,1,soja,20221020,20230212,115,6,6y28,6y280,6y2802
390,1,3,9,1,soja,20231025,20240216,114,6,6vjd,6vjd6,6vjd6m
52,1,79,3502,2,soja,20221017,20230304,138,6,6ucz,6uczg,6uczgy
175,1,1,73,1,soja,20231109,20240314,126,6,6ym3,6ym3c,6ym3cg
253,1,3,11,3,soja,20211215,20220322,97,6,6yrg,6yrgz,6yrgz3
444,1,1,14,1,soja,20241223,20250504,132,6,6f4x,6f4xe,6f4xej
382,42,4,21,2,soja,20241031,20250302,122,6,6v5q,6v5q0,6v5q0y
42,42,1101,225,1,soja,20231213,20240326,104,6,6yru,6yru3,6yru3m
232,1,2,3,15,soja,20211109,20220309,120,6,6vbj,6vbju,6vbjud
1019,241,2,106,2,soja,20231103,20240301,119,6,6vjf,6vjfj,6vjfjs
392,41,21,16,4,soja,20251203,20260413,131,6,6ywk,6ywk9,6ywk91
24,1,1001,26,1,soja,20231101,20240304,124,6,6uge,6ugeh,6ugeh5
221,61,16,226,8,soja,20231208,20240405,119,6,6v0c,6v0cz,6v0cz9
392,1,15,131,2,soja,20231117,20240316,120,6,6yqv,6yqvr,6yqvrd
1019,542,4,223,2,soja,20251118,20260228,102,6,6yrj,6yrju,6yrjun
52,1,122,5801,1,soja,20201023,20210302,130,6,6v18,6v18q,6v18qu
52,1,52,3207,2,soja,20221201,20230413,133,6,6ucy,6ucyb,6ucybv
444,1,1,7,26,soja,20231201,20240424,145,6,6f4x,6f4xs,6f4xs7
282,1,1,4,3,soja,20221112,20230401,140,6,6vn6,6vn6f,6vn6f1
466,1,1,38,1,soja,20241113,20250225,104,7,7n81,7n812,7n8121
52,1,114,5674,2,soja,20211107,20220413,157,6,6ucz,6uczh,6uczhb
51,1,12,15,5,soja,20221117,20230404,138,6,6vzq,6vzqh,6vzqhw
353,41,1,21,2,soja,20221018,20230210,115,6,6tv0,6tv0p,6tv0pr
1019,261,64,205,1,soja,20241114,20250326,132,6,6yx0,6yx0y,6yx0yh
361,1,1,333,1,soja,20230509,20230808,91,6,6vus,6vuse,6vusew
379,41,5001,24,1,soja,20231024,20240318,146,6,6vxd,6vxd4,6vxd4s
15,1,1,14,2,soja,20251109,20260411,153,6,6vx4,6vx4z,6vx4z0
279,1,1,2,1,soja,20221013,20230214,124,6,6vnk,6vnk9,6vnk9z
1019,141,8,55,1,soja,20231005,20240214,132,6,6yqx,6yqxq,6yqxqr
278,1,18,6,9,soja,20221108,20230320,132,6,6y7u,6y7u8,6y7u8e
1019,361,22,314,1,soja,20231228,20240425,119,6,6ypd,6ypdh,6ypdhj
460,61,2,1,1,soja,20251108,20260331,143,6,6vrp,6vrpq,6vrpqz
1019,381,93,114,1,soja,20231120,20240326,127,6,6vxs,6vxs1,6vxs1p
436,81,4,102,3,soja,20251015,20260210,118,6,6yxf,6yxfm,6yxfm2
52,1,17,99,3,soja,20221025,20230225,123,6,6ucz,6uczb,6uczbj
275,1,100,26,5,soja,20251011,20260228,140,6,6ugs,6ugss,6ugssw
1019,221,39,205,2,soja,20231022,20240207,108,6,6tzy,6tzy2,6tzy2n
52,1,106,4516,1,soja,20201102,20210315,133,6,6v19,6v19x,6v19x9
282,1,1,150,2,soja,20220923,20230201,131,6,6vn6,6vn6b,6vn6br
221,41,24,13,24,soja,20231221,20240326,96,6,6u07,6u07g,6u07gr
299,1,5,6,1,soja,20220927,20230116,111,6,6y22,6y22n,6y22nm
182,161,7283,1,1,soja,20251115,20260408,144,6,6vxk,6vxkh,6vxkhd
1019,141,8,2,1,soja,20231123,20240220,89,6,6yqx,6yqxm,6yqxmc
1019,381,93,145,1,soja,20231013,20240205,115,6,6vxs,6vxs0,6vxs0u
36,1,1,38,3,soja,20201023,20210211,111,6,6v85,6v85g,6v85g9
52,1,62,635,2,soja,20211124,20220405,132,6,6ucz,6ucz6,6ucz67
1019,81,83,108,1,soja,20231001,20240209,131,6,6udt,6udt6,6udt6c
313,41,1,6,3,soja,20241107,20250319,132,6,6udv,6udvt,6udvt8
379,61,4001,209,4,soja,20231204,20240421,139,6,6gk6,6gk6k,6gk6k8
52,1,98,3701,2,soja,20221126,20230331,125,6,6ucz,6ucz0,6ucz05
360,1,871802,89,1683402,soja,20231121,20240304,104,6,6y21,6y21b,6y21bj
221,61,20,254,4,soja,20231214,20240414,122,6,6v0c,6v0cm,6v0cmc
221,61,20,254,4,soja,20231214,20240414,122,6,6v0c,6v0cm,6v0cmc
175,1,1,106,2,soja,20241111,20250318,127,6,6ym3,6ym3c,6ym3cg
221,41,25,51,25,soja,20231028,20240301,125,6,6u07,6u07w,6u07wp
403,1,4,7,2,soja,20240508,20240902,117,6,6yhe,6yhe3,6yhe3f
232,1,2,2,4,soja,20211001,20220202,124,6,6vbj,6vbju,6vbju3
27,1,1,251,1,soja,20221107,20230325,138,6,6vzt,6vztd,6vztdc
436,83,6,95,2,soja,20251022,20260308,137,6,6vzk,6vzkd,6vzkd6
1022,1,5,3005,3005,soja,20211124,20220324,120,6,6vre,6vref,6vrefd
361,41,2,311,2,soja,20221122,20230326,124,6,6vx6,6vx6r,6vx6r8
324,1,1,37,1,soja,20241122,20250322,120,6,6urm,6urmx,6urmxr
361,1,1,113,1,soja,20250511,20250810,91,6,6vus,6vuss,6vussm
52,1,52,3203,4,soja,20201123,20210325,122,6,6ucz,6ucz1,6ucz11
374,1,1,5,10,soja,20251205,20260401,117,6,6yx6,6yx6x,6yx6xp
52,1,62,639,2,soja,20211121,20220404,134,6,6ucz,6ucz6,6ucz64
24,1,1001,7,1,soja,20241030,20250303,124,6,6ugd,6ugdu,6ugduk
275,1,100,28,1,soja,20231001,20240126,117,6,6ugs,6ugst,6ugstj
1022,1,5,7,7,soja,20211024,20220311,138,6,6vre,6vref,6vreff
350,41,36,27,539,soja,20251127,20260401,125,6,6vze,6vzen,6vzen0
360,61,572302,1617802,572802,soja,20231024,20240222,121,6,6ucq,6ucqk,6ucqke
331,41,1,10,1,soja,20221009,20230218,132,6,6gcw,6gcwk,6gcwkd
436,41,2,81,1,soja,20241028,20250210,105,6,6vz7,6vz7w,6vz7wg
52,1,13,80,3,soja,20211025,20220223,121,6,6ucx,6ucxp,6ucxp7
52,1,8,81,1,soja,20211019,20220213,117,6,6v18,6v18n,6v18nk
1019,201,62,52,1,soja,20231011,20240115,96,6,6trp,6trpv,6trpvt
27,1,1,281,5,soja,20231116,20240312,117,6,6vzt,6vztk,6vztkg
282,1,1,15,2,soja,20221028,20230301,124,6,6vn7,6vn70,6vn709
1019,221,39,211,2,soja,20231108,20240214,98,6,6tzy,6tzyb,6tzyb3
182,41,29,3,1,soja,20211104,20220309,125,6,6vzp,6vzpf,6vzpf6
176,1,8,802,4,soja,20211021,20220323,153,6,6ubu,6ubuz,6ubuzc
413,1,2,4,9,soja,20231002,20240116,106,6,6vbj,6vbjg,6vbjgb
52,1,114,5678,2,soja,20211105,20220322,137,6,6ucz,6uczj,6uczjk
42,1,1102,97,1,soja,20221114,20230303,109,6,6yx8,6yx8r,6yx8ru
444,1,1,2,24,soja,20240106,20240426,111,6,6f4x,6f4xe,6f4xev
374,1,1,4,10,soja,20251125,20260413,139,6,6yx6,6yx6x,6yx6xp
221,1,7,65,20,soja,20231207,20240403,118,6,6u02,6u02x,6u02xx
52,1,18,5721,2,soja,20201020,20210216,119,6,6ucz,6uczb,6uczby
350,1,39,4,404,soja,20251112,20260412,151,6,6vxm,6vxmu,6vxmuv
444,1,1,9,6,soja,20240105,20240601,148,6,6f4x,6f4xg,6f4xg3
277,1,1,14,1,soja,20221122,20230321,119,6,6vz8,6vz86,6vz867
466,1,1,41,1,soja,20241126,20250313,107,7,7n80,7n80b,7n80bh
1019,441,70,118,1,soja,20231026,20240119,85,6,6wpb,6wpbj,6wpbjv
1019,201,62,10,1,soja,20231012,20240104,84,6,6tx0,6tx0j,6tx0jx
52,1,16,437,3,soja,20221101,20230301,120,6,6ucx,6ucxz,6ucxzs
284,81,6,13,3,soja,20221119,20230403,135,7,7h0x,7h0x1,7h0x17
436,81,4,88,1,soja,20251108,20260302,114,6,6yxf,6yxfw,6yxfwf
221,41,24,3,24,soja,20231122,20240318,117,6,6u07,6u079,6u079z
30,62,4,351,1,soja,20211019,20220204,108,6,6ywb,6ywb8,6ywb8z
436,41,2,80,1,soja,20241019,20250221,125,6,6vz7,6vz7w,6vz7wk
1019,542,4,243,2,soja,20251106,20260321,135,6,6yrn,6yrnk,6yrnku
1019,101,6,18,1,soja,20241014,20250215,124,6,6uf0,6uf07,6uf077
127,1,2,77,2,soja,20251015,20260221,129,6,6vqb,6vqbb,6vqbb3
329,1,1,1040,3,soja,20221121,20230329,128,6,6ytj,6ytjb,6ytjbz
444,1,1,48,3,soja,20251128,20260503,156,6,6f4x,6f4xu,6f4xus
27,1,1,16,2,soja,20201124,20210503,160,6,6vzt,6vzty,6vztyd
1019,361,22,310,1,soja,20231211,20240422,133,6,6ypd,6ypdk,6ypdkd
52,1,62,636,4,soja,20201114,20210323,129,6,6ucz,6ucz6,6ucz6d
221,1,8,72,21,soja,20231207,20240403,118,6,6u02,6u02z,6u02zb
52,1,22,213,3,soja,20211110,20220330,140,6,6ucx,6ucxx,6ucxx4
30,41,2,16,1,soja,20201218,20210406,109,6,6yx9,6yx95,6yx951
1019,281,17,7,1,soja,20231101,20240315,135,6,6vx3,6vx3n,6vx3nj
30,41,2,21,1,soja,20201127,20210322,115,6,6yx8,6yx8e,6yx8ek
42,42,18,306,1,soja,20231206,20240413,129,6,6yrs,6yrsz,6yrsz6
1019,461,68,109,1,soja,20231005,20240125,112,6,6v88,6v88d,6v88d0
350,1,39,3,409,soja,20251127,20260419,143,6,6vxm,6vxmg,6vxmgu
436,81,4,94,3,soja,20251012,20260311,150,6,6yxf,6yxfm,6yxfme
286,1,1,4,1,soja,20221015,20230211,119,6,6ttg,6ttg7,6ttg7r
175,1,1,89,1,soja,20221019,20230213,117,6,6ym3,6ym3c,6ym3cg
255,41,2,88,1,soja,20221116,20230321,125,6,6gbt,6gbt1,6gbt1j
361,41,2,417,2,soja,20221114,20230412,149,6,6vx6,6vx6p,6vx6pv
30,62,4,353,1,soja,20211101,20220220,111,6,6ywb,6ywbb,6ywbbd
52,1,8,82,1,soja,20211019,20220205,109,6,6v18,6v18n,6v18n5
52,1,107,4522,1,soja,20201102,20210315,133,6,6v19,6v19z,6v19zf
1019,441,70,150,1,soja,20231019,20240223,127,6,6y00,6y008,6y0080
1019,441,70,150,1,soja,20231019,20240223,127,6,6y00,6y008,6y0080
10,1,1,258,1,soja,20231013,20240220,130,6,6tqt,6tqt3,6tqt3p
127,1,2,73,2,soja,20251015,20260308,144,6,6vqb,6vqbb,6vqbb3
30,101,5,32,1,soja,20231130,20240326,117,6,6ywv,6ywvz,6ywvzt
10,1,1,200,1,soja,20241029,20250321,143,6,6tqt,6tqtc,6tqtce
1019,381,93,102,1,soja,20231227,20240413,108,6,6vxk,6vxkp,6vxkp4
267,1,1,50,7,soja,20221005,20230204,122,6,6tw4,6tw4r,6tw4rn
439,1,1,13,1,soja,20251127,20260418,142,7,7h86,7h867,7h867t
42,1,1102,132,1,soja,20231220,20240408,110,6,6yxb,6yxb2,6yxb2s
331,41,1,6,1,soja,20221109,20230301,112,6,6gcw,6gcwm,6gcwmh
403,1,4,5,2,soja,20240507,20240911,127,6,6yhe,6yhe3,6yhe39
436,41,2,72,1,soja,20241120,20250220,92,6,6vz7,6vz7q,6vz7qn
436,81,4,85,1,soja,20251021,20260214,116,6,6yxf,6yxfw,6yxfwy
1019,81,83,211,2,soja,20231107,20240212,97,6,6udt,6udtc,6udtcj
327,1,402,5,1,soja,20221025,20230223,121,6,6vrw,6vrwk,6vrwk5
284,1,2,3,1,soja,20221018,20230311,144,7,7h0w,7h0wg,7h0wgs
221,61,16,211,8,soja,20231117,20240423,158,6,6v0c,6v0cw,6v0cwf
436,61,3,12,1,soja,20241102,20250224,114,6,6vzx,6vzx3,6vzx39
52,1,107,4528,1,soja,20211209,20220407,119,6,6v19,6v19z,6v19zv
267,1,1,56,7,soja,20220926,20230116,112,6,6tw4,6tw4z,6tw4zc
253,1,1,3,7,soja,20221115,20230405,141,6,6yrf,6yrfk,6yrfk0
1019,221,39,206,1,soja,20241102,20250218,108,6,6tzy,6tzy8,6tzy81
221,1,9,88,14,soja,20231201,20240313,103,6,6u08,6u08g,6u08gr
1019,81,83,105,1,soja,20231001,20240124,115,6,6udt,6udt4,6udt4z
367,61,2,1,4,soja,20241030,20250223,116,6,6v9w,6v9w1,6v9w1v
52,1,53,497,3,soja,20201112,20210309,117,6,6ucx,6ucxr,6ucxrn
331,41,1,37,1,soja,20221104,20230319,135,6,6gcw,6gcwm,6gcwm2
256,1,1,17,1,soja,20211101,20220301,120,6,6vcm,6vcmv,6vcmv7
1019,421,74,131,1,soja,20231011,20240212,124,6,6tqz,6tqzm,6tqzmw
52,1,47,466,1,soja,20251108,20260313,125,6,6v18,6v18p,6v18pd
36,1,1,16,1,soja,20201028,20210224,119,6,6v85,6v85d,6v85dn
36,1,1,10,2,soja,20201115,20210321,126,6,6v85,6v85d,6v85d7
1019,241,2,45,1,soja,20231101,20240304,124,6,6vn5,6vn5t,6vn5tr
10,1,1,201,1,soja,20231012,20240306,146,6,6tqt,6tqt8,6tqt8d
232,1,2,3,2,soja,20211001,20220105,96,6,6vbj,6vbju,6vbjud
1019,221,39,103,1,soja,20231101,20240123,83,6,6tzv,6tzvx,6tzvxy
52,1,114,5681,2,soja,20211112,20220413,152,6,6ucz,6uczj,6uczjb
36,1,1,22,3,soja,20201118,20210312,114,6,6v85,6v85g,6v85gh
52,1,10,32,3,soja,20201128,20210402,125,6,6ucx,6ucxt,6ucxtx
444,1,1,13,1,soja,20241130,20250426,147,6,6f4x,6f4xk,6f4xkt
221,1,3,26,16,soja,20231027,20240223,119,6,6u02,6u02t,6u02t5
182,41,29,20,1,soja,20211104,20220224,112,6,6vyz,6vyzn,6vyznv
4,2,2,45,4,soja,20241015,20250211,119,6,6vb6,6vb63,6vb635
232,1,3,4,7,soja,20210930,20220110,102,6,6tzz,6tzzk,6tzzkf
267,1,1,11,5,soja,20221003,20230312,160,6,6tw4,6tw4x,6tw4xb
27,1,1,9,5,soja,20201118,20210329,131,6,6vzt,6vzts,6vztsz
1019,81,83,234,2,soja,20231101,20240216,107,6,6udw,6udw4,6udw4e
42,1,1102,191,1,soja,20231220,20240402,104,6,6yx8,6yx8n,6yx8nn
176,1,8,809,1,soja,20211108,20220321,133,6,6ubu,6ubux,6ubuxn
52,1,97,1708,3,soja,20211101,20220301,120,6,6ucw,6ucwy,6ucwyp
1019,161,18,403,1,soja,20231106,20240307,122,6,6vzq,6vzq2,6vzq2t
42,103,59,1,1,soja,20251108,20260312,124,6,6yrw,6yrwb,6yrwb0
209,1,5,140,5,soja,20221001,20230124,115,6,6uu5,6uu5h,6uu5h8
393,42,3,3,1,soja,20231003,20240106,95,6,6twg,6twg2,6twg2t
481,1,1,7,1,soja,20241109,20250309,120,6,6uf5,6uf51,6uf513
1019,542,4,224,2,soja,20251119,20260309,110,6,6yrj,6yrjg,6yrjgc
1019,221,39,218,2,soja,20231113,20240221,100,6,6tzw,6tzwz,6tzwz1
52,1,88,1102,4,soja,20201112,20210312,120,6,6ucz,6ucz3,6ucz3h
350,1,35,4,114,soja,20221113,20230414,152,6,6vxn,6vxnx,6vxnxf
1019,281,17,143,1,soja,20241204,20250327,113,6,6vx2,6vx2y,6vx2yq
392,41,21,12,3,soja,20251201,20260405,125,6,6ywk,6ywk8,6ywk86
52,1,97,1712,3,soja,20211023,20220224,124,6,6ucw,6ucwv,6ucwvw
127,1,1,59,1,soja,20231028,20240301,125,6,6vq8,6vq8v,6vq8vb
1019,1,72,112,1,soja,20231028,20240207,102,6,6tw0,6tw0s,6tw0sp
323,1,5130,2,1,soja,20221008,20230210,125,6,6udw,6udwk,6udwk9
27,1,1,2,1,soja,20221113,20230328,135,6,6vzt,6vztt,6vztt9
52,1,79,3505,1,soja,20201107,20210313,126,6,6ucz,6uczg,6uczg1
1019,381,93,120,1,soja,20231116,20240409,145,6,6vxk,6vxkr,6vxkrf
444,1,1,7,12,soja,20250125,20250505,100,6,6f4x,6f4xs,6f4xs7
239,1,1,14,1,soja,20211022,20220118,88,6,6y11,6y11y,6y11yt
182,41,29,8,1,soja,20211104,20220301,117,6,6vzp,6vzpc,6vzpc4
436,81,4,105,3,soja,20251006,20260204,121,6,6yxf,6yxfn,6yxfnq
239,1,1,45,5,soja,20211022,20220222,123,6,6y11,6y11n,6y11nx
221,1,6,60,11,soja,20231209,20240405,118,6,6u02,6u02z,6u02z5
1019,301,10,6,1,soja,20231124,20240413,141,6,6vx5,6vx5z,6vx5zk
1019,521,500,7,1,soja,20251018,20260223,128,6,6vfk,6vfk4,6vfk4g
1019,543,11,323,2,soja,20251102,20260405,154,6,6yhp,6yhpu,6yhpu1
436,81,4,99,3,soja,20251104,20260302,118,6,6yxf,6yxfn,6yxfnz
350,1,35,2,112,soja,20221209,20230327,108,6,6vxq,6vxq2,6vxq2d
182,41,29,1,1,soja,20211105,20220310,125,6,6vzp,6vzpf,6vzpfg
1019,221,39,2252,1,soja,20241101,20250301,120,6,6tzy,6tzy0,6tzy05
1019,101,6,31,1,soja,20231007,20240212,128,6,6uf0,6uf0q,6uf0qz
1019,161,18,201,1,soja,20231115,20240321,127,6,6vzm,6vzm8,6vzm8d
52,1,18,446,2,soja,20201113,20210411,149,6,6ucz,6uczc,6uczc7
27,1,1,48,2,soja,20201123,20210413,141,6,6vzt,6vztn,6vztnq
27,1,1,48,2,soja,20201123,20210413,141,6,6vzt,6vztn,6vztnq
1019,521,500,34,1,soja,20251027,20260303,127,6,6vf7,6vf77,6vf77t
52,1,22,223,3,soja,20211217,20220413,117,6,6ucx,6ucxx,6ucxxm
1019,381,93,508,5,soja,20231006,20240122,108,6,6vxs,6vxsz,6vxszc
27,1,1,6,5,soja,20201104,20210405,152,6,6vzt,6vztv,6vztvt
256,1,1,26,1,soja,20211116,20220306,110,6,6vcm,6vcmt,6vcmth
52,1,98,3708,2,soja,20221124,20230323,119,6,6ucw,6ucwz,6ucwzv
10,1,1,58,1,soja,20231023,20240205,105,6,6tqt,6tqt9,6tqt9e
30,62,4,358,1,soja,20211025,20220216,114,6,6ywb,6ywbb,6ywbb9
232,1,2,5,7,soja,20211104,20220213,101,6,6vbj,6vbjd,6vbjd6
51,1,8,22,1,soja,20201101,20210322,141,6,6vzk,6vzk0,6vzk07
253,1,3,2,2,soja,20221120,20230302,102,6,6yrg,6yrgw,6yrgwe
284,43,4,25,1,soja,20241119,20250428,160,7,7h0w,7h0w5,7h0w5e
267,1,1,66,7,soja,20221020,20230220,123,6,6tw4,6tw4q,6tw4qz
1019,241,2,62,1,soja,20231010,20240216,129,6,6vn5,6vn57,6vn57e
221,1,1,9,22,soja,20231019,20240206,110,6,6u02,6u02r,6u02ru
42,42,18,313,1,soja,20231109,20240301,113,6,6yrs,6yrsx,6yrsx1
42,42,18,313,1,soja,20231109,20240301,113,6,6yrs,6yrsx,6yrsx1
360,61,572302,1614602,572802,soja,20231004,20240213,132,6,6ucq,6ucqk,6ucqk4
24,1,1001,227,1,soja,20201101,20210320,139,6,6uge,6uge7,6uge78
1019,201,62,143,2,soja,20231027,20240113,78,6,6tx2,6tx29,6tx291
36,1,1,14,2,soja,20200920,20210104,106,6,6v85,6v85g,6v85ge
483,1,1,4,2,soja,20241004,20250110,98,6,6twq,6twq4,6twq4k
379,41,5001,5,1,soja,20231011,20240224,136,6,6vx9,6vx9g,6vx9gx
350,41,36,40,552,soja,20251112,20260327,135,6,6vze,6vzen,6vzenq
24,1,2001,211,1,soja,20201025,20210309,135,6,6ug7,6ug7r,6ug7rc
221,1,11,100,12,soja,20231108,20240310,123,6,6u09,6u094,6u094w
177,41,103,6,1,soja,20201206,20210506,151,6,6yrd,6yrdb,6yrdbg
335,1,2,38,1,soja,20221121,20230205,76,6,6tyw,6tywp,6tywpc
179,1,1,15,2,soja,20201201,20210417,137,7,7n84,7n847,7n8475
350,41,36,81,521,soja,20251111,20260327,136,6,6vzd,6vzdt,6vzdtr
42,41,1117,430,1,soja,20251211,20260502,142,6,6yrt,6yrts,6yrtsv
299,1,3,5,1,soja,20221002,20230205,126,6,6y0x,6y0x8,6y0x83
52,1,15,425,2,soja,20201209,20210328,109,6,6ucx,6ucxx,6ucxxt
1019,181,44,51,2,soja,20241101,20250301,120,6,6vfe,6vfey,6vfeyb
30,1,1,23,1,soja,20201122,20210405,134,6,6yrn,6yrne,6yrner
350,1,35,1,308,soja,20221101,20230320,139,6,6vxn,6vxnn,6vxnnz
350,1,35,1,108,soja,20221111,20230326,135,6,6vxn,6vxnn,6vxnnz
39,1,100,1316,1,soja,20231219,20240426,129,6,6dxh,6dxhv,6dxhv0
352,1,1,17,1,soja,20231029,20240402,156,7,7h0w,7h0wq,7h0wq6
1022,1,5,59,59,soja,20221215,20230320,95,6,6vrs,6vrsj,6vrsjk
466,1,1,42,1,soja,20241126,20250316,110,7,7n81,7n810,7n8100
444,1,1,7,17,soja,20231229,20240517,140,6,6f4x,6f4xs,6f4xs7
331,41,1,33,1,soja,20221115,20230320,125,6,6gcw,6gcwm,6gcwm6
51,1,12,11,1,soja,20211024,20220311,138,6,6vzq,6vzq1,6vzq1r
1019,261,64,39,1,soja,20231102,20240301,120,6,6yrp,6yrpp,6yrpp5
392,41,21,10,2,soja,20241230,20250419,110,6,6ywk,6ywk8,6ywk8x
52,1,94,1432,3,soja,20211109,20220312,123,6,6ucw,6ucwy,6ucwyx
52,1,15,434,2,soja,20201206,20210327,111,6,6ucx,6ucxz,6ucxz6
52,1,53,491,3,soja,20201114,20210306,112,6,6ucx,6ucxx,6ucxx8
289,1,1,1,1,soja,20221104,20230401,148,6,6vz1,6vz1t,6vz1t9
1019,201,62,50,1,soja,20231017,20240117,92,6,6trp,6trpv,6trpv4
52,1,79,3503,2,soja,20211220,20220502,133,6,6ucz,6uczg,6uczge
444,1,1,1,26,soja,20231127,20240424,149,6,6f4x,6f4xu,6f4xu4
413,1,2,2,3,soja,20231013,20240120,99,6,6vbj,6vbju,6vbju3
324,1,1,38,1,soja,20241121,20250322,121,6,6urm,6urmz,6urmz3
177,42,107,5,2,soja,20201212,20210401,110,6,6yr5,6yr5m,6yr5mg
324,1,1,3,1,soja,20221119,20230317,118,6,6urm,6urmx,6urmxg
176,1,8,811,4,soja,20211123,20220329,126,6,6ucj,6ucj1,6ucj1u
1022,1,5,40,40,soja,20211019,20220203,107,6,6vrs,6vrs5,6vrs5d
52,1,54,601,2,soja,20201019,20210208,112,6,6v1b,6v1b1,6v1b11
267,1,1,53,7,soja,20221004,20230222,141,6,6tw4,6tw4x,6tw4xd
278,1,18,13,3,soja,20231001,20240116,107,6,6y7s,6y7sz,6y7szf
278,1,18,13,3,soja,20231001,20240116,107,6,6y7s,6y7sz,6y7szf
52,1,13,63,3,soja,20211028,20220305,128,6,6ucx,6ucxn,6ucxnx
184,1,1,23,1,soja,20201212,20210511,150,6,6yx9,6yx9v,6yx9vd
221,41,25,53,25,soja,20231027,20240301,126,6,6u07,6u07y,6u07y0
460,62,5,10,2,soja,20251113,20260313,120,6,6vxz,6vxze,6vxzec
175,1,1,64,4,soja,20211106,20220309,123,6,6ym3,6ym3d,6ym3d3
1019,543,11,320,2,soja,20251103,20260402,150,6,6yhp,6yhpu,6yhpue
466,1,1,10,1,soja,20241116,20250330,134,7,7n81,7n819,7n8190
466,1,1,10,1,soja,20241116,20250330,134,7,7n81,7n819,7n8190
466,1,1,10,1,soja,20241116,20250330,134,7,7n81,7n819,7n8190
52,1,86,824,1,soja,20201201,20210322,111,6,6v1b,6v1bu,6v1bud
175,62,2,73,4,soja,20211115,20220312,117,6,6yk9,6yk9s,6yk9s0
487,1,2,4,1,soja,20241202,20250404,123,6,6vqq,6vqqd,6vqqd1
52,1,50,472,4,soja,20201108,20210328,140,6,6ucz,6ucz9,6ucz9d
267,1,1,34,2,soja,20221024,20230112,80,6,6tw1,6tw1y,6tw1yv
52,1,52,3204,4,soja,20201123,20210327,124,6,6ucy,6ucyb,6ucyby
444,1,1,1,17,soja,20240102,20240518,137,6,6f4x,6f4xu,6f4xu4
374,1,1,18,10,soja,20251110,20260306,116,6,6yxd,6yxd0,6yxd0y
1019,261,64,58,1,soja,20241105,20250317,132,6,6yx0,6yx0q,6yx0q4
1019,301,10,5,1,soja,20231125,20240412,139,6,6vxh,6vxhn,6vxhng
1019,141,8,38,1,soja,20231016,20240207,114,6,6yqx,6yqxq,6yqxq6
315,1,1,1,16,soja,20221028,20230304,127,6,6vf8,6vf8n,6vf8ne
52,1,105,4508,1,soja,20201013,20210301,139,6,6v18,6v18w,6v18w7
27,1,1,26,1,soja,20201117,20210407,141,6,6vzt,6vztx,6vztxd
466,1,1,39,1,soja,20241113,20250221,100,7,7n81,7n812,7n812j
267,1,1,21,6,soja,20221018,20230216,121,6,6tw6,6tw62,6tw624
177,42,107,2,1,soja,20201118,20210324,126,6,6yr5,6yr5n,6yr5nq
1019,361,22,405,1,soja,20251211,20260418,128,6,6ypf,6ypf9,6ypf9s
444,1,1,2,2,soja,20241125,20250425,151,6,6f4x,6f4xe,6f4xev
350,1,35,3,111,soja,20221201,20230401,121,6,6vxq,6vxq3,6vxq3h
1019,301,10,24,1,soja,20231120,20240401,133,6,6vx5,6vx5w,6vx5w5
323,41,44940,7,1,soja,20221017,20230301,135,6,6udq,6udqk,6udqkd
232,1,1,4,1,soja,20211002,20220115,105,6,6vbt,6vbtm,6vbtm3
52,1,89,1204,1,soja,20221022,20230301,130,6,6ucz,6uczb,6uczbt
281,1,1,17,1,soja,20221019,20230205,109,6,6y38,6y38e,6y38ed
350,1,39,2,411,soja,20251109,20260403,145,6,6vxm,6vxmu,6vxmud
281,1,1,16,1,soja,20221020,20230207,110,6,6y38,6y38e,6y38e7
374,1,4,1,4,soja,20221230,20230318,78,6,6yx7,6yx7h,6yx7hm
400,1,8,4,1,soja,20230917,20240105,110,6,6v85,6v85t,6v85ty
10,1,1,121,1,soja,20231026,20240223,120,6,6tqt,6tqt8,6tqt86
350,41,36,44,556,soja,20251105,20260317,132,6,6vzd,6vzdv,6vzdvq
221,41,25,33,25,soja,20231201,20240322,112,6,6u07,6u07u,6u07ud
52,1,11,44,3,soja,20201121,20210327,126,6,6ucx,6ucxm,6ucxmu
42,1,1102,162,1,soja,20231123,20240324,122,6,6yx8,6yx8p,6yx8pq
444,1,1,5,23,soja,20240107,20240515,129,6,6f4x,6f4xv,6f4xvj
466,1,1,27,1,soja,20241112,20250312,120,6,6yxc,6yxcp,6yxcpy
392,41,21,1,2,soja,20241201,20250402,122,6,6ywk,6ywk8,6ywk8j
30,121,6,10,1,soja,20241102,20250301,119,6,6ywu,6ywuy,6ywuys
392,1,15,129,2,soja,20231118,20240311,114,6,6yrj,6yrj2,6yrj2u
444,1,1,14,22,soja,20241123,20250422,150,6,6f4x,6f4xe,6f4xej
127,1,4,122,4,soja,20251121,20260411,141,6,6vnz,6vnz1,6vnz1n
52,1,115,5692,1,soja,20201119,20210324,125,6,6v1c,6v1ch,6v1chz
52,1,88,1101,4,soja,20201111,20210316,125,6,6ucz,6ucz3,6ucz3t
1019,261,64,51,1,soja,20231027,20240214,110,6,6yrn,6yrnx,6yrnxe
444,1,1,2,2,soja,20241125,20250425,151,6,6f4x,6f4xe,6f4xev
52,1,12,53,3,soja,20211102,20220304,122,6,6ucx,6ucxq,6ucxqr
327,1,402,46,1,soja,20221003,20230125,114,6,6vrw,6vrww,6vrwwj
379,61,4001,222,4,soja,20231126,20240410,136,6,6gk6,6gk6h,6gk6hq
1019,1,72,104,1,soja,20231026,20240112,78,6,6tw0,6tw07,6tw07w
315,1,1,24,13,soja,20221018,20230302,135,6,6vf8,6vf8e,6vf8e6
36,1,1,13,2,soja,20200920,20210103,105,6,6v85,6v85g,6v85gh
30,62,4,302,1,soja,20211022,20220223,124,6,6ywb,6ywbb,6ywbbv
327,41,401,8,1,soja,20231129,20240323,115,6,6yrf,6yrfs,6yrfsh
1019,161,18,501,3,soja,20231027,20240314,139,6,6vz5,6vz5d,6vz5dv
466,1,1,41,1,soja,20241126,20250313,107,7,7n80,7n80b,7n80bh
1019,141,8,63,1,soja,20231022,20240307,137,6,6yqw,6yqwy,6yqwyc
232,1,2,3,14,soja,20211103,20220214,103,6,6vbj,6vbju,6vbjud
1019,241,2,5,1,soja,20241101,20250304,123,6,6vn5,6vn5m,6vn5mc
1019,461,68,128,1,soja,20231011,20240120,101,6,6v88,6v885,6v885r
327,1,402,18,1,soja,20221029,20230218,112,6,6vrw,6vrw7,6vrw7m
289,1,1,6,1,soja,20221117,20230413,147,6,6vz1,6vz1v,6vz1vb
1019,201,62,33,1,soja,20230922,20240107,107,6,6trp,6trpg,6trpgv
52,1,110,5602,2,soja,20211117,20220402,136,6,6ucz,6ucz1,6ucz19
27,1,1,20,5,soja,20201119,20210331,132,6,6vzt,6vzty,6vztyc
360,81,6925353402,6925683802,1,soja,20241029,20250226,120,6,6v0e,6v0ee,6v0eem
359,1,1,33,1,soja,20221124,20230314,110,7,7n8j,7n8jk,7n8jkf
52,1,12,56,3,soja,20211104,20220221,109,6,6ucx,6ucxw,6ucxw9
361,1,1,385,1,soja,20230520,20230907,110,6,6vut,6vutj,6vutjm
1019,221,39,239,3,soja,20231003,20240104,93,6,6tzy,6tzy1,6tzy16
1022,1,25,202,202,soja,20211108,20220320,132,6,6vrv,6vrv5,6vrv5e
51,1,8,32,2,soja,20231016,20240119,95,6,6vzk,6vzk3,6vzk3s
1019,321,46,134,1,soja,20231128,20240318,111,6,6vxm,6vxmv,6vxmvg
1019,421,74,116,1,soja,20231012,20240301,141,6,6tqz,6tqzt,6tqztp
1019,421,74,116,1,soja,20231012,20240301,141,6,6tqz,6tqzt,6tqztp
1019,221,39,223,2,soja,20231022,20240210,111,6,6tzw,6tzwx,6tzwxe
27,1,1,28,2,soja,20201124,20210413,140,6,6vzt,6vztk,6vztkf
331,41,1,9,1,soja,20221011,20230218,130,6,6gcw,6gcwk,6gcwkf
184,1,1,8,1,soja,20201201,20210410,130,6,6yx9,6yx9m,6yx9mn
1019,221,39,201,1,soja,20241030,20250223,116,6,6tzw,6tzwp,6tzwpz
256,1,1,25,1,soja,20211017,20220207,113,6,6vcm,6vcmx,6vcmxz
1019,181,44,3335,2,soja,20241023,20250217,117,6,6vfg,6vfg2,6vfg26
27,1,1,341,5,soja,20231029,20240311,134,6,6vzt,6vztm,6vztm1
278,1,18,6,2,soja,20221001,20230120,111,6,6y7u,6y7u8,6y7u8e
52,1,77,3302,3,soja,20201102,20210306,124,6,6v18,6v18j,6v18jr
400,1,10,1,2,soja,20241026,20250215,112,6,6txm,6txm0,6txm0s
460,62,5,13,1,soja,20251111,20260125,75,6,6vxz,6vxz6,6vxz6m
436,82,5,165,1,soja,20251008,20260217,132,6,6vxw,6vxwu,6vxwuy
392,41,21,5,1,soja,20241105,20250308,123,6,6ywk,6ywk2,6ywk27
42,61,20,6,1,soja,20241204,20250409,126,7,7n89,7n89c,7n89cs
278,1,18,1,2,soja,20221008,20230129,113,6,6y7u,6y7u3,6y7u3j
1022,1,5,35,35,soja,20211101,20220222,113,6,6vre,6vref,6vrefz
177,1,101,10,1,soja,20211112,20220321,129,6,6vz0,6vz0j,6vz0j2
1019,461,68,120,1,soja,20231002,20240213,134,6,6v88,6v886,6v886c
350,1,39,1,405,soja,20251127,20260420,144,6,6vxm,6vxmu,6vxmun
27,1,1,8,2,soja,20231124,20240315,112,6,6vzt,6vzts,6vztsy
360,1,871802,83,1683402,soja,20231121,20240304,104,6,6wrc,6wrcz,6wrczu
30,62,4,363,1,soja,20211015,20220311,147,6,6ywb,6ywbc,6ywbc3
1019,201,62,128,1,soja,20231011,20240120,101,6,6tx2,6tx2f,6tx2f7
42,81,21,17,1,soja,20251119,20260312,113,6,6yy1,6yy13,6yy136
1019,181,44,250,2,soja,20251105,20260316,131,6,6vfg,6vfgh,6vfgh8
182,41,29,12,1,soja,20211114,20220320,126,6,6vzp,6vzp8,6vzp8q
42,81,21,50,1,soja,20251107,20260302,115,6,6yvb,6yvbv,6yvbvu
460,63,8,4,1,soja,20251108,20260416,159,6,6vrw,6vrw9,6vrw93
444,1,1,7,6,soja,20240105,20240601,148,6,6f4x,6f4xs,6f4xs7
42,101,60,12,1,soja,20251201,20260408,128,6,6yxv,6yxvx,6yxvxr
278,1,18,1,12,soja,20221208,20230402,115,6,6y7u,6y7u3,6y7u3j
24,1,1001,301,1,soja,20241026,20250301,126,6,6ugd,6ugdu,6ugduv
1019,441,70,107,1,soja,20231017,20240223,129,6,6wpb,6wpbq,6wpbqe
324,1,1,2,1,soja,20221115,20230319,124,6,6urt,6urt8,6urt8j
1019,461,68,113,1,soja,20231012,20240128,108,6,6v88,6v884,6v884y
232,1,2,3,9,soja,20211016,20220121,97,6,6vbj,6vbju,6vbjud
27,1,1,211,4,soja,20231215,20240331,107,6,6vzt,6vztk,6vztkh
483,1,1,10,2,soja,20250921,20260116,117,6,6twq,6twq6,6twq63
15,1,1,13,2,soja,20241105,20250306,121,6,6vx7,6vx70,6vx70f
221,1,11,101,12,soja,20231108,20240310,123,6,6u09,6u094,6u094t
221,1,8,82,21,soja,20231129,20240313,105,6,6u08,6u089,6u089k
1019,161,18,407,1,soja,20231101,20240302,122,6,6vzq,6vzq8,6vzq87
1019,141,8,12,1,soja,20231123,20240311,109,6,6yqx,6yqxj,6yqxjw
51,1,10,5,1,soja,20201208,20210401,114,6,6vz7,6vz79,6vz79j
175,1,1,5,1,soja,20201031,20210326,146,6,6ym3,6ym3c,6ym3cg
36,1,1,2,2,soja,20200918,20210111,115,6,6v8h,6v8hh,6v8hhh
460,61,2,3,1,soja,20251106,20260312,126,6,6vrp,6vrpq,6vrpqu
51,1,12,2,1,soja,20211020,20220303,134,6,6vzq,6vzq1,6vzq12
444,1,1,2,26,soja,20231201,20240423,144,6,6f4x,6f4xe,6f4xev
51,1,11,8,6,soja,20241119,20250403,135,6,6ype,6ypef,6ypef3
36,1,1,39,3,soja,20201023,20210209,109,6,6v85,6v85e,6v85er
1019,381,93,503,5,soja,20231004,20240117,105,6,6vxu,6vxu8,6vxu8j
52,1,1064,7106,500,soja,20221011,20230213,125,6,6v18,6v18q,6v18q4
390,1,10,1,1,soja,20231124,20240404,132,6,6vjd,6vjdd,6vjdd4
52,1,51,487,2,soja,20221205,20230401,117,6,6ucz,6ucz3,6ucz31
221,41,24,14,24,soja,20231208,20240326,109,6,6u07,6u07g,6u07gq
52,1,93,1308,3,soja,20201201,20210401,121,6,6ucx,6ucxj,6ucxj4
1019,361,22,303,1,soja,20231118,20240424,158,6,6ypd,6ypdt,6ypdt3
1019,361,22,303,1,soja,20231118,20240424,158,6,6ypd,6ypdt,6ypdt3
1019,181,44,42,2,soja,20241028,20250209,104,6,6vfg,6vfg8,6vfg8j
15,1,1,9,2,soja,20241029,20250225,119,6,6vx4,6vx4y,6vx4yc
175,1,1,3,4,soja,20231118,20240327,130,6,6ym3,6ym33,6ym33x
367,61,1,2,1,soja,20240916,20250206,143,6,6v8m,6v8m6,6v8m6d
1019,1,72,111,1,soja,20231027,20240209,105,6,6tw0,6tw0s,6tw0sq
52,1,53,493,3,soja,20201111,20210316,125,6,6ucx,6ucxr,6ucxrt
267,1,1,57,7,soja,20221003,20230111,100,6,6tw6,6tw6b,6tw6b5
10,1,1,76,1,soja,20231110,20240205,87,6,6tqt,6tqt9,6tqt9w
299,1,5,3,1,soja,20220929,20230119,112,6,6y22,6y22n,6y22n4
323,1,5553,1,1,soja,20221011,20230302,142,6,6udw,6udwj,6udwj4
24,1,1001,500,1,soja,20201101,20210306,125,6,6uge,6ugej,6ugejr
24,1,2001,208,1,soja,20201016,20210208,115,6,6uge,6uge0,6uge0x
286,1,1,14,1,soja,20221013,20230223,133,6,6ttg,6ttgs,6ttgs2
367,61,2,1,3,soja,20241026,20250301,126,6,6v9w,6v9w1,6v9w1v
221,63,22,16,2,soja,20241119,20250317,118,6,6v45,6v45g,6v45g6
42,1,1102,175,1,soja,20231222,20240405,105,6,6yxb,6yxb1,6yxb1m
299,1,5,11,1,soja,20221006,20230114,100,6,6y22,6y22n,6y22ne
221,41,25,64,25,soja,20231129,20240222,85,6,6u07,6u07w,6u07wu
175,1,1,88,1,soja,20221109,20230311,122,6,6ym3,6ym3c,6ym3cg
51,1,12,12,1,soja,20211026,20220310,135,6,6vzq,6vzq3,6vzq30
436,83,6,72,1,soja,20251015,20260210,118,6,6vzm,6vzm2,6vzm2v
382,1,2,4,6,soja,20241101,20250304,123,6,6ugn,6ugn1,6ugn1c
1019,281,17,42,1,soja,20231028,20240306,130,6,6vx2,6vx2z,6vx2z3
1019,241,2,61,1,soja,20231002,20240208,129,6,6vn5,6vn5t,6vn5t3
374,1,1,9,10,soja,20251127,20260329,122,6,6yx6,6yx6x,6yx6xj
52,1,108,4502,1,soja,20211021,20220213,115,6,6v18,6v18n,6v18n7
36,1,1,16,3,soja,20201027,20210222,118,6,6v85,6v85d,6v85dn
400,1,9,9,2,soja,20231001,20240120,111,6,6v85,6v85k,6v85kr
1019,1,72,102,1,soja,20231027,20240207,103,6,6tw0,6tw0e,6tw0ev
401,1,3,9,4,soja,20240106,20240427,112,6,6zmn,6zmnp,6zmnp6
1019,241,2,65,1,soja,20231009,20240214,128,6,6vn5,6vn5e,6vn5e1
177,42,107,1,5,soja,20211105,20220301,116,6,6yr7,6yr70,6yr70e
329,1,1,1043,3,soja,20221201,20230402,122,6,6ytn,6ytn1,6ytn13
175,1,1,26,1,soja,20201026,20210304,129,6,6ym3,6ym39,6ym39c
382,1,6,31,2,soja,20241105,20250310,125,6,6ugj,6ugjd,6ugjdg
52,1,51,486,4,soja,20201117,20210401,135,6,6ucz,6ucz2,6ucz2b
360,1,871802,23,168302,soja,20241020,20250222,125,6,6y24,6y241,6y241f
444,1,1,3,21,soja,20241221,20250425,125,6,6f4x,6f4xu,6f4xut
221,41,25,24,25,soja,20231012,20240203,114,6,6u07,6u07u,6u07u3
1019,161,18,112,2,soja,20241122,20250324,122,6,6vzt,6vzt3,6vzt35
329,1,1,1046,3,soja,20221113,20230329,136,6,6ytj,6ytjb,6ytjbw
10,1,1,142,1,soja,20230923,20240111,110,6,6tqm,6tqmm,6tqmmv
52,1,107,4526,1,soja,20201102,20210312,130,6,6v1c,6v1cb,6v1cb5
52,1,11,40,3,soja,20201122,20210326,124,6,6ucx,6ucxq,6ucxq4
267,61,1,15,1,soja,20240105,20240422,108,6,6tjw,6tjw3,6tjw30
278,1,18,1,5,soja,20221108,20230318,130,6,6y7u,6y7u3,6y7u3j
436,81,4,75,1,soja,20251205,20260220,77,6,6yxf,6yxfm,6yxfmy
444,1,1,1,26,soja,20231127,20240424,149,6,6f4x,6f4xu,6f4xu4
1019,281,17,49,1,soja,20231201,20240410,131,6,6vx2,6vx2z,6vx2zm
392,61,20,56,4,soja,20250927,20260224,150,6,6gsm,6gsm7,6gsm72
52,1,103,4558,1,soja,20211127,20220329,122,6,6v1c,6v1cg,6v1cgu
360,61,572302,1614402,572802,soja,20231002,20240204,125,6,6ucq,6ucq7,6ucq7g
1019,141,8,10,1,soja,20231023,20240305,134,6,6yqw,6yqww,6yqwwp
176,41,7,712,1,soja,20221111,20230304,113,6,6vdu,6vduc,6vduc4
176,41,7,712,1,soja,20221111,20230304,113,6,6vdu,6vduc,6vduc4
444,1,1,11,26,soja,20231201,20240424,145,6,6f4x,6f4xk,6f4xkr
238,61,1,141,4,soja,20211108,20220313,125,6,6trt,6trt9,6trt94
1019,401,77,103,1,soja,20231025,20240116,83,6,6v82,6v82d,6v82dw
52,1,88,1104,4,soja,20201111,20210313,122,6,6ucz,6ucz3,6ucz3n
1019,461,68,117,1,soja,20231006,20240124,110,6,6v88,6v88d,6v88d3
360,61,572302,1619202,572802,soja,20231022,20240210,111,6,6ucq,6ucqm,6ucqm1
313,41,1,8,3,soja,20241122,20250402,131,6,6udv,6udvt,6udvtd
52,1,97,1706,3,soja,20211101,20220327,146,6,6ucx,6ucxj,6ucxjg
335,1,2,1,2,soja,20251017,20260311,145,6,6tyw,6tywp,6tywpv
374,42,1,4,9,soja,20251125,20260308,103,6,6yxq,6yxqz,6yxqz3
52,1,14,418,3,soja,20201109,20210313,124,6,6ucx,6ucxr,6ucxr6
1019,221,39,210,1,soja,20241102,20250306,124,6,6tzy,6tzy8,6tzy8m
361,41,2,393,2,soja,20221122,20230408,137,6,6vxd,6vxd2,6vxd21
444,1,1,2,4,soja,20250111,20250506,115,6,6f4x,6f4xe,6f4xev
299,1,7,16,1,soja,20221003,20230117,106,6,6y0r,6y0ry,6y0ryf
267,1,1,21,6,soja,20221018,20230216,121,6,6tw6,6tw62,6tw624
52,1,10,28,3,soja,20201204,20210324,110,6,6ucx,6ucxt,6ucxtq
42,101,60,4,1,soja,20251202,20260404,123,6,6yxv,6yxvw,6yxvwg
52,1,17,99,3,soja,20221025,20230225,123,6,6ucz,6uczb,6uczbj
52,1,93,1309,3,soja,20201201,20210401,121,6,6ucx,6ucxh,6ucxhf
1019,441,70,151,1,soja,20231020,20240214,117,6,6y00,6y008,6y008k
390,1,7,1,4,soja,20241015,20250201,109,6,6uvp,6uvp6,6uvp6f
253,1,3,18,3,soja,20211128,20220320,112,6,6yrg,6yrgy,6yrgyq
1019,521,500,2,2,soja,20251025,20260308,134,6,6vf7,6vf7s,6vf7s3
52,1,101,5116,3,soja,20201204,20210331,117,6,6ucx,6ucxj,6ucxjm
36,1,1,3,3,soja,20201027,20210224,120,6,6v8h,6v8hh,6v8hh5
27,1,1,17,5,soja,20201117,20210404,138,6,6vzt,6vztu,6vztu3
460,1,2,14,23,soja,20241129,20250309,100,6,6vx2,6vx2t,6vx2tb
350,41,36,11,526,soja,20251117,20260311,114,6,6vzd,6vzdv,6vzdvk
1019,161,18,109,2,soja,20241125,20250324,119,6,6vzt,6vzt9,6vzt9k
27,1,1,211,3,soja,20231214,20240320,97,6,6vzt,6vztk,6vztkh
10,1,1,552,1,soja,20231009,20240207,121,6,6tqt,6tqt9,6tqt9u
350,1,35,2,113,soja,20221201,20230414,134,6,6vxq,6vxq2,6vxq2d
1019,381,93,336,3,soja,20241116,20250311,115,6,6vxm,6vxmr,6vxmr9
359,1,1,27,1,soja,20231109,20240311,123,7,7n8h,7n8h3,7n8h3y
221,61,18,243,5,soja,20231213,20240413,122,6,6v0c,6v0cn,6v0cnm
1019,441,70,110,1,soja,20231001,20240129,120,6,6wpb,6wpbh,6wpbhk
1019,441,70,110,1,soja,20231001,20240129,120,6,6wpb,6wpbh,6wpbhk
52,1,11,36,3,soja,20201121,20210327,126,6,6ucx,6ucxq,6ucxqj
15,1,1,1,10,soja,20201108,20210327,139,6,6vx6,6vx69,6vx69k
1019,181,44,2,1,soja,20231001,20240117,108,6,6vfe,6vfej,6vfejg
392,61,20,53,4,soja,20251015,20260302,138,6,6gsm,6gsm5,6gsm5q
52,1,54,602,2,soja,20201019,20210208,112,6,6v1b,6v1b1,6v1b13
444,1,1,9,12,soja,20250125,20250503,98,6,6f4x,6f4xg,6f4xg3
176,41,4,404,1,soja,20221118,20230317,119,6,6vdu,6vdu8,6vdu8g
444,1,1,1,33,soja,20251216,20260505,140,6,6f4x,6f4xu,6f4xu4
10,1,1,248,1,soja,20231027,20240117,82,6,6tqm,6tqmq,6tqmqq
323,41,44940,8,1,soja,20221015,20230301,137,6,6udq,6udqk,6udqkg
52,1,48,469,1,soja,20221019,20230308,140,6,6v1b,6v1b0,6v1b07
436,81,4,96,3,soja,20251012,20260208,119,6,6yxf,6yxfq,6yxfq1
400,1,2,2,1,soja,20241015,20250218,126,6,6tz8,6tz8f,6tz8f4
1019,1,72,37,2,soja,20230918,20240120,124,6,6ttb,6ttbw,6ttbwv
27,1,1,12,2,soja,20231030,20240314,136,6,6vzt,6vzty,6vztyh
361,41,2,405,2,soja,20221129,20230401,123,6,6vxd,6vxd2,6vxd29
1019,321,46,201,1,soja,20231229,20240422,115,6,6vxt,6vxt0,6vxt0j
52,1,114,5670,4,soja,20201202,20210412,131,6,6ucy,6ucyu,6ucyuh
327,1,402,37,1,soja,20221011,20230203,115,6,6vrw,6vrw5,6vrw5h
52,1,120,5304,4,soja,20201016,20210305,140,6,6ucz,6uczn,6uczns
1019,521,500,23,1,soja,20251030,20260301,122,6,6vfk,6vfk5,6vfk59
248,1,24,101,1,soja,20221023,20230322,150,6,6u0t,6u0t2,6u0t26
42,102,61,8,1,soja,20251110,20260217,99,6,6yrh,6yrh3,6yrh3k
51,1,8,14,2,soja,20231107,20240228,113,6,6vzk,6vzk0,6vzk0q
175,1,1,37,1,soja,20231119,20240307,109,6,6ym3,6ym3c,6ym3cg
331,41,1,29,1,soja,20221128,20230322,114,6,6gcw,6gcwm,6gcwm9
52,1,90,1302,1,soja,20201023,20210301,129,6,6v18,6v18q,6v18qr
390,1,3,7,1,soja,20231026,20240216,113,6,6vjd,6vjd6,6vjd6p
379,41,5001,6,1,soja,20231011,20240216,128,6,6vx9,6vx9g,6vx9gq
286,1,1,9,1,soja,20220923,20230201,131,6,6ttg,6ttge,6ttgeg
27,1,1,31,5,soja,20201116,20210405,140,6,6vzt,6vzth,6vzthw
360,1,871802,219,584594602,soja,20241014,20250124,102,6,6y24,6y246,6y246f
52,1,110,5600,2,soja,20211119,20220403,135,6,6ucz,6ucz1,6ucz1m
359,1,1,23,1,soja,20221111,20230323,132,7,7n8h,7n8hg,7n8hg1
361,1,1,325,1,soja,20230530,20230815,77,6,6vus,6vusw,6vuswn
361,1,1,321,1,soja,20230505,20230829,116,6,6vus,6vust,6vustv
27,1,1,6,1,soja,20221112,20230326,134,6,6vzt,6vztv,6vztvt
39,1,100,14181,1,soja,20221106,20230414,159,6,6dxh,6dxhk,6dxhk4
221,1,2,14,1,soja,20211014,20220215,124,6,6u02,6u02t,6u02tf
341,1,1,14,2,soja,20231126,20240328,123,6,6y0e,6y0es,6y0es8
413,1,2,5,13,soja,20231015,20240201,109,6,6vbn,6vbn6,6vbn6d
52,1,93,1311,3,soja,20201126,20210401,126,6,6ucw,6ucwu,6ucwuz
52,1,90,1306,3,soja,20201113,20210220,99,6,6v18,6v18q,6v18q9
1019,381,93,312,3,soja,20241220,20250402,103,6,6vxm,6vxmj,6vxmj3
253,1,1,1,1,soja,20211120,20220408,139,6,6yrf,6yrfk,6yrfkn
392,61,20,16,1,soja,20250925,20260213,141,6,6gsm,6gsms,6gsmsk
179,1,1,28,1,soja,20201201,20210415,135,7,7n84,7n84e,7n84ek
359,1,1,10,1,soja,20221230,20230415,106,7,7n8h,7n8hd,7n8hdu
327,1,402,47,1,soja,20221003,20230124,113,6,6vrw,6vrww,6vrwwp
52,1,79,3506,2,soja,20221015,20230304,140,6,6ucz,6uczd,6uczdx
382,1,2,4,4,soja,20241103,20250304,121,6,6ugn,6ugn1,6ugn1c
51,1,10,8,1,soja,20201208,20210403,116,6,6vzk,6vzk4,6vzk4h
221,61,16,216,8,soja,20231205,20240412,129,6,6v0c,6v0cz,6v0cz8
239,1,1,48,8,soja,20211021,20220306,136,6,6y11,6y11p,6y11pr
350,1,39,2,408,soja,20251111,20260418,158,6,6vxm,6vxmu,6vxmud
374,42,1,7,9,soja,20251110,20260317,127,6,6yxr,6yxrp,6yxrpt
10,1,1,1,5,soja,20201111,20210308,117,6,6tqm,6tqmx,6tqmxg
1019,521,500,1,2,soja,20251025,20260308,134,6,6vfk,6vfk6,6vfk6g
27,1,1,27,5,soja,20201117,20210406,140,6,6vzt,6vztr,6vztrr
1019,281,17,18,1,soja,20231219,20240415,118,6,6vx9,6vx92,6vx925
1019,241,2,14,1,soja,20231027,20240301,126,6,6vn5,6vn5p,6vn5pj
232,1,3,1,2,soja,20211020,20220204,107,6,6tzy,6tzyk,6tzykt
30,81,4,341,1,soja,20221117,20230301,104,6,6ywb,6ywbu,6ywbur
350,41,36,28,540,soja,20251128,20260411,134,6,6vze,6vzej,6vzejc
4,83,5,1,2,soja,20211021,20220218,120,6,6v87,6v87u,6v87u6
42,85,54,45,1,soja,20250119,20250527,128,7,7p1n,7p1ny,7p1nyw
52,1,77,3305,1,soja,20211006,20220201,118,6,6v18,6v18m,6v18m7
176,41,7,705,1,soja,20221018,20230207,112,6,6vdu,6vdug,6vdugh
176,41,7,705,1,soja,20221018,20230207,112,6,6vdu,6vdug,6vdugh
176,41,7,705,1,soja,20221018,20230207,112,6,6vdu,6vdug,6vdugh
313,1,1,4,2,soja,20220929,20230203,127,6,6ugs,6ugs3,6ugs3e
42,81,21,4,1,soja,20251112,20260224,104,6,6yy1,6yy12,6yy12c
42,41,1117,435,1,soja,20251205,20260413,129,6,6yrt,6yrtu,6yrtu7
436,41,2,123,1,soja,20241209,20250301,82,6,6vz7,6vz7z,6vz7z8
27,1,1,50,5,soja,20201110,20210318,128,6,6vzt,6vztn,6vztn7
52,1,84,714,1,soja,20221004,20230301,148,6,6v1b,6v1b2,6v1b2w
1019,201,62,105,2,soja,20230928,20240112,106,6,6tx0,6tx0p,6tx0pe
393,1,1,11,2,soja,20231002,20240109,99,6,6v0x,6v0xb,6v0xb3
238,61,1,116,2,soja,20211216,20220328,102,6,6trt,6trt8,6trt80
221,41,25,58,25,soja,20231023,20240303,132,6,6u07,6u07y,6u07yc
382,1,2,1,2,soja,20241101,20250301,120,6,6ugj,6ugjc,6ugjcn
425,41,2,5,1,soja,20231019,20240201,105,6,6tmy,6tmyc,6tmycp
253,1,3,3,3,soja,20211208,20220408,121,6,6yrg,6yrgw,6yrgwh
238,61,1,21,1,soja,20211029,20220218,112,6,6trm,6trmq,6trmq9
323,1,5553,7,1,soja,20221017,20230303,137,6,6udw,6udwh,6udwhx
1019,221,39,238,3,soja,20231003,20240108,97,6,6tzy,6tzy1,6tzy12
232,1,3,5,8,soja,20211019,20220202,106,6,6tzz,6tzzh,6tzzh8
1019,441,70,124,1,soja,20231019,20240113,86,6,6wpb,6wpbj,6wpbj3
335,1,2,22,1,soja,20250926,20260112,108,6,6tyw,6tywr,6tywr3
367,61,1,13,2,soja,20241016,20250207,114,6,6v8m,6v8m1,6v8m1p
27,1,1,14,3,soja,20210101,20210421,110,6,6vzt,6vzts,6vzts5
327,1,402,11,1,soja,20221024,20230222,121,6,6vrw,6vrw7,6vrw7u
27,1,1,51,2,soja,20221112,20230313,121,6,6vzw,6vzwh,6vzwhc
42,1,1102,151,1,soja,20231109,20240307,119,6,6yxb,6yxb4,6yxb41
209,1,5,137,5,soja,20221001,20230201,123,6,6uu4,6uu4u,6uu4ut
324,1,1,19,1,soja,20231126,20240413,139,6,6urt,6urt8,6urt83
1019,221,39,2021,1,soja,20241101,20250311,130,6,6tzy,6tzy2,6tzy22
327,1,402,20,1,soja,20221018,20230214,119,6,6vrw,6vrwe,6vrwe8
1019,281,17,170,1,soja,20251025,20260212,110,6,6vx2,6vx2y,6vx2yb
52,1,108,4502,2,soja,20201104,20210314,130,6,6v18,6v18n,6v18n7
175,1,1,79,1,soja,20211012,20220207,118,6,6ym3,6ym3d,6ym3d7
1019,101,6,12,1,soja,20231027,20240213,109,6,6uf0,6uf0q,6uf0q4
1019,241,2,44,1,soja,20231101,20240302,122,6,6vn5,6vn5t,6vn5tn
282,1,1,1,2,soja,20221108,20230206,90,6,6vn6,6vn6d,6vn6d1
10,161,5,41,2,soja,20221114,20230301,107,6,6tye,6tye9,6tye9h
240,1,1,1001,1,soja,20251227,20260508,132,7,7nb3,7nb3k,7nb3k7
24,1,2001,203,1,soja,20201008,20210222,137,6,6uge,6uge3,6uge3x
52,1,51,485,4,soja,20201126,20210407,132,6,6ucz,6ucz0,6ucz0x
39,1,100,1428,1,soja,20251127,20260418,142,6,6dxh,6dxhs,6dxhs3
359,1,1,1,1,soja,20221221,20230415,115,7,7n8j,7n8jm,7n8jmn
15,1,1,3,6,soja,20251128,20260418,141,6,6vx7,6vx7h,6vx7hx
127,1,4,140,4,soja,20251118,20260425,158,6,6vnz,6vnz3,6vnz31
42,1,1102,187,1,soja,20231201,20240325,115,6,6yrx,6yrxy,6yrxy6
238,61,1,228,4,soja,20211122,20220330,128,6,6trt,6trtc,6trtc7
238,61,1,228,4,soja,20211122,20220330,128,6,6trt,6trtc,6trtc7
10,1,1,134,1,soja,20231014,20240129,107,6,6tqt,6tqtc,6tqtc9
39,1,15,12,7,soja,20211201,20220503,153,6,6dxh,6dxhk,6dxhkw
361,1,1,377,1,soja,20230516,20230905,112,6,6vut,6vutj,6vutjf
209,1,5,139,5,soja,20221001,20230125,116,6,6uu4,6uu4u,6uu4ux
350,1,35,2,103,soja,20221121,20230415,145,6,6vxq,6vxq2,6vxq2d
1019,1,72,47,2,soja,20231101,20240115,75,6,6ttb,6ttby,6ttbyc
1019,281,17,104,1,soja,20251011,20260201,113,6,6vx3,6vx3q,6vx3q2
1019,543,11,1205,1,soja,20251019,20260213,117,6,6yk1,6yk14,6yk14s
444,1,1,5,26,soja,20231127,20240421,146,6,6f4x,6f4xv,6f4xvj
27,1,1,2,3,soja,20211117,20220330,133,6,6vzt,6vztt,6vztt9
1019,381,93,506,5,soja,20231005,20240113,100,6,6vxs,6vxsx,6vxsxw
177,61,5,56,3,soja,20231212,20240327,106,6,6ywb,6ywbp,6ywbpm
42,61,20,46,1,soja,20241122,20250305,103,7,7n8d,7n8d6,7n8d6e
177,1,101,11,1,soja,20211112,20220321,129,6,6vxp,6vxpv,6vxpvs
289,1,1,5,1,soja,20221121,20230404,134,6,6vz1,6vz1v,6vz1v8
175,1,1,74,1,soja,20231109,20240314,126,6,6ym3,6ym3c,6ym3cg
175,62,2,70,4,soja,20211201,20220313,102,6,6yk9,6yk9s,6yk9s0
27,1,1,34,5,soja,20201110,20210324,134,6,6vzt,6vztm,6vztm0
36,1,1,21,3,soja,20201112,20210318,126,6,6v85,6v85g,6v85g6
221,62,21,5,1,soja,20231112,20240304,113,6,6u95,6u95h,6u95h5
52,1,86,845,1,soja,20201125,20210325,120,6,6v1b,6v1bv,6v1bvx
27,1,1,131,4,soja,20221114,20230309,115,6,6vzt,6vzty,6vzty2
248,1,1,16,1,soja,20211028,20220227,122,6,6u0t,6u0td,6u0tdf
281,1,1,5,1,soja,20221104,20230203,91,6,6y38,6y38d,6y38df
182,41,29,4,1,soja,20211105,20220313,128,6,6vzp,6vzpf,6vzpfn
1019,381,93,509,5,soja,20231010,20240126,108,6,6vxu,6vxub,6vxub1
42,103,59,55,1,soja,20251124,20260418,145,6,6yrm,6yrms,6yrmsf
52,1,10,29,3,soja,20201126,20210324,118,6,6ucx,6ucxt,6ucxtd
361,1,1,375,1,soja,20230516,20230905,112,6,6vut,6vutj,6vutjf
350,1,39,4,411,soja,20251128,20260402,125,6,6vxm,6vxmu,6vxmuv
232,1,1,1,4,soja,20211012,20220121,101,6,6vbt,6vbtm,6vbtmg
374,1,4,5,4,soja,20221228,20230323,85,6,6yx7,6yx7h,6yx7hz
10,1,1,135,1,soja,20241017,20250125,100,6,6tqm,6tqmt,6tqmty
52,1,52,3201,2,soja,20221201,20230403,123,6,6ucz,6ucz1,6ucz11
1019,281,17,4,1,soja,20231101,20240321,141,6,6vx2,6vx2v,6vx2vt
221,1,2,22,3,soja,20211124,20220308,104,6,6u02,6u02w,6u02w3
444,1,1,3,23,soja,20240106,20240514,129,6,6f4x,6f4xu,6f4xut
10,101,2,11,1,soja,20201025,20210224,122,6,6trh,6trh3,6trh3e
1019,241,2,1,1,soja,20231027,20240229,125,6,6vn5,6vn5q,6vn5qt
1019,241,2,56,1,soja,20231006,20240125,111,6,6vn5,6vn5e,6vn5ee
52,1,114,5672,2,soja,20211109,20220413,155,6,6ucy,6ucyu,6ucyuw
1019,301,10,11,1,soja,20231118,20240417,151,6,6vx5,6vx5y,6vx5y8
10,101,2,32,2,soja,20201202,20210318,106,6,6trh,6trh8,6trh8t
52,1,47,461,2,soja,20201104,20210308,124,6,6v18,6v18p,6v18pk
10,1,1,1,2,soja,20201023,20210206,106,6,6tqm,6tqmx,6tqmxg
221,41,25,49,25,soja,20231122,20240311,110,6,6u07,6u07t,6u07tf
221,41,25,49,25,soja,20231122,20240311,110,6,6u07,6u07t,6u07tf
30,62,4,366,1,soja,20211117,20220212,87,6,6ywb,6ywb9,6ywb9n
466,1,1,32,1,soja,20241126,20250310,104,6,6yxb,6yxbz,6yxbzu
1019,421,74,180,1,soja,20231005,20240114,101,6,6tqy,6tqyy,6tqyyp
240,1,1,9,1,soja,20240110,20240501,112,7,7nb3,7nb3s,7nb3se
184,1,1,12,1,soja,20201104,20210302,118,6,6yx9,6yx9w,6yx9w0
1019,221,39,206,2,soja,20231116,20240217,93,6,6tzy,6tzy8,6tzy81
27,1,1,15,1,soja,20201124,20210405,132,6,6vzt,6vzts,6vzts4
232,1,2,2,3,soja,20210925,20220109,106,6,6vbj,6vbju,6vbju3
460,61,2,10,1,soja,20251103,20260406,154,6,6vrr,6vrr0,6vrr0h
52,1,13,64,3,soja,20211027,20220301,125,6,6ucx,6ucxn,6ucxny
278,1,18,4,13,soja,20231022,20240315,145,6,6y7s,6y7sq,6y7sqz
278,1,18,4,13,soja,20231022,20240315,145,6,6y7s,6y7sq,6y7sqz
267,1,1,2,5,soja,20221107,20230221,106,6,6tw4,6tw4r,6tw4rs
52,1,114,5686,2,soja,20211101,20220314,133,6,6ucy,6ucyy,6ucyyp
24,1,1001,34,1,soja,20231029,20240304,127,6,6uge,6uge5,6uge5f
267,1,1,3,8,soja,20220928,20230115,109,6,6tw4,6tw4r,6tw4ru
232,1,3,2,3,soja,20211013,20220119,98,6,6tzz,6tzzq,6tzzq0
1019,542,4,202,2,soja,20251101,20260220,111,6,6yrn,6yrn5,6yrn5q
42,103,59,9,1,soja,20251202,20260416,135,6,6yrq,6yrqr,6yrqrn
1019,401,77,205,2,soja,20231104,20240222,110,6,6try,6tryp,6tryp5
175,1,1,9,4,soja,20231124,20240401,129,6,6ym3,6ym3c,6ym3cg
1019,281,17,105,1,soja,20251012,20260201,112,6,6vx3,6vx3q,6vx3q9
361,1,1,379,1,soja,20230520,20230909,112,6,6vut,6vutj,6vutjh
52,1,120,5302,4,soja,20201015,20210304,140,6,6ucz,6uczn,6ucznd
42,103,59,13,1,soja,20251108,20260317,129,6,6yrq,6yrqr,6yrqrz
30,41,2,30,1,soja,20201124,20210313,109,6,6yx8,6yx8e,6yx8e1
175,1,1,17,1,soja,20231121,20240317,117,6,6ym3,6ym3c,6ym3cg
10,1,1,518,1,soja,20231003,20240208,128,6,6tqm,6tqmz,6tqmze
286,1,1,17,1,soja,20221101,20230225,116,6,6ttg,6ttgs,6ttgs9
221,63,22,9,2,soja,20231127,20240405,130,6,6v1g,6v1gx,6v1gx8
379,61,4001,214,4,soja,20231201,20240404,125,6,6gk6,6gk6h,6gk6hn
232,1,2,1,12,soja,20211024,20220219,118,6,6vbj,6vbju,6vbju0
52,1,94,1403,3,soja,20201210,20210406,117,6,6ucw,6ucwt,6ucwtm
182,41,29,18,1,soja,20211104,20220211,99,6,6vyz,6vyzr,6vyzrd
1019,181,44,58,1,soja,20231027,20240225,121,6,6vfu,6vfu0,6vfu01
52,1,103,4569,1,soja,20221201,20230414,134,6,6v1c,6v1ce,6v1ce9
232,1,1,1,1,soja,20211002,20220123,113,6,6vbt,6vbtm,6vbtmg
179,1,1,4,2,soja,20241114,20250309,115,7,7n84,7n84d,7n84dk
238,61,1,302,3,soja,20211202,20220404,123,6,6trm,6trmx,6trmxv
253,1,1,3,4,soja,20211118,20220408,141,6,6yrf,6yrfk,6yrfk0
335,1,2,41,1,soja,20221021,20230211,113,6,6tyy,6tyy0,6tyy07
221,41,25,57,25,soja,20231023,20240222,122,6,6u07,6u07y,6u07ys
444,1,1,5,23,soja,20240107,20240515,129,6,6f4x,6f4xv,6f4xvj
232,1,1,3,4,soja,20211013,20220123,102,6,6vbt,6vbtm,6vbtmd
27,1,1,37,5,soja,20201116,20210325,129,6,6vzt,6vztj,6vztjh
239,1,1,18,1,soja,20211021,20220120,91,6,6y11,6y11y,6y11yy
221,61,16,217,8,soja,20231101,20240221,112,6,6v0c,6v0cx,6v0cxz
1019,161,18,228,1,soja,20231123,20240410,139,6,6vzm,6vzm8,6vzm8n
1019,141,8,31,1,soja,20231018,20240215,120,6,6yqx,6yqxx,6yqxxt
1019,401,77,138,1,soja,20231006,20240121,107,6,6v82,6v82d,6v82dd
1019,241,2,110,2,soja,20231114,20240318,125,6,6vjc,6vjcv,6vjcvz
10,1,1,564,1,soja,20241101,20250321,140,6,6tqt,6tqtc,6tqtcm
52,1,101,5113,3,soja,20201203,20210401,119,6,6ucx,6ucxj,6ucxjr
1019,441,70,119,1,soja,20231018,20240126,100,6,6wpb,6wpbn,6wpbnn
221,41,25,99,25,soja,20231203,20240321,109,6,6u07,6u07s,6u07s3
444,1,1,1,14,soja,20240116,20240526,131,6,6f4x,6f4xu,6f4xu4
400,1,11,3,1,soja,20241001,20250118,109,6,6tz8,6tz85,6tz856
360,81,6925497002,6925624202,1,soja,20241121,20250218,89,6,6v0e,6v0es,6v0es5
382,1,5,2,4,soja,20251028,20260217,112,6,6ug5,6ug5s,6ug5sq
240,1,1,10,1,soja,20220118,20220414,86,7,7nb3,7nb3k,7nb3kz
52,1,86,833,1,soja,20201202,20210322,110,6,6v1b,6v1bu,6v1bun
367,61,2,5,1,soja,20241019,20250127,100,6,6v9w,6v9w3,6v9w3b
175,1,1,27,1,soja,20201022,20210325,154,6,6ym3,6ym3c,6ym3cg
360,81,6925353402,6925692002,2,soja,20241101,20250306,125,6,6v0e,6v0ed,6v0edu
1019,181,44,28,1,soja,20231108,20240208,92,6,6vfe,6vfep,6vfepp
1019,241,2,46,1,soja,20231013,20240217,127,6,6vn5,6vn5d,6vn5dg
42,101,60,28,1,soja,20251203,20260412,130,7,7n8j,7n8jb,7n8jbq
42,101,60,28,1,soja,20251203,20260412,130,7,7n8j,7n8jb,7n8jbq
1019,161,18,222,1,soja,20241104,20250303,119,6,6vzj,6vzjp,6vzjpq
367,61,2,2,3,soja,20241026,20250301,126,6,6v9w,6v9w1,6v9w17
52,1,11,35,3,soja,20201121,20210326,125,6,6ucx,6ucxq,6ucxqp
1019,201,62,109,1,soja,20231101,20240117,77,6,6tx2,6tx23,6tx23u
52,1,11,36,3,soja,20201121,20210327,126,6,6ucx,6ucxq,6ucxqj
52,1,8,83,3,soja,20201027,20210216,112,6,6v18,6v18n,6v18n4
444,1,1,9,28,soja,20240102,20240517,136,6,6f4x,6f4xg,6f4xg3
52,1,79,3502,2,soja,20221017,20230304,138,6,6ucz,6uczg,6uczgy
52,1,94,1414,3,soja,20211123,20220317,114,6,6ucw,6ucwv,6ucwv7
232,1,3,6,4,soja,20211026,20220222,119,6,6tzz,6tzzh,6tzzh9
1019,241,2,69,1,soja,20231007,20240213,129,6,6vn5,6vn5s,6vn5se
327,41,401,1,4,soja,20231227,20240417,112,6,6yrf,6yrfm,6yrfmw
10,1,1,188,1,soja,20231010,20240313,155,6,6tqm,6tqmt,6tqmtf
52,1,82,707,2,soja,20201019,20210210,114,6,6v1b,6v1b1,6v1b15
327,41,401,6,3,soja,20231129,20240326,118,6,6yrf,6yrf5,6yrf5t
238,61,1,312,3,soja,20211201,20220322,111,6,6trm,6trmx,6trmx4
52,1,100,4909,3,soja,20201201,20210404,124,6,6ucx,6ucxy,6ucxy0
24,1,1001,302,1,soja,20231026,20240301,127,6,6uge,6uge5,6uge50
1019,221,39,2001,1,soja,20241025,20250221,119,6,6tzw,6tzwp,6tzwpv
30,101,5,81,1,soja,20231205,20240315,101,6,6yxj,6yxj8,6yxj8u
175,62,2,31,1,soja,20211025,20220204,102,6,6yk9,6yk9s,6yk9s1
1019,181,44,201,2,soja,20251104,20260314,130,6,6vfu,6vfu1,6vfu1m
1019,421,74,174,1,soja,20230916,20240114,120,6,6tqz,6tqzj,6tqzjf
350,1,35,1,111,soja,20221201,20230401,121,6,6vxn,6vxnn,6vxnnz
253,1,3,1,3,soja,20211207,20220427,141,6,6yrg,6yrgq,6yrgqp
239,1,1,5,1,soja,20211019,20220116,89,6,6y11,6y11v,6y11ve
1019,221,39,118,1,soja,20231015,20240116,93,6,6tzv,6tzvw,6tzvwb
436,61,3,23,1,soja,20241023,20250316,144,6,6vzx,6vzx1,6vzx13
42,42,1101,221,1,soja,20231117,20240310,114,6,6yru,6yru6,6yru6p
436,61,3,11,1,soja,20241104,20250305,121,6,6vzx,6vzx1,6vzx1n
267,1,1,18,5,soja,20221020,20230223,126,6,6tw6,6tw62,6tw62r
52,1,56,4101,3,soja,20221022,20230301,130,6,6ucz,6uczb,6uczb3
253,1,3,6,5,soja,20211213,20220401,109,6,6yrg,6yrgt,6yrgth
277,1,1,8,2,soja,20221115,20230326,131,6,6vz8,6vz86,6vz86t
444,1,1,9,17,soja,20240103,20240518,136,6,6f4x,6f4xg,6f4xg3
238,61,1,218,3,soja,20211206,20220325,109,6,6trt,6trt8,6trt8n
52,1,107,4531,1,soja,20211209,20220407,119,6,6v1f,6v1f0,6v1f06
1019,543,11,1208,1,soja,20251203,20260326,113,6,6yk0,6yk0f,6yk0fp
221,41,25,53,25,soja,20231027,20240301,126,6,6u07,6u07y,6u07y0
360,1,871802,63,1683502,soja,20240103,20240321,78,6,6y24,6y240,6y2408
350,1,35,3,308,soja,20221104,20230321,137,6,6vxq,6vxq3,6vxq3h
1019,141,8,27,1,soja,20231010,20240120,102,6,6yqx,6yqxw,6yqxwf
256,1,1,13,1,soja,20211015,20220214,122,6,6vcm,6vcmv,6vcmvy
1019,381,93,140,1,soja,20231009,20240130,113,6,6vxk,6vxkp,6vxkpu
277,1,1,25,1,soja,20221116,20230331,135,6,6vz8,6vz8e,6vz8e0
39,1,100,1243,1,soja,20221212,20230408,117,6,6dxh,6dxhk,6dxhk3
1019,381,93,501,5,soja,20231012,20240203,114,6,6vxs,6vxsx,6vxsxs
221,1,11,96,12,soja,20241014,20250301,138,6,6u09,6u094,6u0943
425,1,1,4,2,soja,20231125,20240410,137,7,7n81,7n819,7n819j
1019,381,93,223,2,soja,20231219,20240402,105,6,6vxk,6vxkw,6vxkw4
221,62,21,4,1,soja,20231030,20240306,128,6,6u95,6u955,6u955v
278,1,18,9,6,soja,20221114,20230415,152,6,6y7v,6y7v2,6y7v2h
1019,421,74,166,1,soja,20231003,20240107,96,6,6tqy,6tqyv,6tqyvn
27,1,1,24,2,soja,20201124,20210411,138,6,6vzt,6vztm,6vztms
360,81,6925353402,6925674602,1,soja,20241122,20250327,125,6,6v0e,6v0eg,6v0eg8
444,1,1,1,11,soja,20250110,20250506,116,6,6f4x,6f4xu,6f4xu4
392,1,15,126,2,soja,20231118,20240316,119,6,6yqv,6yqvr,6yqvru
444,1,1,11,6,soja,20240105,20240531,147,6,6f4x,6f4xk,6f4xkr
221,41,25,52,25,soja,20231101,20240303,123,6,6u07,6u07w,6u07wj
1019,521,500,12,1,soja,20251022,20260219,120,6,6vf7,6vf7f,6vf7f9
315,1,1,18,12,soja,20221019,20230302,134,6,6vf8,6vf8e,6vf8e9
278,1,18,10,12,soja,20231022,20240301,131,6,6y7e,6y7ez,6y7ezh
360,81,6925489902,6925637602,1,soja,20241122,20250310,108,6,6v0e,6v0eg,6v0egq
444,1,1,2,24,soja,20240106,20240426,111,6,6f4x,6f4xe,6f4xev
36,1,1,7,2,soja,20201114,20210307,113,6,6v85,6v85f,6v85fc
400,1,9,8,1,soja,20230927,20240115,110,6,6v85,6v857,6v857y
36,1,1,1,2,soja,20201116,20210318,122,6,6v8h,6v8hh,6v8hhq
175,1,1,40,1,soja,20231104,20240305,122,6,6ym3,6ym36,6ym36p
400,1,2,14,1,soja,20241013,20250208,118,6,6tz9,6tz9h,6tz9h3
1019,441,70,111,1,soja,20231028,20240126,90,6,6wpb,6wpbh,6wpbhy
27,1,1,48,5,soja,20201108,20210407,150,6,6vzt,6vztn,6vztnq
24,1,2001,305,1,soja,20201110,20210310,120,6,6uge,6uge9,6uge91
1019,261,64,64,1,soja,20231104,20240309,126,6,6yrp,6yrpj,6yrpjb
370,1,1,6,1,soja,20230110,20230508,118,6,6vng,6vngw,6vngw1
221,1,3,30,16,soja,20231101,20240301,121,6,6u02,6u02v,6u02vc
221,1,3,30,16,soja,20231101,20240301,121,6,6u02,6u02v,6u02vc
27,1,1,81,1,soja,20221103,20230402,150,6,6vzt,6vztk,6vztkv
52,1,114,5680,4,soja,20201207,20210413,127,6,6ucz,6uczj,6uczjd
299,1,2,1,1,soja,20221020,20230211,114,6,6y28,6y284,6y2849
444,1,1,14,6,soja,20240106,20240601,147,6,6f4x,6f4xe,6f4xej
176,1,8,803,1,soja,20211015,20220211,119,6,6ubu,6ubuz,6ubuzg
176,1,8,803,1,soja,20211015,20220211,119,6,6ubu,6ubuz,6ubuzg
176,1,8,803,1,soja,20211015,20220211,119,6,6ubu,6ubuz,6ubuzg
52,1,15,435,2,soja,20201207,20210328,111,6,6ucx,6ucxz,6ucxze
182,41,29,22,1,soja,20221109,20230328,139,6,6vyz,6vyzn,6vyzn6
39,1,14,1464,4,soja,20211221,20220510,140,6,6dxh,6dxhs,6dxhss
232,1,2,6,15,soja,20211105,20220207,94,6,6vbj,6vbjd,6vbjdy
51,1,5,5,1,soja,20200102,20200422,111,6,6vzh,6vzhs,6vzhse
392,1,15,133,2,soja,20231124,20240320,117,6,6yrj,6yrj2,6yrj23
52,1,996,2910,4,soja,20201013,20210208,118,6,6ufp,6ufp6,6ufp6n
401,1,2,14,2,soja,20251227,20260501,125,6,6zmq,6zmqf,6zmqf8
1019,441,70,157,1,soja,20231101,20240208,99,6,6y00,6y008,6y008v
52,1,15,435,2,soja,20201207,20210328,111,6,6ucx,6ucxz,6ucxze
52,1,113,5651,4,soja,20201128,20210413,136,6,6ucy,6ucyc,6ucyct
392,41,21,2,1,soja,20241104,20250303,119,6,6ywk,6ywk8,6ywk8j
1019,281,17,8,1,soja,20231104,20240311,128,6,6vx3,6vx3n,6vx3n3
27,1,1,25,5,soja,20201116,20210407,142,6,6vzt,6vztx,6vztxv
52,1,18,445,2,soja,20201117,20210403,137,6,6ucz,6uczc,6uczcm
361,1,1,112,1,soja,20250511,20250810,91,6,6vus,6vuss,6vusst
36,1,1,9,1,soja,20201014,20210203,112,6,6v85,6v85d,6v85dr
36,1,1,84,3,soja,20201103,20210305,122,6,6v85,6v85c,6v85cq
390,1,3,5,1,soja,20231102,20240227,117,6,6vjd,6vjdd,6vjdd7
1019,542,4,218,2,soja,20251124,20260223,91,6,6yrj,6yrjg,6yrjgk
1019,301,10,34,1,soja,20241102,20250313,131,6,6vx5,6vx5s,6vx5sx
175,61,3,1,1,soja,20211101,20220216,107,6,6ykc,6ykch,6ykch2
52,1,99,4000,1,soja,20201122,20210331,129,6,6v1c,6v1ct,6v1ctf
52,1,103,4553,1,soja,20211201,20220331,120,6,6v1c,6v1ce,6v1cez
221,41,24,11,24,soja,20231221,20240403,104,6,6u07,6u07f,6u07fy
331,41,1,11,1,soja,20221201,20230314,103,6,6gcw,6gcwm,6gcwmv
42,1,1102,143,1,soja,20231130,20240330,121,6,6yxb,6yxb3,6yxb3k
232,1,3,1,8,soja,20211016,20220203,110,6,6tzy,6tzyk,6tzykt
176,1,8,814,1,soja,20211130,20220317,107,6,6ubu,6ubux,6ubuxy
52,1,88,1103,4,soja,20201111,20210316,125,6,6ucz,6ucz3,6ucz3q
239,41,3,46,1,soja,20221125,20230405,131,6,6y02,6y020,6y020u
401,1,1,4,10,soja,20231115,20240319,125,6,6zmn,6zmnz,6zmnz9
1019,281,17,11,1,soja,20241207,20250423,137,6,6vx3,6vx3q,6vx3qd
315,1,1,4,6,soja,20221107,20230304,117,6,6vep,6vepc,6vepcw
52,1,114,5686,2,soja,20211101,20220314,133,6,6ucy,6ucyy,6ucyyp
350,41,36,43,555,soja,20251212,20260414,123,6,6vze,6vzej,6vzej2
1019,381,93,218,2,soja,20231118,20240415,149,6,6vxk,6vxkm,6vxkmw
15,1,1,1,8,soja,20211113,20220401,139,6,6vx6,6vx69,6vx69k
238,61,1,338,3,soja,20211125,20220324,119,6,6trt,6trtb,6trtb6
439,1,1,11,1,soja,20251028,20260401,155,7,7h86,7h86e,7h86e2
439,1,1,1,1,soja,20251128,20260421,144,7,7h86,7h86e,7h86es
27,1,1,181,4,soja,20221114,20230401,138,6,6vzt,6vzty,6vztyc
360,61,572302,2929032202,572902,soja,20231026,20240305,131,6,6ucq,6ucqm,6ucqmk
400,1,10,10,1,soja,20241022,20250210,111,6,6txj,6txjq,6txjq4
1019,321,46,111,1,soja,20231123,20240401,130,6,6vxm,6vxms,6vxms6
282,1,1,3,3,soja,20221207,20230328,111,6,6vn6,6vn6d,6vn6dr
238,61,1,200,3,soja,20211220,20220320,90,6,6trt,6trt8,6trt8j
1019,221,39,115,1,soja,20231009,20240116,99,6,6tzv,6tzvr,6tzvrj
1019,221,39,115,1,soja,20231009,20240116,99,6,6tzv,6tzvr,6tzvrj
39,1,14,1461,4,soja,20211212,20220510,149,6,6dxh,6dxhs,6dxhsv
27,1,1,5,4,soja,20211118,20220326,128,6,6vzt,6vzts,6vztsu
323,41,44940,6,1,soja,20221010,20230220,133,6,6udq,6udqk,6udqk2
1019,1,72,109,1,soja,20231026,20240109,75,6,6tw0,6tw0s,6tw0s6
1019,181,44,45,2,soja,20241116,20250215,91,6,6vfg,6vfg8,6vfg8w
444,1,1,4,24,soja,20240106,20240503,118,6,6f4x,6f4xu,6f4xuv
275,41,500,14,1000,soja,20231213,20240404,113,6,6v5p,6v5p5,6v5p5w
275,1,100,16,1,soja,20230927,20240110,105,6,6ugs,6ugse,6ugse9
331,41,1,32,1,soja,20221103,20230315,132,6,6gcw,6gcwj,6gcwjw
27,1,1,19,4,soja,20201125,20210413,139,6,6vzt,6vztu,6vztum
1019,361,22,404,1,soja,20251201,20260418,138,6,6ypf,6ypf9,6ypf9k
52,1,114,5686,4,soja,20201207,20210411,125,6,6ucy,6ucyy,6ucyyp
1019,181,44,55,1,soja,20231027,20240223,119,6,6vfe,6vfez,6vfezy
52,1,15,433,2,soja,20201206,20210328,112,6,6ucx,6ucxz,6ucxz3
279,1,1,3,4,soja,20221005,20230208,126,6,6vnk,6vnk9,6vnk9w
52,1,79,3500,1,soja,20201105,20210320,135,6,6ucz,6uczg,6uczgr
221,1,5,53,10,soja,20231102,20240306,125,6,6u03,6u03n,6u03ne
184,1,1,18,1,soja,20201214,20210405,112,6,6yx9,6yx9x,6yx9xh
278,1,18,12,2,soja,20221206,20230416,131,6,6y7t,6y7tn,6y7tnv
367,61,1,9,2,soja,20241011,20250202,114,6,6v8m,6v8m3,6v8m35
52,1,98,3704,4,soja,20201124,20210401,128,6,6ucy,6ucyb,6ucybp
51,1,8,8,1,soja,20201102,20210305,123,6,6vzk,6vzk2,6vzk2v
1019,241,2,11,1,soja,20231027,20240229,125,6,6vn5,6vn5n,6vn5nm
175,61,3,2,1,soja,20211101,20220302,121,6,6ykb,6ykbu,6ykbup
425,1,1,10,1,soja,20240103,20240501,119,7,7n81,7n81d,7n81d7
444,1,1,14,26,soja,20251218,20260502,135,6,6f4x,6f4xe,6f4xej
500,1,1,5,3,soja,20251028,20260301,124,6,6v80,6v80s,6v80s1
1019,261,64,53,1,soja,20231027,20240217,113,6,6yrn,6yrnx,6yrnxb
238,61,1,135,4,soja,20211116,20220319,123,6,6trt,6trt8,6trt8e
10,1,1,173,1,soja,20231026,20240314,140,6,6tqm,6tqmm,6tqmm6
221,41,25,71,25,soja,20231101,20240301,121,6,6u07,6u07q,6u07qm
175,62,2,42,3,soja,20221114,20230210,88,6,6yk9,6yk9s,6yk9s0
436,61,3,9,1,soja,20240929,20250227,151,6,6vzx,6vzx3,6vzx3f
35,42,6,2241,3,soja,20211014,20220113,91,6,6tw5,6tw5z,6tw5z4
232,1,2,4,12,soja,20211024,20220223,122,6,6vbj,6vbjg,6vbjgb
439,1,2,22,2,soja,20241121,20250401,131,7,7h86,7h86k,7h86k4
299,1,5,2,1,soja,20221001,20230118,109,6,6y0r,6y0ry,6y0ryr
239,1,1,37,2,soja,20211007,20220202,118,6,6y16,6y161,6y1610
42,61,20,57,1,soja,20241125,20250319,114,7,7n8d,7n8dd,7n8dd0
221,1,11,95,12,soja,20241029,20250301,123,6,6u09,6u094,6u0941
24,1,2001,227,1,soja,20201101,20210312,131,6,6uge,6uge8,6uge84
10,1,1,409,1,soja,20230914,20240104,112,6,6tqt,6tqtb,6tqtb3
221,1,5,51,10,soja,20231103,20240302,120,6,6u02,6u02y,6u02yw
1019,81,83,124,1,soja,20231012,20240129,109,6,6udt,6udt6,6udt6q
221,41,24,6,24,soja,20231115,20240318,124,6,6u07,6u07f,6u07f4
1019,81,83,115,1,soja,20231101,20240211,102,6,6udt,6udt6,6udt6z
253,1,1,19,5,soja,20221122,20230408,137,6,6yrd,6yrdq,6yrdqf
360,1,871802,22,1683502,soja,20231206,20240316,101,6,6y24,6y240,6y240t
52,1,113,5651,4,soja,20201128,20210413,136,6,6ucy,6ucyc,6ucyct
36,1,1,24,3,soja,20201106,20210314,128,6,6v85,6v85g,6v85gt
281,1,1,21,1,soja,20221101,20230213,104,6,6y38,6y389,6y389d
10,1,1,82,1,soja,20230914,20240102,110,6,6tqt,6tqtb,6tqtbw
393,41,2,11,1,soja,20231101,20240227,118,6,6v2t,6v2tx,6v2txv
267,1,1,57,7,soja,20221003,20230111,100,6,6tw6,6tw6b,6tw6b5
1019,543,11,325,2,soja,20251101,20260406,156,6,6yhp,6yhps,6yhpsn
52,1,94,1431,3,soja,20211109,20220310,121,6,6ucx,6ucxn,6ucxnc
284,81,6,12,3,soja,20221118,20230421,154,7,7h0x,7h0x1,7h0x16
27,1,1,40,5,soja,20201110,20210407,148,6,6vzt,6vztg,6vztgn
315,1,1,15,12,soja,20221007,20230202,118,6,6vf8,6vf8g,6vf8gb
444,1,1,5,17,soja,20231229,20240518,141,6,6f4x,6f4xv,6f4xvj
374,1,1,10,10,soja,20251201,20260405,125,6,6yx6,6yx6x,6yx6xt
52,1,114,5951,2,soja,20231022,20240225,126,6,6ucz,6uczj,6uczju
36,1,1,25,3,soja,20201106,20210314,128,6,6v85,6v85f,6v85fu
52,1,94,1411,3,soja,20211124,20220406,133,6,6ucw,6ucwv,6ucwv9
51,1,8,24,1,soja,20201101,20210316,135,6,6vzk,6vzk0,6vzk0y
278,1,18,4,1,soja,20231122,20240324,123,6,6y7s,6y7sq,6y7sqz
221,41,25,98,25,soja,20231203,20240323,111,6,6u07,6u07k,6u07kd
1019,461,68,116,1,soja,20230930,20240114,106,6,6v88,6v885,6v8850
1019,461,68,116,1,soja,20230930,20240114,106,6,6v88,6v885,6v8850
36,1,1,17,1,soja,20201023,20210208,108,6,6v85,6v85g,6v85gz
52,1,22,225,3,soja,20211124,20220305,101,6,6ucx,6ucxx,6ucxxp
42,103,59,11,1,soja,20251123,20260320,117,6,6yrw,6yrw8,6yrw8s
444,1,1,15,13,soja,20240104,20240526,143,6,6f4x,6f4xs,6f4xsw
327,1,402,36,1,soja,20221013,20230203,113,6,6vrw,6vrw5,6vrw57
1019,241,2,35,1,soja,20231023,20240308,137,6,6vn5,6vn5s,6vn5s6
209,1,2,2,1,soja,20221018,20230214,119,6,6uu4,6uu4c,6uu4cp
51,1,8,30,1,soja,20211024,20220301,128,6,6vzk,6vzk3,6vzk3r
1019,261,64,49,1,soja,20231120,20240311,112,6,6yrq,6yrqb,6yrqbp
299,1,5,8,1,soja,20220927,20230116,111,6,6y22,6y22n,6y22nk
547,1,13,30,1,soja,20260105,20260506,121,6,6g7n,6g7nf,6g7nfp
278,1,18,13,11,soja,20221201,20230411,131,6,6y7s,6y7sz,6y7szf
1019,281,17,50,1,soja,20231116,20240410,146,6,6vx2,6vx2z,6vx2zd
275,41,500,8,1000,soja,20231125,20240404,131,6,6v5n,6v5nf,6v5nfx
392,61,20,3,2,soja,20251105,20260316,131,6,6gsm,6gsmu,6gsmu8
350,1,35,3,114,soja,20221113,20230415,153,6,6vxq,6vxq3,6vxq3h
1019,201,62,21,1,soja,20231017,20240227,133,6,6trp,6trpv,6trpvj
36,1,1,10,1,soja,20201020,20210203,106,6,6v85,6v85d,6v85d7
1019,201,62,5,1,soja,20230923,20240109,108,6,6trp,6trpu,6trpuw
1019,543,11,125,1,soja,20251124,20260319,115,6,6yk0,6yk0v,6yk0vu
444,1,1,6,26,soja,20231201,20240503,154,6,6f4x,6f4xe,6f4xef
232,1,3,5,6,soja,20211023,20220215,115,6,6tzz,6tzzh,6tzzh8
52,1,101,5122,3,soja,20201209,20210402,114,6,6ucx,6ucxm,6ucxmn
1019,321,46,119,1,soja,20231108,20240322,135,6,6vxm,6vxmm,6vxmmy
27,1,1,19,2,soja,20201120,20210411,142,6,6vzt,6vztu,6vztum
52,1,15,423,2,soja,20201203,20210324,111,6,6ucz,6ucz8,6ucz8n
52,1,101,5124,3,soja,20201210,20210405,116,6,6ucx,6ucxm,6ucxmq
1019,221,39,2261,1,soja,20241101,20250228,119,6,6tzy,6tzy0,6tzy0d
329,1,1,1044,3,soja,20221125,20230413,139,6,6ytn,6ytn1,6ytn16
360,1,871802,259,1683602,soja,20231016,20240214,121,6,6y24,6y244,6y244n
52,1,93,1316,3,soja,20201129,20210402,124,6,6ucw,6ucwu,6ucwug
1019,221,39,227,1,soja,20241029,20250311,133,6,6tzy,6tzy0,6tzy02
42,85,54,46,1,soja,20250201,20250530,118,7,7p1q,7p1q2,7p1q2n
42,42,18,304,1,soja,20231207,20240403,118,6,6yrs,6yrsz,6yrszc
52,1,47,465,1,soja,20251108,20260316,128,6,6v18,6v18p,6v18p7
1019,141,8,54,1,soja,20231025,20240310,137,6,6yqw,6yqws,6yqwsb
1019,401,77,125,1,soja,20231001,20240115,106,6,6v82,6v821,6v821y
1019,181,44,41,1,soja,20231103,20240220,109,6,6vfg,6vfg8,6vfg8d
52,1,22,225,3,soja,20211124,20220305,101,6,6ucx,6ucxx,6ucxxp
42,1,1102,147,1,soja,20231108,20240315,128,6,6yxb,6yxb1,6yxb1u
444,1,1,7,1,soja,20241222,20250503,132,6,6f4x,6f4xs,6f4xs7
1019,543,11,329,2,soja,20251028,20260221,116,6,6yhp,6yhpe,6yhpeb
1019,241,2,74,1,soja,20231005,20240202,120,6,6vn5,6vn5u,6vn5u2
36,1,1,11,2,soja,20200919,20201229,101,6,6v85,6v85g,6v85g6
27,1,1,121,1,soja,20221103,20230401,149,6,6vzt,6vzty,6vztyj
27,1,1,121,1,soja,20221103,20230401,149,6,6vzt,6vzty,6vztyj
327,41,401,3,1,soja,20231220,20240401,103,6,6yrf,6yrfs,6yrfs2
52,1,114,5685,2,soja,20211101,20220314,133,6,6ucz,6uczn,6uczn4
52,1,51,490,4,soja,20201116,20210401,136,6,6ucz,6ucz3,6ucz3f
52,1,51,480,4,soja,20201117,20210401,135,6,6ucz,6ucz0,6ucz0u
444,1,1,5,21,soja,20241122,20250423,152,6,6f4x,6f4xv,6f4xvj
238,61,1,340,4,soja,20211123,20220321,118,6,6trt,6trtb,6trtbf
238,61,1,340,4,soja,20211123,20220321,118,6,6trt,6trtb,6trtbf
221,41,25,59,25,soja,20231023,20240229,129,6,6u07,6u07y,6u07yw
221,1,3,25,16,soja,20231028,20240220,115,6,6u02,6u02t,6u02t7
1019,461,68,101,1,soja,20231006,20240126,112,6,6v88,6v889,6v8899
221,1,11,95,12,soja,20241029,20250301,123,6,6u09,6u094,6u0941
221,41,25,33,25,soja,20231201,20240322,112,6,6u07,6u07u,6u07ud
256,1,1,16,1,soja,20211101,20220301,120,6,6vcm,6vcmv,6vcmv5
392,1,15,139,1,soja,20230324,20230701,99,6,6yrn,6yrn1,6yrn1v
221,41,25,77,25,soja,20231101,20240305,125,6,6u07,6u07q,6u07qj
221,41,25,77,25,soja,20231101,20240305,125,6,6u07,6u07q,6u07qj
392,41,21,18,1,soja,20241022,20250224,125,6,6ywk,6ywk9,6ywk9h
253,1,1,5,4,soja,20211111,20220313,122,6,6yrf,6yrfq,6yrfqk
1019,141,8,32,1,soja,20231018,20240224,129,6,6yqx,6yqxz,6yqxzb
232,1,2,6,6,soja,20211016,20220124,100,6,6vbj,6vbjd,6vbjdy
1019,421,74,124,1,soja,20230922,20240123,123,6,6tqz,6tqzt,6tqzt6
184,1,1,14,1,soja,20201112,20210406,145,6,6yx9,6yx9q,6yx9qq
232,1,2,4,15,soja,20211021,20220224,126,6,6vbj,6vbjg,6vbjgb
30,101,5,4,1,soja,20231116,20240316,121,6,6yxj,6yxjb,6yxjbk
15,1,1,4,11,soja,20241116,20250401,136,6,6vx7,6vx7k,6vx7k9
24,1,2001,226,1,soja,20201123,20210312,109,6,6uge,6uge8,6uge88
1019,261,64,50,1,soja,20231102,20240220,110,6,6yrn,6yrny,6yrnyb
1019,141,8,13,1,soja,20231007,20240302,147,6,6yqx,6yqxj,6yqxje
1019,421,74,170,1,soja,20231004,20240115,103,6,6tqz,6tqzj,6tqzj8
1019,241,2,306,3,soja,20241022,20250215,116,6,6vph,6vph0,6vph0w
42,1,1102,120,2,soja,20221121,20230311,110,6,6yx8,6yx8s,6yx8sk
240,1,1,42,2,soja,20240108,20240501,114,7,7nb2,7nb2z,7nb2zf
367,61,2,3,3,soja,20241113,20250318,125,6,6v9w,6v9w1,6v9w1w
360,101,3419374803,3439642203,4,soja,20251103,20260302,119,6,6v2k,6v2k7,6v2k7d
179,1,1,25,1,soja,20201104,20210306,122,7,7n84,7n841,7n841b
52,1,79,3506,2,soja,20221015,20230304,140,6,6ucz,6uczd,6uczdx
282,1,1,2,3,soja,20221112,20230327,135,6,6vn6,6vn6d,6vn6dt
1019,461,68,144,1,soja,20231102,20240213,103,6,6v88,6v88s,6v88s0
52,1,93,1315,3,soja,20201128,20210402,125,6,6ucw,6ucwu,6ucwut
1019,381,93,118,1,soja,20240103,20240415,103,6,6vxk,6vxkr,6vxkr3
359,1,1,20,1,soja,20221212,20230411,120,7,7n8j,7n8j5,7n8j5c
52,1,82,705,2,soja,20201021,20210221,123,6,6v1b,6v1b0,6v1b0z
289,42,1,2,2,soja,20221104,20230326,142,6,6vz3,6vz35,6vz356
360,61,572302,1614702,572802,soja,20231009,20240130,113,6,6ucq,6ucqk,6ucqk3
52,1,51,489,4,soja,20201117,20210410,144,6,6ucz,6ucz3,6ucz36
1019,381,93,148,1,soja,20231012,20240207,118,6,6vxs,6vxs3,6vxs30
52,1,996,2902,4,soja,20201013,20210204,114,6,6ufp,6ufp3,6ufp30
42,102,61,5,1,soja,20251118,20260409,142,6,6yrh,6yrh3,6yrh36
221,63,22,13,2,soja,20231129,20240330,122,6,6v45,6v45f,6v45fb
1019,542,4,222,2,soja,20251103,20260303,120,6,6yrj,6yrjg,6yrjgd
392,61,20,18,1,soja,20250926,20260212,139,6,6gsk,6gskj,6gskjs
436,41,2,76,1,soja,20241105,20250310,125,6,6vze,6vzeb,6vzeb1
221,41,25,29,25,soja,20231013,20240207,117,6,6u07,6u07u,6u07u8
221,41,25,29,25,soja,20231013,20240207,117,6,6u07,6u07u,6u07u8
350,1,35,2,403,soja,20231115,20240328,134,6,6vxq,6vxq2,6vxq2d
444,1,1,11,22,soja,20241221,20250424,124,6,6f4x,6f4xk,6f4xkr
398,1,1,1,4,soja,20231201,20240410,131,6,6vs0,6vs05,6vs05b
52,1,13,60,3,soja,20211022,20220301,130,6,6ucx,6ucxr,6ucxr1
52,1,125,4657,1,soja,20221116,20230310,114,6,6v1f,6v1fn,6v1fn7
359,1,1,3,1,soja,20221111,20230401,141,7,7n8j,7n8jk,7n8jkf
1019,281,17,41,1,soja,20231028,20240316,140,6,6vx2,6vx2x,6vx2xp
444,1,1,17,18,soja,20240109,20240514,126,6,6f4x,6f4xs,6f4xsp
52,1,17,99,2,soja,20201105,20210320,135,6,6ucz,6uczb,6uczbj
1019,321,46,205,1,soja,20231201,20240322,112,6,6vxm,6vxmr,6vxmrg
275,41,500,9,1000,soja,20231212,20240404,114,6,6v5p,6v5p4,6v5p42
1019,221,39,1161,1,soja,20241021,20250213,115,6,6tzv,6tzvq,6tzvqx
221,1,2,16,6,soja,20210915,20220120,127,6,6u02,6u02w,6u02wf
444,1,1,1,2,soja,20241125,20250426,152,6,6f4x,6f4xu,6f4xu4
10,101,2,24,2,soja,20201112,20210315,123,6,6trh,6trh9,6trh9j
324,1,1,5,1,soja,20221120,20230317,117,6,6urt,6urt8,6urt85
52,1,103,4560,1,soja,20211201,20220411,131,6,6v1c,6v1ce,6v1cev
36,1,1,18,2,soja,20200928,20210123,117,6,6v85,6v85d,6v85du
52,1,57,611,2,soja,20201210,20210410,121,6,6ucz,6ucz9,6ucz9r
221,1,3,31,16,soja,20231026,20240224,121,6,6u02,6u02y,6u02y0
278,1,18,5,10,soja,20221020,20230219,122,6,6y7s,6y7sr,6y7srs
42,103,59,44,1,soja,20251202,20260422,141,6,6yrm,6yrmu,6yrmu7
42,103,59,44,1,soja,20251202,20260422,141,6,6yrm,6yrmu,6yrmu7
52,1,7,19,1,soja,20211019,20220202,106,6,6v18,6v18n,6v18nn
1019,301,10,110,1,soja,20251021,20260303,133,6,6vx5,6vx5y,6vx5yy
36,1,1,7,1,soja,20201022,20210203,104,6,6v85,6v85f,6v85fc
176,41,7,708,1,soja,20221114,20230324,130,6,6vdu,6vdud,6vdudw
30,41,2,11,1,soja,20210105,20210602,148,6,6yx8,6yx8g,6yx8gk
436,61,3,1,1,soja,20241101,20250221,112,6,6vzw,6vzwc,6vzwcr
1019,181,44,249,2,soja,20251106,20260315,129,6,6vfg,6vfgh,6vfgh7
221,63,23,22,3,soja,20231106,20240221,107,6,6v1g,6v1gx,6v1gxx
221,63,23,22,3,soja,20231106,20240221,107,6,6v1g,6v1gx,6v1gxx
27,1,1,41,5,soja,20201109,20210407,149,6,6vzt,6vztm,6vztmm
221,63,23,26,3,soja,20251104,20260316,132,6,6v1g,6v1gx,6v1gxj
175,62,2,75,4,soja,20211211,20220310,89,6,6yk9,6yk9s,6yk9s0
413,1,2,3,2,soja,20231009,20240210,124,6,6vbj,6vbju,6vbjud
400,1,2,12,1,soja,20241021,20250217,119,6,6tz9,6tz95,6tz95g
1019,241,2,219,3,soja,20231116,20240401,137,6,6vnu,6vnu6,6vnu65
52,1,106,4518,1,soja,20201103,20210316,133,6,6v19,6v19x,6v19xe
52,1,100,4902,3,soja,20211109,20220301,112,6,6ucx,6ucxw,6ucxw4
52,1,94,1412,3,soja,20211126,20220406,131,6,6ucw,6ucwv,6ucwvf
444,1,1,4,13,soja,20240103,20240526,144,6,6f4x,6f4xu,6f4xuv
324,1,1,1,1,soja,20221118,20230320,122,6,6urt,6urt8,6urt8j
1019,543,11,111,1,soja,20251121,20260317,116,6,6yk0,6yk0t,6yk0t3
1019,241,2,115,2,soja,20231103,20240309,127,6,6vjf,6vjfn,6vjfnk
1019,281,17,179,1,soja,20251204,20260404,121,6,6vx2,6vx2x,6vx2xr
487,1,1,8,1,soja,20251108,20260316,128,6,6vqr,6vqr4,6vqr4d
436,41,2,79,1,soja,20241104,20250310,126,6,6vz7,6vz7w,6vz7wg
436,81,4,92,3,soja,20251013,20260205,115,6,6yxf,6yxfw,6yxfwf
52,1,116,5710,3,soja,20201206,20210403,118,6,6ucx,6ucxs,6ucxs5
1019,401,77,113,1,soja,20230927,20240104,99,6,6v82,6v82e,6v82ek
260,1,1,10,3,soja,20211203,20220401,119,6,6tt7,6tt7t,6tt7td
230,1,1,19,6,soja,20211005,20220202,120,6,6v2q,6v2q2,6v2q27
221,41,24,2,24,soja,20231129,20240311,103,6,6u07,6u07d,6u07dj
1019,241,2,119,2,soja,20231027,20240215,111,6,6vjf,6vjfj,6vjfjw
42,101,60,18,1,soja,20251216,20260424,129,6,6yxv,6yxvz,6yxvzp
127,1,4,142,4,soja,20251118,20260424,157,6,6vnz,6vnz2,6vnz2f
27,1,1,9,3,soja,20211111,20220323,132,6,6vzt,6vzts,6vztsz
466,1,1,16,1,soja,20241122,20250306,104,6,6yxc,6yxcn,6yxcny
1019,141,8,52,1,soja,20231023,20240309,138,6,6yqw,6yqwt,6yqwtp
444,1,1,7,17,soja,20231229,20240517,140,6,6f4x,6f4xs,6f4xs7
221,1,11,106,12,soja,20231026,20240221,118,6,6u09,6u091,6u091k
52,1,22,227,3,soja,20211112,20220305,113,6,6ucx,6ucxx,6ucxxj
278,1,18,2,1,soja,20221120,20230311,111,6,6y7s,6y7sr,6y7srv
323,1,5130,1,1,soja,20221006,20230227,144,6,6udw,6udwh,6udwhq
425,1,1,1,2,soja,20240106,20240502,117,7,7n81,7n818,7n818t
52,1,94,1415,3,soja,20211124,20220318,114,6,6ucw,6ucwv,6ucwvk
1019,201,62,126,1,soja,20231004,20240120,108,6,6tx2,6tx2d,6tx2dc
1019,201,62,126,1,soja,20231004,20240120,108,6,6tx2,6tx2d,6tx2dc
35,7,5,7,1,soja,20211101,20220223,114,6,6tw1,6tw1c,6tw1cu
444,1,1,10,13,soja,20240104,20240526,143,6,6f4x,6f4xe,6f4xeq
52,1,13,65,3,soja,20211027,20220305,129,6,6ucx,6ucxn,6ucxnv
175,1,1,55,1,soja,20231117,20240315,119,6,6ym3,6ym3c,6ym3cg
127,1,1,17,1,soja,20201026,20210303,128,6,6vq8,6vq8w,6vq8w5
30,101,5,101,1,soja,20231109,20240307,119,6,6yxj,6yxjb,6yxjb7
481,1,5,1,1,soja,20251106,20260317,131,6,6uf4,6uf48,6uf48w
279,1,1,4,1,soja,20221107,20230308,121,6,6vnk,6vnk9,6vnk9q
30,121,6,141,1,soja,20241017,20250210,116,6,6ywv,6ywvn,6ywvn8
184,1,1,17,1,soja,20201214,20210323,99,6,6yx9,6yx9w,6yx9w9
483,1,1,4,1,soja,20241005,20250202,120,6,6twq,6twq4,6twq4k
390,1,7,3,1,soja,20231118,20240226,100,6,6uvp,6uvp6,6uvp6y
179,1,2,8,6,soja,20251223,20260325,92,7,7n84,7n844,7n844v
279,1,1,4,4,soja,20221114,20230201,79,6,6vnk,6vnk9,6vnk9q
52,1,107,4524,1,soja,20201102,20210315,133,6,6v19,6v19z,6v19ze
52,1,17,93,2,soja,20201106,20210317,131,6,6v18,6v18p,6v18pb
52,1,118,350,2,soja,20201106,20210401,146,6,6ucx,6ucxy,6ucxyx
52,1,103,4561,1,soja,20211125,20220414,140,6,6v1c,6v1cu,6v1cu3
1019,241,2,75,1,soja,20231005,20240201,119,6,6vn5,6vn5u,6vn5u8
466,1,1,17,1,soja,20241203,20250401,119,6,6yxb,6yxby,6yxbyu
1019,161,18,506,3,soja,20231024,20240323,151,6,6vz5,6vz5f,6vz5f2
1019,281,17,34,1,soja,20231202,20240410,130,6,6vx3,6vx3p,6vx3pb
350,1,35,4,113,soja,20221108,20230401,144,6,6vxn,6vxnx,6vxnxf
444,1,1,13,12,soja,20241223,20250502,130,6,6f4x,6f4xk,6f4xkt
127,1,2,60,2,soja,20251111,20260405,145,6,6vqb,6vqb8,6vqb8k
52,1,107,4527,1,soja,20201102,20210313,131,6,6v1c,6v1cb,6v1cbj
1022,1,5,50005,50005,soja,20221103,20230314,131,6,6vre,6vree,6vreej
52,1,84,712,2,soja,20201103,20210303,120,6,6v1b,6v1b2,6v1b2t
289,42,1,6,2,soja,20221123,20230323,120,6,6vz3,6vz35,6vz350
52,1,5,1002,1,soja,20201010,20210127,109,6,6v1b,6v1b8,6v1b85
51,1,5,2,1,soja,20200128,20200424,87,6,6vzh,6vzhe,6vzhef
30,61,3,331,1,soja,20211017,20220215,121,6,6yqz,6yqz0,6yqz0k
379,61,4001,200,4,soja,20231204,20240420,138,6,6gk6,6gk6k,6gk6k2
444,1,1,6,35,soja,20240213,20240606,114,6,6f4x,6f4xe,6f4xef
52,1,4,6,1,soja,20201021,20210220,122,6,6v18,6v18r,6v18rf
179,1,1,5,3,soja,20201202,20210305,93,7,7n84,7n846,7n846k
350,1,39,3,407,soja,20251129,20260419,141,6,6vxm,6vxmg,6vxmgu
350,1,35,3,203,soja,20231103,20240317,135,6,6vxq,6vxq3,6vxq3h
1019,141,8,45,1,soja,20231113,20240307,115,6,6yqw,6yqwy,6yqwyd
232,1,2,8,6,soja,20211026,20220201,98,6,6vbj,6vbj5,6vbj5w
1019,461,68,129,1,soja,20231107,20240201,86,6,6v88,6v885,6v885s
327,1,402,15,1,soja,20221016,20230214,121,6,6vrw,6vrw7,6vrw7y
52,1,57,618,2,soja,20201212,20210410,119,6,6ucz,6ucz9,6ucz91
52,1,17,90,3,soja,20221101,20230222,113,6,6ucz,6uczb,6uczbn
460,62,5,17,1,soja,20251018,20260126,100,6,6vxz,6vxz6,6vxz6y
52,1,55,605,2,soja,20211104,20220307,123,6,6v1b,6v1b1,6v1b1b
221,1,11,96,12,soja,20241014,20250301,138,6,6u09,6u094,6u0943
1019,461,68,143,1,soja,20231107,20240203,88,6,6v88,6v887,6v887y
392,61,20,32,1,soja,20250920,20260201,134,6,6gsm,6gsms,6gsms6
278,1,18,8,15,soja,20221208,20230412,125,6,6y7u,6y7u1,6y7u1t
221,41,24,4,24,soja,20231123,20240325,123,6,6u07,6u07d,6u07dp
27,1,1,301,2,soja,20231108,20240325,138,6,6vzt,6vztg,6vztg3
15,1,1,34,1,soja,20251205,20260411,127,6,6vx4,6vx4x,6vx4xm
52,1,13,71,3,soja,20211022,20220226,127,6,6ucx,6ucxr,6ucxr3
39,1,100,1318,1,soja,20231226,20240428,124,6,6dxh,6dxht,6dxhtp
52,1,84,709,2,soja,20201103,20210302,119,6,6v1b,6v1b2,6v1b2t
27,1,1,21,2,soja,20201120,20210412,143,6,6vzt,6vztr,6vztrj
232,1,1,3,1,soja,20211005,20220115,102,6,6vbt,6vbtm,6vbtmd
1019,181,44,112,2,soja,20241102,20250307,125,6,6vfg,6vfg1,6vfg1s
51,1,8,36,2,soja,20241015,20250206,114,6,6vzk,6vzk2,6vzk2g
52,1,15,423,2,soja,20201203,20210324,111,6,6ucz,6ucz8,6ucz8n
1019,181,44,14,1,soja,20231024,20240216,115,6,6vfe,6vfew,6vfew8
52,1,14,410,3,soja,20201109,20210309,120,6,6ucx,6ucxr,6ucxr8
392,41,21,11,2,soja,20241206,20250412,127,6,6ywk,6ywk2,6ywk25
350,1,39,3,401,soja,20251127,20260424,148,6,6vxm,6vxmg,6vxmgu
175,1,1,15,1,soja,20231116,20240318,123,6,6ym3,6ym33,6ym33z
275,41,501,6,1001,soja,20231111,20240419,160,6,6v5p,6v5p6,6v5p6q
42,42,18,267,1,soja,20231222,20240417,117,6,6yrs,6yrsq,6yrsqz
1019,543,11,1123,1,soja,20251125,20260322,117,6,6yk0,6yk0y,6yk0yp
315,1,1,11,12,soja,20221027,20230301,125,6,6vf8,6vf87,6vf87z
175,1,1,8,1,soja,20201030,20210325,146,6,6ym3,6ym3c,6ym3cg
52,1,102,5202,2,soja,20211202,20220413,132,6,6ucy,6ucyg,6ucygp
42,81,21,26,1,soja,20251120,20260328,128,6,6yy1,6yy11,6yy116
239,1,1,22,1,soja,20211002,20220206,127,6,6y11,6y11z,6y11z5
1019,543,11,204,1,soja,20251016,20260208,115,6,6yk1,6yk16,6yk16d
248,1,1,82,1,soja,20211022,20220301,130,6,6u0t,6u0td,6u0tdt
255,63,6,110,60,soja,20241024,20250310,137,6,6gbt,6gbt1,6gbt1e
27,1,1,49,5,soja,20201108,20210407,150,6,6vzw,6vzw5,6vzw56
1019,381,93,507,5,soja,20231005,20240119,106,6,6vxs,6vxsz,6vxsz8
439,1,2,21,2,soja,20241121,20250401,131,7,7h86,7h867,7h867g
52,1,13,76,3,soja,20211026,20220225,122,6,6ucx,6ucxp,6ucxpm
444,1,1,1,18,soja,20231205,20240503,150,6,6f4x,6f4xu,6f4xu4
444,1,1,4,26,soja,20231201,20240421,142,6,6f4x,6f4xu,6f4xuv
30,41,2,20,1,soja,20201201,20210401,121,6,6yx8,6yx8e,6yx8en
52,1,86,836,1,soja,20201127,20210322,115,6,6v1b,6v1bv,6v1bv2
42,42,18,269,1,soja,20231105,20240321,137,6,6yrs,6yrsz,6yrszm
42,42,18,269,1,soja,20231105,20240321,137,6,6yrs,6yrsz,6yrszm
27,1,1,11,2,soja,20201128,20210317,109,6,6vzt,6vztu,6vztug
239,1,1,44,4,soja,20211110,20220305,115,6,6y11,6y11q,6y11qg
1019,542,4,213,2,soja,20251020,20260309,140,6,6yrj,6yrjf,6yrjfv
127,1,1,55,3,soja,20201028,20210304,127,6,6vq8,6vq8w,6vq8w6
439,1,2,212,2,soja,20241120,20250328,128,7,7h86,7h867,7h867f
238,61,1,142,4,soja,20211202,20220329,117,6,6trt,6trt8,6trt8y
221,63,23,27,3,soja,20251203,20260312,99,6,6v1g,6v1gx,6v1gxk
1019,401,77,110,1,soja,20231004,20240117,105,6,6v82,6v82d,6v82dg
52,1,114,5684,2,soja,20211112,20220413,152,6,6ucy,6ucyv,6ucyvu
425,41,2,8,1,soja,20231023,20240214,114,6,6tmy,6tmyc,6tmycm
1019,381,93,222,2,soja,20231117,20240411,146,6,6vxk,6vxkw,6vxkw0
52,1,101,5107,3,soja,20201207,20210401,115,6,6ucx,6ucxh,6ucxht
400,1,11,5,1,soja,20241003,20250118,107,6,6tz8,6tz84,6tz84f
52,1,78,3407,3,soja,20201212,20210420,129,6,6ucw,6ucws,6ucwsg
52,1,54,603,2,soja,20211018,20220221,126,6,6v1b,6v1b1,6v1b13
232,1,3,2,2,soja,20210924,20220206,135,6,6tzz,6tzzq,6tzzq0
1019,421,74,121,1,soja,20231026,20240228,125,6,6tqz,6tqzv,6tqzv8
1019,421,74,121,1,soja,20231026,20240228,125,6,6tqz,6tqzv,6tqzv8
255,41,2,82,1,soja,20221005,20230222,140,6,6gbt,6gbt1,6gbt17
1019,141,8,70,1,soja,20231013,20240301,140,6,6yqz,6yqz2,6yqz21
1019,261,64,38,1,soja,20231205,20240320,106,6,6yrp,6yrpn,6yrpnr
240,1,1,31,1,soja,20221117,20230330,133,7,7nb3,7nb3w,7nb3w4
350,41,36,13,528,soja,20251127,20260313,106,6,6vzd,6vzdv,6vzdvw
436,83,6,84,1,soja,20251022,20260304,133,6,6vzm,6vzm3,6vzm3g
327,1,402,17,1,soja,20221014,20230213,122,6,6vrw,6vrw7,6vrw77
232,1,2,4,10,soja,20211108,20220219,103,6,6vbj,6vbjg,6vbjgb
52,1,4,1006,1,soja,20201022,20210222,123,6,6v18,6v18r,6v18ru
444,1,1,8,13,soja,20240103,20240528,146,6,6f4x,6f4xs,6f4xsm
52,1,8,81,3,soja,20201101,20210310,129,6,6v18,6v18n,6v18nk
10,1,1,92,1,soja,20231023,20240301,130,6,6tqt,6tqtf,6tqtfe
52,1,62,634,4,soja,20201112,20210330,138,6,6ucz,6ucz6,6ucz6g
1019,181,44,12,1,soja,20231024,20240216,115,6,6vfe,6vfeq,6vfeqx
52,1,102,5206,2,soja,20211201,20220413,133,6,6ucy,6ucyf,6ucyfq
350,1,39,1,408,soja,20251124,20260418,145,6,6vxm,6vxmu,6vxmun
30,61,4,421,1,soja,20221019,20230209,113,6,6ywb,6ywb8,6ywb8m
42,42,18,304,1,soja,20231207,20240403,118,6,6yrs,6yrsz,6yrszc
487,1,4,1,2,soja,20241202,20250301,89,6,6vqn,6vqne,6vqnex
10,1,1,119,1,soja,20231026,20240301,127,6,6tqt,6tqt9,6tqt9c
221,41,25,28,25,soja,20231120,20240320,121,6,6u07,6u07s,6u07sy
253,1,3,13,1,soja,20221203,20230326,113,6,6yrg,6yrgy,6yrgye
42,1,1102,194,1,soja,20231205,20240401,118,6,6yx8,6yx8s,6yx8sf
52,1,50,472,2,soja,20211201,20220409,129,6,6ucz,6ucz9,6ucz9d
367,61,1,10,2,soja,20241012,20250203,114,6,6v8m,6v8m2,6v8m2g
313,41,1,10,3,soja,20241122,20250402,131,6,6udv,6udvt,6udvt6
436,41,2,74,1,soja,20241023,20250228,128,6,6vz7,6vz7t,6vz7t9
27,1,1,18,5,soja,20201119,20210401,133,6,6vzt,6vztw,6vztwy
52,1,5,406,1,soja,20201029,20210222,116,6,6v1b,6v1b8,6v1b81
39,1,15,15140,7,soja,20231101,20240409,160,6,6dxh,6dxh7,6dxh7h
1019,381,93,206,2,soja,20240103,20240419,107,6,6vxk,6vxkq,6vxkqk
468,1,1,15,2,soja,20241107,20250308,121,6,6ykw,6ykwe,6ykwez
221,1,7,64,20,soja,20231221,20240403,104,6,6u02,6u02z,6u02z9
52,1,107,4533,1,soja,20211209,20220406,118,6,6v1f,6v1f0,6v1f00
51,1,8,35,2,soja,20241101,20250207,98,6,6vzk,6vzk2,6vzk2g
289,42,1,5,2,soja,20221101,20230313,132,6,6vz3,6vz35,6vz354
436,41,2,75,1,soja,20241118,20250227,101,6,6vz7,6vz7t,6vz7tk
221,61,16,223,8,soja,20231209,20240421,134,6,6v0c,6v0cx,6v0cxn
221,61,16,223,8,soja,20231209,20240421,134,6,6v0c,6v0cx,6v0cxn
335,1,1,4,1,soja,20251101,20260226,117,6,6tyw,6tyww,6tyww1
36,1,1,5,3,soja,20201026,20210225,122,6,6v8h,6v8hh,6v8hh1
278,1,18,1,17,soja,20241117,20250401,135,6,6y7u,6y7u3,6y7u3j
277,1,1,5,2,soja,20221114,20230328,134,6,6vz8,6vz86,6vz86u
1019,261,64,42,1,soja,20231111,20240329,139,6,6yrp,6yrpn,6yrpnd
401,1,1,16,9,soja,20231030,20240304,126,6,6zmq,6zmq8,6zmq8r
52,1,13,77,3,soja,20211024,20220223,122,6,6ucx,6ucxp,6ucxpm
52,1,33,303,1,soja,20211021,20220212,114,6,6v18,6v18n,6v18n3
1019,141,8,4,1,soja,20231024,20240209,108,6,6yqx,6yqxn,6yqxnh
253,1,3,1,2,soja,20221120,20230309,109,6,6yrg,6yrgq,6yrgqp
52,1,98,3706,4,soja,20201121,20210401,131,6,6ucw,6ucwz,6ucwzz
52,1,13,70,3,soja,20211022,20220301,130,6,6ucx,6ucxr,6ucxr0
1019,181,44,30,2,soja,20241107,20250213,98,6,6vfe,6vfer,6vfer6
315,1,1,5,6,soja,20221107,20230304,117,6,6vf9,6vf92,6vf92t
267,1,1,63,7,soja,20221020,20230227,130,6,6tw4,6tw4x,6tw4xk
52,1,97,1701,3,soja,20211104,20220315,131,6,6ucx,6ucxn,6ucxnq
350,1,35,3,405,soja,20231117,20240406,141,6,6vxq,6vxq3,6vxq3h
360,1,871802,127,584594602,soja,20240927,20250203,129,6,6y24,6y246,6y246v
10,1,1,40,1,soja,20231114,20240307,114,6,6tqw,6tqw1,6tqw1f
1019,381,93,522,5,soja,20231110,20240314,125,6,6vxs,6vxsz,6vxszk
382,1,5,2,4,soja,20251028,20260217,112,6,6ug5,6ug5s,6ug5sq
52,1,86,855,1,soja,20251127,20260401,125,6,6v1b,6v1bv,6v1bv0
232,1,3,1,9,soja,20211019,20220203,107,6,6tzy,6tzyk,6tzykt
402,1,2,2,1,soja,20231009,20240205,119,6,6twk,6twk9,6twk97
175,62,2,14,1,soja,20211018,20220212,117,6,6yk9,6yk9s,6yk9s1
221,1,2,13,1,soja,20211014,20220213,122,6,6u02,6u02w,6u02w0
1019,101,6,41,1,soja,20231030,20240122,84,6,6uf0,6uf0z,6uf0zj
1019,341,23,30,1,soja,20231207,20240325,109,6,6yrs,6yrsb,6yrsb3
267,1,1,6,8,soja,20220930,20230119,111,6,6tw4,6tw4r,6tw4r6
42,81,21,11,1,soja,20251113,20260311,118,6,6yy1,6yy10,6yy10y
444,1,1,16,6,soja,20240106,20240601,147,6,6f4x,6f4xs,6f4xs2
1019,341,23,10,1,soja,20231227,20240416,111,6,6yrs,6yrs1,6yrs18
436,1,1,14,1,soja,20241116,20250205,81,6,6vzm,6vzmx,6vzmxg
1019,301,10,12,1,soja,20231118,20240412,146,6,6vx5,6vx5y,6vx5yw
466,1,1,18,1,soja,20241206,20250402,117,6,6yxc,6yxcn,6yxcnb
382,42,4,23,2,soja,20241031,20250304,124,6,6v5q,6v5q0,6v5q0s
52,1,62,639,4,soja,20201114,20210314,120,6,6ucz,6ucz6,6ucz64
267,1,1,13,5,soja,20221003,20230127,116,6,6tw4,6tw4x,6tw4xg
278,1,18,4,16,soja,20241024,20250203,102,6,6y7s,6y7sq,6y7sqz
10,161,5,70,3,soja,20231108,20240406,150,6,6tys,6tysb,6tysbk
15,41,2,57,3,soja,20221117,20230426,160,6,6vxy,6vxyj,6vxyj0
52,1,78,3403,3,soja,20201214,20210412,119,6,6ucw,6ucws,6ucwsh
27,1,1,45,5,soja,20201110,20210326,136,6,6vzt,6vztf,6vztfx
52,1,10,33,3,soja,20201203,20210411,129,6,6ucx,6ucxv,6ucxv9
209,1,6,133,6,soja,20221123,20230309,106,6,6uu4,6uu4s,6uu4sg
253,1,1,11,8,soja,20221201,20230413,133,6,6yrf,6yrfq,6yrfqw
466,1,1,17,1,soja,20241203,20250401,119,6,6yxb,6yxby,6yxbyu
52,1,105,4506,1,soja,20201020,20210304,135,6,6v18,6v18w,6v18w7
221,41,25,54,25,soja,20231028,20240302,126,6,6u07,6u07w,6u07wr
1019,281,17,168,1,soja,20251024,20260212,111,6,6vx2,6vx2w,6vx2wm
299,1,7,2,1,soja,20221027,20230222,118,6,6y22,6y22p,6y22p3
175,1,1,87,3,soja,20211022,20220301,130,6,6ym3,6ym3d,6ym3dd
327,1,402,12,1,soja,20221025,20230222,120,6,6vrw,6vrwk,6vrwkj
179,1,1,16,1,soja,20201104,20210322,138,7,7n84,7n847,7n847n
1019,261,64,210,1,soja,20241101,20250318,137,6,6yx0,6yx0m,6yx0mq
1019,261,64,210,1,soja,20241101,20250318,137,6,6yx0,6yx0m,6yx0mq
221,63,22,10,2,soja,20231227,20240409,104,6,6v1g,6v1gx,6v1gxf
278,1,18,4,3,soja,20231014,20240207,116,6,6y7s,6y7sq,6y7sqz
350,1,35,3,105,soja,20221118,20230330,132,6,6vxq,6vxq3,6vxq3h
182,41,29,14,1,soja,20211117,20220301,104,6,6vzp,6vzp8,6vzp8h
401,1,1,9,9,soja,20231128,20240312,105,6,6zmq,6zmq8,6zmq8n
1019,401,77,119,1,soja,20230916,20240121,127,6,6v82,6v826,6v8267
1019,181,44,209,2,soja,20241110,20250317,127,6,6vfu,6vfu4,6vfu4b
444,1,1,6,13,soja,20240104,20240526,143,6,6f4x,6f4xe,6f4xef
350,1,35,3,410,soja,20231216,20240416,122,6,6vxq,6vxq3,6vxq3h
52,1,101,5107,3,soja,20201207,20210401,115,6,6ucx,6ucxh,6ucxht
52,1,86,826,1,soja,20201201,20210319,108,6,6v1b,6v1bu,6v1buc
275,41,500,25,1000,soja,20241105,20250314,129,6,6v5p,6v5p4,6v5p4k
232,1,3,4,6,soja,20211023,20220214,114,6,6tzz,6tzzk,6tzzkf
444,1,1,4,12,soja,20250102,20250503,121,6,6f4x,6f4xu,6f4xuv
52,1,4,1,2,soja,20201022,20210306,135,6,6v18,6v18n,6v18ny
182,161,1,5,3,soja,20251104,20260303,119,6,6vxk,6vxk4,6vxk4r
278,1,18,9,3,soja,20231001,20240115,106,6,6y7v,6y7v2,6y7v2h
27,1,1,23,4,soja,20201125,20210416,142,6,6vzt,6vztx,6vztxr
27,1,1,23,4,soja,20201125,20210416,142,6,6vzt,6vztx,6vztxr
179,1,1,26,1,soja,20201101,20210408,158,7,7n84,7n841,7n841y
267,61,1,12,1,soja,20240104,20240414,101,6,6tjw,6tjw3,6tjw38
436,83,6,118,1,soja,20251201,20260310,99,6,6vzm,6vzm0,6vzm0v
238,61,1,137,4,soja,20211113,20220314,121,6,6trt,6trt8,6trt8d
175,1,1,6,1,soja,20201113,20210314,121,6,6ym3,6ym3c,6ym3cg
221,41,25,103,25,soja,20231207,20240321,105,6,6u07,6u07e,6u07e6
256,1,1,6,1,soja,20211102,20220203,93,6,6vcq,6vcqj,6vcqjn
275,1,100,22,1,soja,20231015,20240228,136,6,6ugs,6ugsu,6ugsuf
275,41,500,20,1000,soja,20231204,20240329,116,6,6v5n,6v5ng,6v5ng7
315,61,3,10,11,soja,20231107,20240324,138,6,6vfr,6vfrw,6vfrwh
1019,181,44,1,2,soja,20241013,20250125,104,6,6vfe,6vfej,6vfejc
350,1,35,4,407,soja,20231117,20240409,144,6,6vxn,6vxnx,6vxnxf
1019,421,74,149,1,soja,20230927,20240106,101,6,6tqz,6tqzh,6tqzhq
436,1,1,16,1,soja,20241113,20250201,80,6,6vzm,6vzmq,6vzmqx
400,1,10,7,1,soja,20241103,20250221,110,6,6txj,6txjn,6txjnt
327,41,401,5,4,soja,20231226,20240409,105,6,6yrf,6yrfh,6yrfhf
42,102,61,16,1,soja,20251205,20260323,108,6,6yrh,6yrhc,6yrhch
1019,381,93,333,3,soja,20241123,20250306,103,6,6vxm,6vxmr,6vxmr2
177,1,101,4,1,soja,20201124,20210401,128,6,6vz0,6vz0j,6vz0jv
1019,1,72,106,1,soja,20231026,20240120,86,6,6tw0,6tw0k,6tw0kk
1019,543,11,1207,1,soja,20251020,20260218,121,6,6yk1,6yk11,6yk11b
1019,221,39,208,1,soja,20241102,20250311,129,6,6tzy,6tzy8,6tzy8g
487,1,1,9,1,soja,20241025,20250215,113,6,6vqr,6vqr6,6vqr62
52,1,113,5653,4,soja,20201128,20210415,138,6,6ucy,6ucyc,6ucyc6
35,7,5,2,1,soja,20231001,20240109,100,6,6tw1,6tw1f,6tw1f5
52,1,15,425,3,soja,20221105,20230308,123,6,6ucx,6ucxx,6ucxxt
52,1,5,407,1,soja,20201029,20210225,119,6,6v18,6v18x,6v18xu
42,1,1102,120,1,soja,20231218,20240316,89,6,6yx8,6yx8s,6yx8sk
42,1,1102,117,1,soja,20221201,20230327,116,6,6yxb,6yxb2,6yxb2p
1019,461,68,154,1,soja,20230929,20240130,123,6,6v2x,6v2xe,6v2xey
466,1,1,33,1,soja,20241206,20250324,108,6,6yxc,6yxcp,6yxcpb
284,1,1,7,1,soja,20221105,20230401,147,7,7h0x,7h0x4,7h0x4b
1019,181,44,22,2,soja,20241022,20250206,107,6,6vfe,6vfen,6vfend
52,1,114,5679,4,soja,20201207,20210408,122,6,6ucz,6uczj,6uczj2
175,1,1,72,1,soja,20231118,20240315,118,6,6ym3,6ym3d,6ym3d6
52,1,77,3301,1,soja,20211005,20220202,120,6,6v18,6v18m,6v18m0
1019,161,18,231,1,soja,20231104,20240321,138,6,6vzm,6vzm8,6vzm8p
10,101,2,4,1,soja,20201026,20210226,123,6,6trh,6trh3,6trh3w
39,1,200,130,1,soja,20231201,20240505,156,6,6dzg,6dzgn,6dzgnu
1019,361,22,124,1,soja,20250102,20250501,119,6,6ype,6ypeu,6ypeu7
279,1,1,1,1,soja,20221106,20230301,115,6,6vnk,6vnkd,6vnkdn
42,61,20,25,1,soja,20241119,20250302,103,7,7n8d,7n8d4,7n8d46
42,61,20,25,1,soja,20241119,20250302,103,7,7n8d,7n8d4,7n8d46
315,1,1,3,21,soja,20241016,20250209,116,6,6vg1,6vg1q,6vg1qf
1019,241,2,315,3,soja,20231204,20240401,119,6,6vph,6vph3,6vph34
179,1,1,14,1,soja,20201102,20210321,139,7,7n84,7n84d,7n84df
239,41,4,17,1,soja,20221022,20230222,123,6,6y02,6y02u,6y02uk
51,1,5,10,1,soja,20200113,20200411,89,6,6vzh,6vzht,6vzhts
400,1,10,6,1,soja,20241024,20250219,118,6,6txj,6txjq,6txjq8
4,2,2,5,4,soja,20201026,20210211,108,6,6vb6,6vb69,6vb696
232,1,2,6,7,soja,20211020,20220211,114,6,6vbj,6vbjd,6vbjdy
444,1,1,2,23,soja,20231212,20240514,154,6,6f4x,6f4xe,6f4xev
221,1,1,3,22,soja,20231005,20240205,123,6,6u02,6u02r,6u02ry
221,1,1,3,22,soja,20231005,20240205,123,6,6u02,6u02r,6u02ry
350,1,39,4,408,soja,20251110,20260416,157,6,6vxm,6vxmu,6vxmuv
267,61,1,13,1,soja,20240105,20240414,100,6,6tjw,6tjw3,6tjw39
1019,543,11,314,2,soja,20251101,20260307,126,6,6yk0,6yk0h,6yk0h6
392,1,15,16,1,soja,20231118,20240310,113,6,6yrn,6yrn4,6yrn40
379,41,5001,4,1,soja,20231013,20240216,126,6,6vx9,6vx9g,6vx9gw
350,1,39,2,409,soja,20251127,20260419,143,6,6vxm,6vxmu,6vxmud
1019,101,6,39,1,soja,20231030,20240122,84,6,6uf0,6uf0y,6uf0yu
353,41,1,13,2,soja,20241008,20250126,110,6,6tv2,6tv20,6tv20j
177,61,5,6,1,soja,20221103,20230303,120,6,6ywb,6ywbr,6ywbrx
267,1,1,51,7,soja,20221003,20230222,142,6,6tw4,6tw4r,6tw4rp
444,1,1,15,12,soja,20250125,20250507,102,6,6f4x,6f4xs,6f4xsw
179,1,1,19,2,soja,20201202,20210416,135,7,7n84,7n847,7n847w
1019,81,83,134,1,soja,20230921,20240119,120,6,6udt,6udt6,6udt6u
52,1,94,1403,3,soja,20201210,20210406,117,6,6ucw,6ucwt,6ucwtm
177,1,101,24,1,soja,20231005,20240123,110,6,6vz0,6vz0j,6vz0jz
1019,141,8,6,1,soja,20231012,20240209,120,6,6yqx,6yqxn,6yqxn0
379,61,4001,221,4,soja,20231125,20240410,137,6,6gk6,6gk6h,6gk6hx
51,1,1,3,1,soja,20201024,20210301,128,6,6vz4,6vz4e,6vz4e3
239,1,1,20,1,soja,20211010,20220224,137,6,6y11,6y11y,6y11ye
39,1,100,14168,1,soja,20221107,20230415,159,6,6dxh,6dxh7,6dxh7g
52,1,33,302,2,soja,20201102,20210310,128,6,6v18,6v18n,6v18n1
367,61,1,14,2,soja,20241017,20250214,120,6,6v8m,6v8m0,6v8m0w
52,1,57,612,2,soja,20201209,20210406,118,6,6ucz,6uczb,6uczbb
1019,181,44,3339,2,soja,20241023,20250219,119,6,6vfg,6vfg2,6vfg2x
239,1,1,21,1,soja,20211001,20220118,109,6,6y11,6y11z,6y11zn
350,1,35,2,110,soja,20221104,20230326,142,6,6vxq,6vxq2,6vxq2d
42,41,1117,254,1,soja,20231121,20240316,116,6,6yrt,6yrt4,6yrt4k
52,1,86,829,1,soja,20211106,20220226,112,6,6v1b,6v1bs,6v1bst
1019,201,62,149,2,soja,20231021,20240111,82,6,6tx2,6tx22,6tx22u
278,1,18,13,6,soja,20221212,20230516,155,6,6y7s,6y7sz,6y7szf
42,103,59,21,1,soja,20251125,20260414,140,6,6yrw,6yrw2,6yrw21
42,103,59,21,1,soja,20251125,20260414,140,6,6yrw,6yrw2,6yrw21
221,41,25,85,25,soja,20231102,20240303,122,6,6u07,6u07m,6u07mt
379,61,4001,225,4,soja,20231204,20240421,139,6,6gk6,6gk6k,6gk6k9
1019,81,83,101,1,soja,20231026,20240127,93,6,6udt,6udt4,6udt4m
324,1,1,17,1,soja,20221108,20230329,141,6,6urt,6urt8,6urt86
487,1,2,1,4,soja,20241203,20250403,121,6,6vqn,6vqnt,6vqntu
329,1,1,1051,3,soja,20231129,20240403,126,6,6ytj,6ytjb,6ytjbq
239,1,1,25,1,soja,20211013,20220208,118,6,6y11,6y11w,6y11wy
361,41,2,403,2,soja,20241116,20250320,124,6,6vxd,6vxd3,6vxd35
52,1,86,846,1,soja,20201125,20210421,147,6,6v1c,6v1cj,6v1cj8
51,1,8,3,1,soja,20201219,20210414,116,6,6vzh,6vzhp,6vzhpw
460,63,8,8,1,soja,20251103,20260408,156,6,6vrw,6vrw2,6vrw2v
1022,1,5,36,36,soja,20211106,20220308,122,6,6vre,6vreg,6vregr
52,1,996,2900,4,soja,20201013,20210209,119,6,6ufp,6ufp3,6ufp3g
1019,421,74,129,1,soja,20231001,20240119,110,6,6tqz,6tqzt,6tqztg
52,1,4,3,1,soja,20201019,20210219,123,6,6v18,6v18p,6v18pr
221,41,24,2,24,soja,20231129,20240311,103,6,6u07,6u07d,6u07dj
350,1,35,3,120,soja,20221125,20230411,137,6,6vxq,6vxq3,6vxq3h
444,1,1,19,24,soja,20251121,20260415,145,6,6f4x,6f4xs,6f4xsw
359,1,1,31,1,soja,20221212,20230403,112,7,7n8j,7n8j5,7n8j57
425,41,2,13,2,soja,20230923,20240118,117,6,6tmy,6tmyc,6tmycd
232,1,2,2,13,soja,20211025,20220219,117,6,6vbj,6vbju,6vbju3
177,1,101,14,1,soja,20231023,20240213,113,6,6vz0,6vz0j,6vz0jq
52,1,62,633,4,soja,20201111,20210318,127,6,6ucz,6ucz6,6ucz6t
52,1,105,4505,1,soja,20201020,20210303,134,6,6v18,6v18w,6v18w6
293,1,100,128,1,soja,20221006,20230228,145,6,6u08,6u086,6u086k
253,1,1,16,2,soja,20211111,20220320,129,6,6yrd,6yrdx,6yrdx0
52,1,9,85,1,soja,20201023,20210301,129,6,6v18,6v18q,6v18qe
52,1,100,4901,3,soja,20211107,20220225,110,6,6ucx,6ucxw,6ucxw7
52,1,10,31,3,soja,20201128,20210324,116,6,6ucx,6ucxt,6ucxtw
436,83,6,108,2,soja,20251024,20260308,135,6,6vzk,6vzkd,6vzkdb
15,1,1,11,2,soja,20241106,20250306,120,6,6vx7,6vx70,6vx706
221,41,25,94,25,soja,20231120,20240312,113,6,6u07,6u07k,6u07kw
361,1,1,339,1,soja,20230503,20230914,134,6,6vus,6vusv,6vusvb
221,1,2,13,11,soja,20211020,20220219,122,6,6u02,6u02w,6u02w0
221,1,2,13,11,soja,20211020,20220219,122,6,6u02,6u02w,6u02w0
1019,241,2,64,1,soja,20231009,20240214,128,6,6vn5,6vn57,6vn57q
42,42,18,316,1,soja,20231205,20240415,132,6,6yrs,6yrsq,6yrsqs
52,1,86,826,1,soja,20201201,20210319,108,6,6v1b,6v1bu,6v1buc
436,81,4,93,3,soja,20251003,20260130,119,6,6yxf,6yxfm,6yxfmu
42,81,21,16,1,soja,20251118,20260321,123,6,6yy1,6yy13,6yy137
10,1,1,247,1,soja,20231004,20240114,102,6,6tqm,6tqmw,6tqmw0
175,1,1,41,1,soja,20231117,20240309,113,6,6ym3,6ym3d,6ym3d0
277,1,1,9,1,soja,20221206,20230325,109,6,6vz8,6vz86,6vz86z
42,102,61,10,1,soja,20251204,20260222,80,6,6yrh,6yrh9,6yrh90
52,1,113,5653,4,soja,20201128,20210415,138,6,6ucy,6ucyc,6ucyc6
444,1,1,7,13,soja,20240104,20240526,143,6,6f4x,6f4xs,6f4xs7
1019,381,93,531,5,soja,20231030,20240314,136,6,6vxs,6vxsy,6vxsyy
27,1,1,25,4,soja,20201125,20210418,144,6,6vzt,6vztx,6vztxv
27,1,1,25,4,soja,20201125,20210418,144,6,6vzt,6vztx,6vztxv
267,1,1,56,7,soja,20220926,20230116,112,6,6tw4,6tw4z,6tw4zc
352,1,1,1,1,soja,20231215,20240413,120,7,7h0w,7h0wq,7h0wqr
402,1,3,6,1,soja,20231023,20240217,117,6,6ttv,6ttvr,6ttvre
51,1,8,25,2,soja,20241111,20250205,86,6,6vzk,6vzk1,6vzk1p
42,1,1102,166,1,soja,20231219,20240407,110,6,6yxb,6yxb2,6yxb2x
1019,341,23,23,1,soja,20231120,20240401,133,6,6yrs,6yrs6,6yrs6c
30,41,2,254,1,soja,20231213,20240403,112,6,6yx8,6yx84,6yx84x
426,1,1,7,1,soja,20231209,20240312,94,7,7n85,7n854,7n8545
315,1,1,2,11,soja,20221025,20230221,119,6,6vg1,6vg1q,6vg1qu
175,1,1,90,1,soja,20231120,20240318,119,6,6ym3,6ym3d,6ym3de
10,1,1,101,1,soja,20231012,20240203,114,6,6tqt,6tqt8,6tqt8g
175,62,2,54,2,soja,20211028,20220207,102,6,6yk9,6yk9s,6yk9s0
1019,161,18,114,2,soja,20231011,20240223,135,6,6vzt,6vzt1,6vzt14
1019,1,72,114,1,soja,20231026,20240216,113,6,6tw0,6tw0t,6tw0th
127,1,1,54,1,soja,20231027,20240302,127,6,6vq8,6vq8w,6vq8w7
278,1,18,6,5,soja,20221208,20230417,130,6,6y7u,6y7u8,6y7u8e
240,1,1,5,1,soja,20240103,20240420,108,7,7nb3,7nb3m,7nb3m5
15,1,1,2,1,soja,20251204,20260415,132,6,6vx7,6vx7h,6vx7hs
1019,543,11,113,1,soja,20251106,20260307,121,6,6yk0,6yk0t,6yk0t9
52,1,13,78,3,soja,20211024,20220220,119,6,6ucx,6ucxp,6ucxpt
52,1,52,3201,2,soja,20221201,20230403,123,6,6ucz,6ucz1,6ucz11
39,1,100,14169,1,soja,20221107,20230416,160,6,6dxh,6dxhk,6dxhk5
52,1,99,4001,1,soja,20201120,20210410,141,6,6v1c,6v1cq,6v1cqp
1019,441,70,126,1,soja,20231016,20240125,101,6,6wpb,6wpbn,6wpbnu
1022,1,25,126,126,soja,20220927,20230119,114,6,6vru,6vruu,6vruu5
275,1,100,18,1,soja,20231001,20240124,115,6,6ugs,6ugse,6ugseb
248,1,1,15,1,soja,20211025,20220225,123,6,6u0t,6u0td,6u0td8
359,1,1,16,1,soja,20221129,20230402,124,7,7n8j,7n8jk,7n8jke
267,1,1,12,8,soja,20221007,20230222,138,6,6tw4,6tw4x,6tw4xf
10,1,1,138,1,soja,20231122,20240302,101,6,6tqw,6tqw1,6tqw1f
52,1,10,30,3,soja,20201126,20210324,118,6,6ucx,6ucxt,6ucxtg
27,1,1,24,3,soja,20201126,20210417,142,6,6vzt,6vztm,6vztms
27,1,1,24,3,soja,20201126,20210417,142,6,6vzt,6vztm,6vztms
323,41,44940,13,1,soja,20221027,20230305,129,6,6udq,6udqj,6udqj4
221,41,25,100,25,soja,20231206,20240323,108,6,6u07,6u07k,6u07kp
30,41,2,15,1,soja,20210101,20210410,99,6,6yx9,6yx95,6yx956
323,1,5553,5,1,soja,20221017,20230302,136,6,6udw,6udwh,6udwhy
52,1,996,2901,4,soja,20201013,20210204,114,6,6ufp,6ufp3,6ufp32
402,1,3,7,1,soja,20231027,20240226,122,6,6ttv,6ttvr,6ttvry
51,1,11,10,6,soja,20241120,20250402,133,6,6ype,6ypef,6ypefw
176,41,7,706,1,soja,20221124,20230307,103,6,6vdu,6vdug,6vdug1
1019,421,74,102,1,soja,20231012,20240208,119,6,6tqz,6tqzs,6tqzsw
360,1,871802,54,1683602,soja,20231010,20240207,120,6,6y21,6y21c,6y21cz
466,1,1,2,1,soja,20241116,20250315,119,7,7n81,7n812,7n812t
466,1,1,2,1,soja,20241116,20250315,119,7,7n81,7n812,7n812t
466,1,1,2,1,soja,20241116,20250315,119,7,7n81,7n812,7n812t
359,1,1,34,1,soja,20221111,20230403,143,7,7n8j,7n8jk,7n8jk8
36,1,1,13,3,soja,20201113,20210223,102,6,6v85,6v85g,6v85gh
52,1,6,21,2,soja,20201105,20210310,125,6,6v18,6v18p,6v18pw
444,1,1,5,6,soja,20240105,20240601,148,6,6f4x,6f4xv,6f4xvj
232,1,2,5,9,soja,20211016,20220122,98,6,6vbj,6vbjd,6vbjd6
379,41,5001,2,1,soja,20231019,20240301,134,6,6vx9,6vx9g,6vx9gh
221,1,11,101,12,soja,20231108,20240310,123,6,6u09,6u094,6u094t
1019,401,77,206,2,soja,20231206,20240309,94,6,6try,6tryn,6trynf
52,1,5,401,1,soja,20201027,20210225,121,6,6v18,6v18r,6v18rr
1019,441,70,159,1,soja,20231103,20240208,97,6,6y00,6y009,6y0097
275,41,500,3,1000,soja,20231118,20240321,124,6,6v5n,6v5nf,6v5nfg
1019,441,70,147,2,soja,20241107,20250219,104,6,6wpb,6wpbx,6wpbxu
52,1,17,97,3,soja,20221103,20230221,110,6,6ucx,6ucxz,6ucxzz
361,1,1,319,1,soja,20230506,20230816,102,6,6vus,6vust,6vustt
52,1,996,2913,2,soja,20221022,20230317,146,6,6ufp,6ufp6,6ufp6v
52,1,51,484,4,soja,20201118,20210409,142,6,6ucz,6ucz0,6ucz0q
253,1,1,6,4,soja,20211120,20220310,110,6,6yrf,6yrfq,6yrfq4
221,41,25,34,25,soja,20231201,20240322,112,6,6u07,6u07v,6u07v1
39,1,100,14146,1,soja,20231209,20240419,132,6,6dxh,6dxh7,6dxh77
127,1,1,51,1,soja,20231124,20240301,98,6,6vq8,6vq8w,6vq8ww
176,41,4,402,1,soja,20221117,20230311,114,6,6vdu,6vdu9,6vdu96
282,1,1,93,2,soja,20220929,20230204,128,6,6vn7,6vn70,6vn703
1019,441,70,2342,3,soja,20241027,20250226,122,6,6wpc,6wpcj,6wpcjp
1019,101,6,34,1,soja,20241013,20250214,124,6,6uf0,6uf07,6uf072
52,1,18,443,2,soja,20201114,20210411,148,6,6ucz,6uczc,6uczch
27,1,1,261,1,soja,20221116,20230401,136,6,6vzt,6vzt7,6vzt7y
221,61,16,222,8,soja,20231209,20240325,107,6,6v0c,6v0cw,6v0cwv
350,41,36,35,547,soja,20251128,20260401,124,6,6vze,6vzen,6vzenj
52,1,996,2906,4,soja,20201013,20210202,112,6,6ufp,6ufp3,6ufp33
182,161,30,3,1,soja,20251127,20260323,116,6,6vx7,6vx7s,6vx7sk
1019,341,23,55,3,soja,20251121,20260407,137,6,6yre,6yrem,6yremd
436,81,4,77,1,soja,20251103,20260302,119,6,6yxf,6yxfy,6yxfy4
324,1,1,45,1,soja,20241204,20250308,94,6,6urm,6urmz,6urmz4
1022,1,5,26,26,soja,20241029,20250126,89,6,6vre,6vree,6vree3
1019,281,17,136,1,soja,20251203,20260311,98,6,6vx3,6vx3p,6vx3pj
239,1,1,6,1,soja,20211019,20220116,89,6,6y11,6y11v,6y11ve
253,1,1,2,8,soja,20221201,20230401,121,6,6yrf,6yrf0,6yrf07
36,1,2,2,1,soja,20201024,20210306,133,6,6v85,6v85u,6v85um
444,1,1,1,22,soja,20241221,20250429,129,6,6f4x,6f4xu,6f4xu4
392,41,21,10,3,soja,20251206,20260428,143,6,6ywk,6ywk8,6ywk8x
42,1,1102,164,1,soja,20231124,20240322,119,6,6yrx,6yrxz,6yrxzj
315,1,1,1,13,soja,20221103,20230301,118,6,6vf8,6vf8n,6vf8ne
30,81,4,283,1,soja,20221119,20230301,102,6,6ywc,6ywc5,6ywc5u
39,1,100,1427,1,soja,20241030,20250403,155,6,6dxh,6dxhs,6dxhs3
374,1,1,12,10,soja,20251123,20260325,122,6,6yxd,6yxdb,6yxdb1
52,1,107,4532,1,soja,20211207,20220408,122,6,6v1f,6v1f0,6v1f09
444,1,1,7,21,soja,20241122,20250428,157,6,6f4x,6f4xs,6f4xs7
392,41,21,6,1,soja,20241103,20250303,120,6,6ywk,6ywkb,6ywkb3
52,1,996,2911,4,soja,20201013,20210208,118,6,6ufp,6ufp6,6ufp6j
1019,81,83,132,1,soja,20241101,20250308,127,6,6udt,6udt6,6udt6u
425,1,1,3,1,soja,20231205,20240502,149,7,7n81,7n819,7n8195
1019,81,83,241,1,soja,20241013,20250301,139,6,6udt,6udtg,6udtgj
278,1,18,9,6,soja,20221114,20230415,152,6,6y7v,6y7v2,6y7v2h
1019,261,64,57,1,soja,20241101,20250317,136,6,6yx0,6yx0q,6yx0q0
315,61,3,6,11,soja,20231116,20240214,90,6,6vfr,6vfrt,6vfrt3
444,1,1,5,2,soja,20241123,20250425,153,6,6f4x,6f4xv,6f4xvj
52,1,102,5208,2,soja,20211127,20220404,128,6,6ucy,6ucyf,6ucyfk
52,1,14,417,3,soja,20201120,20210312,112,6,6ucx,6ucxr,6ucxr7
279,1,1,5,1,soja,20220425,20220826,123,6,6vnk,6vnk9,6vnk9p
331,41,1,24,1,soja,20221023,20230305,133,6,6gcw,6gcwn,6gcwnp
52,1,102,5201,2,soja,20211125,20220412,138,6,6ucy,6ucyg,6ucygq
10,101,2,22,2,soja,20201102,20210312,130,6,6trh,6trh9,6trh94
400,1,11,2,1,soja,20240929,20250115,108,6,6tz8,6tz85,6tz85s
444,1,1,8,26,soja,20231201,20240425,146,6,6f4x,6f4xs,6f4xsm
256,1,1,8,1,soja,20211113,20220211,90,6,6vcq,6vcqj,6vcqj7
278,1,18,6,3,soja,20231023,20240218,118,6,6y7u,6y7u8,6y7u8e
179,1,1,11,1,soja,20201216,20210401,106,7,7n84,7n846,7n846s
1019,201,62,7,1,soja,20230914,20240108,116,6,6tx0,6tx0j,6tx0j4
350,41,36,3,515,soja,20251016,20260323,158,6,6vzd,6vzds,6vzdsy
52,1,50,472,2,soja,20211201,20220409,129,6,6ucz,6ucz9,6ucz9d
127,1,1,16,1,soja,20201026,20210303,128,6,6vq8,6vq8t,6vq8tg
315,1,1,1,12,soja,20221117,20230310,113,6,6vf8,6vf8n,6vf8ne
1019,321,46,104,1,soja,20231105,20240301,117,6,6vxm,6vxmm,6vxmmq
283,1,1,20,1,soja,20221026,20230306,131,6,6ucn,6ucnn,6ucnns
232,1,3,2,8,soja,20211018,20220203,108,6,6tzz,6tzzq,6tzzq0
1019,441,70,102,1,soja,20231011,20240129,110,6,6wpb,6wpbk,6wpbk8
1019,181,44,11,2,soja,20241021,20250203,105,6,6vfe,6vfeq,6vfeqg
253,1,3,26,3,soja,20211127,20220329,122,6,6yru,6yruj,6yrujv
1019,281,17,152,1,soja,20251203,20260501,149,6,6vx2,6vx2y,6vx2y7
179,1,1,8,1,soja,20201124,20210406,133,7,7n84,7n841,7n841x
350,1,38,3,201,soja,20251119,20260407,139,6,6vxm,6vxmf,6vxmfm
1019,381,93,518,5,soja,20231003,20240112,101,6,6vxs,6vxsz,6vxsz2
52,1,7,20,1,soja,20211019,20220202,106,6,6v18,6v18n,6v18nn
1019,181,44,62,2,soja,20241103,20250302,119,6,6vfu,6vfu0,6vfu0s
436,41,2,110,1,soja,20241129,20250305,96,6,6vzk,6vzkr,6vzkr2
320,1,1,6,1,soja,20221013,20230228,138,7,7h0w,7h0ws,7h0wsm
278,1,18,3,17,soja,20241106,20250318,132,6,6y7g,6y7gc,6y7gce
403,1,4,4,2,soja,20240505,20240916,134,6,6yhe,6yhe3,6yhe39
1019,221,39,207,1,soja,20241102,20250304,122,6,6tzy,6tzy8,6tzy89
51,1,12,3,5,soja,20240110,20240331,81,6,6vzq,6vzq1,6vzq14
1019,221,39,116,1,soja,20231009,20240120,103,6,6tzv,6tzvq,6tzvqv
1019,221,39,116,1,soja,20231009,20240120,103,6,6tzv,6tzvq,6tzvqv
221,41,25,68,25,soja,20231025,20240301,128,6,6u07,6u07q,6u07qs
221,41,25,68,25,soja,20231025,20240301,128,6,6u07,6u07q,6u07qs
1019,161,18,202,1,soja,20231218,20240402,106,6,6vzm,6vzm8,6vzm8t
400,1,2,6,1,soja,20241017,20250210,116,6,6tz8,6tz89,6tz89y
315,1,1,2,6,soja,20221104,20230304,120,6,6vg1,6vg1q,6vg1qu
360,81,6925497002,6925626602,1,soja,20241106,20250301,115,6,6v0e,6v0ee,6v0eet
52,1,86,852,1,soja,20221105,20230403,149,6,6v1c,6v1cn,6v1cne
1019,81,83,102,1,soja,20231002,20240124,114,6,6udt,6udt5,6udt5n
253,1,1,7,5,soja,20211119,20220309,110,6,6yrf,6yrf0,6yrf0r
1019,543,11,1303,1,soja,20251106,20260301,115,6,6yk0,6yk05,6yk05r
24,1,2001,218,1,soja,20201028,20210303,126,6,6ug7,6ug7r,6ug7rr
232,1,1,3,5,soja,20211014,20220126,104,6,6vbt,6vbtm,6vbtmd
221,61,16,230,8,soja,20231129,20240325,117,6,6v0c,6v0cw,6v0cwy
1019,1,72,129,1,soja,20231002,20240127,117,6,6tw0,6tw0e,6tw0ef
400,1,2,3,1,soja,20241019,20250219,123,6,6tz8,6tz8c,6tz8cb
392,61,20,25,1,soja,20250919,20260204,138,6,6gsm,6gsmk,6gsmkt
42,1,1102,101,1,soja,20231120,20240330,131,6,6yxb,6yxb6,6yxb6f
390,1,7,2,2,soja,20231123,20240401,130,6,6uvp,6uvp6,6uvp6v
299,1,6,7,1,soja,20221014,20230205,114,6,6y0x,6y0xb,6y0xb4
1019,101,6,1,1,soja,20231028,20240211,106,6,6uf0,6uf0m,6uf0m9
52,1,94,1432,3,soja,20211109,20220312,123,6,6ucw,6ucwy,6ucwyx
1019,401,77,210,2,soja,20231107,20240224,109,6,6trv,6trvy,6trvyy
232,1,2,4,11,soja,20211023,20220213,113,6,6vbj,6vbjg,6vbjgb
466,1,1,6,1,soja,20241127,20250320,113,7,7n81,7n811,7n811h
275,1,100,20,3,soja,20251011,20260201,113,6,6ugs,6ugsu,6ugsu3
52,1,17,88,2,soja,20201104,20210329,145,6,6v1b,6v1b0,6v1b02
52,1,57,628,2,soja,20201214,20210412,119,6,6ucz,6ucz8,6ucz88
1019,241,2,9,1,soja,20231027,20240302,127,6,6vn5,6vn5n,6vn5nx
444,1,1,9,13,soja,20240104,20240526,143,6,6f4x,6f4xg,6f4xg3
177,41,103,2,1,soja,20201203,20210407,125,6,6yrd,6yrdb,6yrdb9
313,1,1,23,1,soja,20221024,20230323,150,6,6ugs,6ugs3,6ugs3w
444,1,1,12,26,soja,20231201,20240424,145,6,6f4x,6f4xg,6f4xg8
52,1,51,488,4,soja,20201118,20210409,142,6,6ucz,6ucz2,6ucz2g
374,42,1,14,9,soja,20251208,20260401,114,6,6yxr,6yxrp,6yxrpz
52,1,33,305,1,soja,20211023,20220210,110,6,6ucx,6ucxy,6ucxyr
52,1,94,1420,3,soja,20211116,20220324,128,6,6ucw,6ucwy,6ucwy6
175,1,1,18,1,soja,20231118,20240217,91,6,6ym3,6ym3c,6ym3cg
1019,181,44,247,2,soja,20251106,20260315,129,6,6vfg,6vfgh,6vfgh1
436,81,4,87,1,soja,20251107,20260306,119,6,6yxf,6yxfw,6yxfwd
52,1,113,5655,2,soja,20211201,20220407,127,6,6ucy,6ucyc,6ucycu
36,1,1,75,3,soja,20201103,20210312,129,6,6v85,6v85f,6v85fr
1019,181,44,46,2,soja,20241025,20250214,112,6,6vfg,6vfgb,6vfgb8
1019,81,83,126,1,soja,20231010,20240205,118,6,6udt,6udt6,6udt6k
1019,81,83,126,1,soja,20231010,20240205,118,6,6udt,6udt6,6udt6k
52,1,501,902,500,soja,20211017,20220213,119,6,6v1b,6v1b2,6v1b2u
51,1,12,10,5,soja,20231213,20240313,91,6,6vzq,6vzq1,6vzq1m
282,1,1,2,4,soja,20221118,20230322,124,6,6vn6,6vn6d,6vn6dt
393,42,3,5,1,soja,20231001,20240102,93,6,6twg,6twg2,6twg28
177,41,103,3,1,soja,20201116,20210311,115,6,6yrd,6yrdb,6yrdbe
444,1,1,20,24,soja,20251121,20260414,144,6,6f4x,6f4xs,6f4xs1
42,41,1117,436,1,soja,20251211,20260407,117,6,6yrt,6yrtu,6yrtug
267,1,1,4,8,soja,20220930,20230111,103,6,6tw4,6tw4r,6tw4rf
361,41,2,399,2,soja,20221109,20230410,152,6,6vxd,6vxd2,6vxd2d
256,1,1,11,1,soja,20211110,20220214,96,6,6vcq,6vcqj,6vcqj8
39,1,14,1472,4,soja,20211203,20220512,160,6,6dxh,6dxht,6dxhth
1019,221,39,207,2,soja,20231025,20240221,119,6,6tzy,6tzy8,6tzy89
182,41,29,13,2,soja,20251107,20260322,135,6,6vyz,6vyzr,6vyzrv
1022,1,5,50009,50009,soja,20221118,20230316,118,6,6vrs,6vrs5,6vrs57
1019,301,10,18,1,soja,20231116,20240401,137,6,6vx5,6vx5x,6vx5x4
278,1,18,2,14,soja,20221011,20230215,127,6,6y7s,6y7sr,6y7srv
444,1,1,14,22,soja,20241123,20250422,150,6,6f4x,6f4xe,6f4xej
313,1,1,5,1,soja,20221001,20230309,159,6,6ugs,6ugs6,6ugs6n
1019,201,62,22,1,soja,20231002,20240115,105,6,6trp,6trpv,6trpvr
240,1,1,36,1,soja,20251228,20260501,124,7,7nb3,7nb3w,7nb3wf
324,1,1,6,1,soja,20220930,20230202,125,6,6urt,6urt8,6urt85
30,41,2,251,1,soja,20201221,20210309,78,6,6yx8,6yx87,6yx871
52,1,100,4907,3,soja,20211107,20220222,107,6,6ucx,6ucxw,6ucxwt
52,1,4,5,1,soja,20201021,20210219,121,6,6v18,6v18r,6v18r9
1019,261,64,41,1,soja,20231117,20240302,106,6,6yrp,6yrpp,6yrpp0
361,1,1,391,1,soja,20230525,20230911,109,6,6vus,6vusm,6vusmz
313,41,1,1,3,soja,20241107,20250316,129,6,6uej,6uejb,6uejbj
221,41,24,14,24,soja,20231208,20240326,109,6,6u07,6u07g,6u07gq
350,1,35,2,120,soja,20221125,20230411,137,6,6vxq,6vxq2,6vxq2d
51,1,8,7,1,soja,20201102,20210306,124,6,6vzk,6vzk2,6vzk2u
487,1,3,7,3,soja,20241211,20250320,99,6,6vqn,6vqnw,6vqnwk
179,1,1,6,1,soja,20201120,20210401,132,7,7n84,7n843,7n843d
1019,543,11,1325,2,soja,20251114,20260408,145,6,6yhp,6yhps,6yhpsw
221,61,16,222,8,soja,20231209,20240325,107,6,6v0c,6v0cw,6v0cwv
52,1,15,430,3,soja,20221105,20230305,120,6,6ucx,6ucxz,6ucxz8
221,41,25,89,25,soja,20231107,20240303,117,6,6u07,6u07m,6u07mh
436,81,4,90,3,soja,20251031,20260212,104,6,6yxf,6yxfw,6yxfwd
52,1,103,4550,1,soja,20211202,20220413,132,6,6v1c,6v1cs,6v1csj
238,61,1,147,4,soja,20211112,20220309,117,6,6trt,6trt9,6trt9h
327,1,402,14,1,soja,20221016,20230215,122,6,6vrw,6vrws,6vrws1
177,42,107,14,1,soja,20210109,20210501,112,6,6yr5,6yr5r,6yr5r7
221,41,25,17,25,soja,20231009,20240211,125,6,6u07,6u07e,6u07ej
221,41,25,17,25,soja,20231009,20240211,125,6,6u07,6u07e,6u07ej
221,61,18,244,5,soja,20231216,20240407,113,6,6v0c,6v0cn,6v0cnm
1019,321,46,136,1,soja,20231228,20240423,117,6,6vxm,6vxmv,6vxmvu
36,1,1,9,2,soja,20201115,20210321,126,6,6v85,6v85d,6v85dr
52,1,62,635,4,soja,20201114,20210323,129,6,6ucz,6ucz6,6ucz67
10,1,1,199,1,soja,20231001,20240114,105,6,6tqm,6tqmt,6tqmtu
182,161,7282,2,2,soja,20251107,20260407,151,6,6vxk,6vxkj,6vxkj0
299,1,6,11,1,soja,20221022,20230214,115,6,6y0r,6y0rz,6y0rzs
374,1,1,1,10,soja,20251121,20260414,144,6,6yx6,6yx6y,6yx6y2
436,61,3,20,1,soja,20241104,20250222,110,6,6vzw,6vzwc,6vzwcm
284,43,4,9,1,soja,20231027,20240319,144,7,7h0w,7h0w6,7h0w6g
350,1,39,3,403,soja,20251124,20260422,149,6,6vxm,6vxmg,6vxmgu
277,1,1,5,1,soja,20220311,20220608,89,6,6vz8,6vz86,6vz86u
324,1,1,23,1,soja,20231121,20240401,132,6,6urm,6urmx,6urmxw
221,1,5,46,10,soja,20231101,20240307,127,6,6u02,6u02y,6u02yp
49,2,2,13,2,soja,20241018,20250226,131,6,6vff,6vff6,6vff6h
278,1,18,10,6,soja,20221115,20230411,147,6,6y7e,6y7ez,6y7ezh
329,1,1,1052,3,soja,20241202,20250320,108,6,6ytj,6ytjb,6ytjbd
1019,81,83,119,1,soja,20231009,20240211,125,6,6udt,6udtd,6udtdd
221,41,25,100,25,soja,20231206,20240323,108,6,6u07,6u07k,6u07kp
277,1,1,2,2,soja,20221106,20230317,131,6,6vz8,6vz84,6vz84z
1019,441,70,165,1,soja,20231013,20240126,105,6,6wpb,6wpbq,6wpbq0
267,1,1,64,7,soja,20221020,20230215,118,6,6tw4,6tw4x,6tw4x4
52,1,62,636,2,soja,20211124,20220405,132,6,6ucz,6ucz6,6ucz6d
52,1,13,67,3,soja,20211108,20220310,122,6,6ucx,6ucxn,6ucxnu
466,1,1,21,1,soja,20241127,20250330,123,6,6yxc,6yxcp,6yxcpq
466,1,1,21,1,soja,20241127,20250330,123,6,6yxc,6yxcp,6yxcpq
466,1,1,21,1,soja,20241127,20250330,123,6,6yxc,6yxcp,6yxcpq
24,1,2001,207,1,soja,20201118,20210228,102,6,6uge,6uge2,6uge26
309,1,2,12,2,soja,20251113,20260307,114,6,6txb,6txbf,6txbfh
52,1,94,1419,3,soja,20211118,20220401,134,6,6ucw,6ucwy,6ucwy5
52,1,98,3707,4,soja,20201121,20210402,132,6,6ucw,6ucwz,6ucwzt
39,1,15,1542,7,soja,20211203,20220422,140,6,6dxh,6dxhs,6dxhs0
466,1,1,3,1,soja,20241117,20250302,105,7,7n81,7n818,7n8188
175,62,2,81,4,soja,20211118,20220222,96,6,6yk9,6yk9s,6yk9s1
221,1,11,97,12,soja,20241029,20250305,127,6,6u09,6u094,6u0949
253,1,3,10,1,soja,20221129,20230326,117,6,6yrg,6yrgy,6yrgy3
255,41,2,97,1,soja,20221019,20230322,154,6,6gbt,6gbt0,6gbt0x
221,63,23,23,3,soja,20231107,20240314,128,6,6v1g,6v1gx,6v1gxy
52,1,116,5704,3,soja,20201208,20210405,118,6,6ucx,6ucxk,6ucxk7
444,1,1,13,13,soja,20240104,20240526,143,6,6f4x,6f4xk,6f4xkt
350,1,35,1,114,soja,20221108,20230414,157,6,6vxn,6vxnn,6vxnnz
361,41,2,397,2,soja,20221128,20230401,124,6,6vxd,6vxd2,6vxd26
1019,101,6,13,1,soja,20231009,20240206,120,6,6uf0,6uf0q,6uf0qw
439,1,2,20,2,soja,20241119,20250331,132,7,7h86,7h867,7h867f
327,1,402,51,1,soja,20221004,20230125,113,6,6vrw,6vrwv,6vrwvu
315,1,1,6,12,soja,20221011,20230212,124,6,6vg4,6vg4n,6vg4nj
42,1,1102,188,1,soja,20231201,20240325,115,6,6yrx,6yrxy,6yrxyf
42,1,1102,188,1,soja,20231201,20240325,115,6,6yrx,6yrxy,6yrxyf
379,41,5001,22,1,soja,20231007,20240206,122,6,6vxd,6vxd5,6vxd5j
466,1,1,5,1,soja,20241114,20250319,125,7,7n80,7n80b,7n80bx
42,42,1101,239,1,soja,20231116,20240319,124,6,6yru,6yrud,6yrude
299,1,2,2,1,soja,20221016,20230210,117,6,6y28,6y284,6y284u
221,63,23,28,3,soja,20251107,20260312,125,6,6v1g,6v1gx,6v1gxt
179,1,1,10,1,soja,20211123,20220301,98,7,7n84,7n841,7n8418
275,1,100,26,1,soja,20231002,20240217,138,6,6ugs,6ugss,6ugssw
299,1,3,5,2,soja,20221003,20230203,123,6,6y0x,6y0x8,6y0x83
36,1,1,8,2,soja,20201114,20210309,115,6,6v85,6v85g,6v85g0
400,1,2,8,1,soja,20241010,20250128,110,6,6tz8,6tz8c,6tz8cf
350,1,35,2,114,soja,20221113,20230414,152,6,6vxq,6vxq2,6vxq2d
10,1,1,114,1,soja,20230915,20240102,109,6,6tqw,6tqw0,6tqw08
221,41,25,103,25,soja,20231207,20240321,105,6,6u07,6u07e,6u07e6
240,1,1,1003,1,soja,20260105,20260502,117,7,7nb3,7nb3n,7nb3nr
1019,461,68,111,1,soja,20231002,20240115,105,6,6v88,6v886,6v8867
1019,461,68,111,1,soja,20231002,20240115,105,6,6v88,6v886,6v8867
27,1,1,43,5,soja,20201108,20210327,139,6,6vzt,6vztn,6vztnp
4,2,2,26,4,soja,20201127,20210210,75,6,6vb6,6vb69,6vb69h
1019,401,77,115,1,soja,20231006,20240117,103,6,6v82,6v82e,6v82e2
350,1,35,3,113,soja,20221108,20230402,145,6,6vxq,6vxq3,6vxq3h
1019,201,62,16,1,soja,20230914,20231218,95,6,6trp,6trps,6trpsh
177,41,103,1,3,soja,20210104,20210604,151,6,6yrd,6yrd8,6yrd8x
361,41,2,434,2,soja,20231127,20240319,113,6,6vxd,6vxd2,6vxd22
360,1,871802,257,1683402,soja,20231104,20240221,109,6,6y21,6y21b,6y21b6
360,1,871802,99,871902,soja,20231105,20240225,112,6,6y21,6y218,6y218p
52,1,101,5102,3,soja,20211208,20220412,125,6,6ucx,6ucxk,6ucxk2
425,1,1,2,1,soja,20231205,20240318,104,7,7n81,7n818,7n818e
1019,181,44,53,2,soja,20241101,20250301,120,6,6vfe,6vfez,6vfez6
221,41,25,81,25,soja,20231012,20240214,125,6,6u07,6u07m,6u07mb
1019,542,4,238,2,soja,20251105,20260319,134,6,6yrn,6yrn7,6yrn7f
39,1,100,14191,1,soja,20221106,20230414,159,6,6dxh,6dxh7,6dxh7b
350,1,35,2,408,soja,20231217,20240416,121,6,6vxq,6vxq2,6vxq2d
52,1,18,450,2,soja,20201114,20210311,117,6,6ucz,6uczc,6uczc2
253,1,1,4,7,soja,20221115,20230402,138,6,6yrf,6yrfh,6yrfhj
253,1,3,14,3,soja,20211217,20220321,94,6,6yrg,6yrgy,6yrgy7
52,1,4,1005,1,soja,20201023,20210225,125,6,6v1b,6v1b2,6v1b2n
209,1,2,1,1,soja,20221022,20230202,103,6,6uu4,6uu4c,6uu4cw
1019,241,2,223,3,soja,20231114,20240401,139,6,6vnu,6vnu6,6vnu63
281,1,1,14,1,soja,20221002,20230124,114,6,6y38,6y386,6y3866
331,41,1,28,1,soja,20221130,20230323,113,6,6gcw,6gcwm,6gcwmd
327,1,402,48,1,soja,20221001,20230124,115,6,6vrw,6vrwy,6vrwy2
52,1,89,1204,2,soja,20211021,20220301,131,6,6ucz,6uczb,6uczbt
284,43,4,19,1,soja,20221013,20230221,131,7,7h0w,7h0w6,7h0w6e
278,1,18,3,5,soja,20221102,20230309,127,6,6y7g,6y7gc,6y7gce
1019,361,22,122,1,soja,20231118,20240418,152,6,6ype,6ypeu,6ypeuq
444,1,1,2,17,soja,20231230,20240517,139,6,6f4x,6f4xe,6f4xev
444,1,1,4,26,soja,20231201,20240421,142,6,6f4x,6f4xu,6f4xuv
329,1,1,1038,3,soja,20221120,20230411,142,6,6ytj,6ytjc,6ytjcp
27,1,1,12,4,soja,20211119,20220327,128,6,6vzt,6vzty,6vztyh
52,1,101,5115,3,soja,20201203,20210329,116,6,6ucx,6ucxj,6ucxjq
1019,341,23,28,1,soja,20231206,20240325,110,6,6yrs,6yrs2,6yrs2r
313,41,1,12,3,soja,20241107,20250313,126,6,6udv,6udvq,6udvqn
1019,542,4,225,2,soja,20251118,20260314,116,6,6yrj,6yrju,6yrjum
444,1,1,4,12,soja,20250102,20250503,121,6,6f4x,6f4xu,6f4xuv
52,1,5,400,1,soja,20201027,20210221,117,6,6v18,6v18x,6v18x8
267,1,1,12,5,soja,20221003,20230127,116,6,6tw4,6tw4x,6tw4xf
284,81,6,15,3,soja,20221108,20230328,140,7,7h0x,7h0x1,7h0x12
360,41,421147202,6263367402,584575102,soja,20231119,20240315,117,6,6y5u,6y5ub,6y5ubb
221,62,21,6,1,soja,20231029,20240304,127,6,6u95,6u95h,6u95hh
1019,241,2,108,2,soja,20231101,20240224,115,6,6vjf,6vjfj,6vjfje
444,1,1,12,13,soja,20240103,20240521,139,6,6f4x,6f4xg,6f4xg8
278,1,18,7,3,soja,20231029,20240115,78,6,6y7u,6y7u0,6y7u0v
1019,521,500,6,1,soja,20251018,20260302,135,6,6vfk,6vfk5,6vfk55
275,1,100,25,4,soja,20251011,20260219,131,6,6ugs,6ugsu,6ugsuk
175,1,1,57,1,soja,20231116,20240313,118,6,6ym3,6ym3c,6ym3cg
313,1,1,23,5,soja,20251014,20260205,114,6,6ugs,6ugs3,6ugs3w
52,1,100,4900,3,soja,20211108,20220222,106,6,6ucx,6ucxw,6ucxwk
42,103,59,14,1,soja,20251129,20260417,139,6,6yrq,6yrqr,6yrqrk
487,1,2,2,6,soja,20241218,20250401,104,6,6vqq,6vqqc,6vqqcb
15,41,2,3,2,soja,20221110,20230201,83,6,6vxv,6vxvk,6vxvkx
10,161,5,23,1,soja,20221114,20230303,109,6,6tye,6tyec,6tyeck
27,1,1,5,1,soja,20221111,20230326,135,6,6vzt,6vzts,6vztsu
350,1,35,3,117,soja,20221111,20230407,147,6,6vxq,6vxq3,6vxq3h
1022,1,25,129,129,soja,20231108,20240325,138,6,6vru,6vrug,6vrugt
52,1,98,3706,4,soja,20201121,20210401,131,6,6ucw,6ucwz,6ucwzz
1019,241,2,312,3,soja,20231205,20240401,118,6,6vph,6vph0,6vph05
10,1,1,103,1,soja,20231010,20240220,133,6,6tqt,6tqt8,6tqt8c
52,1,100,4910,3,soja,20201201,20210409,129,6,6ucx,6ucxy,6ucxy1
367,61,2,12,1,soja,20241024,20250221,120,6,6v9w,6v9w3,6v9w31
1019,421,74,125,1,soja,20231001,20240111,102,6,6tqz,6tqzm,6tqzmr
238,61,1,341,4,soja,20211123,20220330,127,6,6trt,6trtc,6trtc4
238,61,1,341,4,soja,20211123,20220330,127,6,6trt,6trtc,6trtc4
230,1,1,6,2,soja,20211019,20220307,139,6,6v2q,6v2q9,6v2q9y
30,41,2,12,1,soja,20201212,20210408,117,6,6yx8,6yx8f,6yx8fg
374,1,3,6,3,soja,20221205,20230410,126,6,6yx6,6yx6v,6yx6vn
359,1,1,42,1,soja,20221203,20230411,129,7,7n8h,7n8h6,7n8h6e
238,61,1,143,4,soja,20211112,20220311,119,6,6trt,6trt9,6trt9h
444,1,1,2,9,soja,20250110,20250506,116,6,6f4x,6f4xe,6f4xev
52,1,103,4572,1,soja,20221125,20230413,139,6,6v1c,6v1cu,6v1cuw
52,1,94,1407,3,soja,20211213,20220405,113,6,6ucw,6ucwt,6ucwtx
52,1,94,1430,3,soja,20211107,20220311,124,6,6ucx,6ucxp,6ucxp5
350,41,36,42,554,soja,20251217,20260413,117,6,6vze,6vzej,6vzejd
278,1,18,1,15,soja,20221212,20230418,127,6,6y7u,6y7u3,6y7u3j
10,161,5,54,2,soja,20221112,20230307,115,6,6tye,6tyeb,6tyebk
177,1,101,6,1,soja,20201123,20210409,137,6,6vz0,6vz0m,6vz0m8
436,82,5,163,1,soja,20251113,20260213,92,6,6vxx,6vxxj,6vxxj8
182,161,1,16,1,soja,20251111,20260401,141,6,6vxk,6vxkh,6vxkhj
182,161,1,16,1,soja,20251111,20260401,141,6,6vxk,6vxkh,6vxkhj
127,1,4,141,4,soja,20251118,20260425,158,6,6vnz,6vnz2,6vnz2c
221,61,16,214,8,soja,20231218,20240406,110,6,6v0c,6v0cx,6v0cxt
221,61,20,255,4,soja,20231213,20240422,131,6,6v0c,6v0cm,6v0cms
221,61,20,255,4,soja,20231213,20240422,131,6,6v0c,6v0cm,6v0cms
331,41,1,30,1,soja,20221105,20230308,123,6,6gcw,6gcwj,6gcwjz
359,1,1,4,1,soja,20221121,20230306,105,7,7n8j,7n8jh,7n8jht
1019,261,64,90,1,soja,20241109,20250312,123,6,6yrp,6yrpx,6yrpx1
175,62,2,13,1,soja,20211019,20220212,116,6,6yk9,6yk9s,6yk9s1
1019,542,4,226,2,soja,20251106,20260312,126,6,6yrj,6yrju,6yrju4
331,41,1,34,1,soja,20221115,20230320,125,6,6gcw,6gcwm,6gcwm3
221,41,25,68,25,soja,20231025,20240301,128,6,6u07,6u07q,6u07qs
221,41,25,68,25,soja,20231025,20240301,128,6,6u07,6u07q,6u07qs
374,42,1,3,9,soja,20251125,20260301,96,6,6yxq,6yxqx,6yxqxr
176,1,8,805,1,soja,20211027,20220301,125,6,6ubu,6ubuz,6ubuz2
176,1,8,805,1,soja,20211027,20220301,125,6,6ubu,6ubuz,6ubuz2
52,1,79,3504,1,soja,20201107,20210315,128,6,6ucz,6uczg,6uczg6
52,1,996,2912,2,soja,20221024,20230323,150,6,6ufp,6ufp7,6ufp7p
52,1,18,446,2,soja,20201113,20210411,149,6,6ucz,6uczc,6uczc7
1019,421,74,173,1,soja,20231008,20231228,81,6,6tqz,6tqzj,6tqzjv
400,1,10,14,1,soja,20241106,20250215,101,6,6txh,6txhz,6txhzp
335,1,2,23,1,soja,20250928,20260114,108,6,6tyw,6tywr,6tywr0
1019,421,74,157,1,soja,20230918,20240102,106,6,6tqz,6tqzm,6tqzm4
177,42,107,5,1,soja,20210119,20210411,82,6,6yr5,6yr5m,6yr5mg
350,1,35,2,302,soja,20221106,20230323,137,6,6vxq,6vxq2,6vxq2d
52,1,97,1704,3,soja,20211104,20220306,122,6,6ucx,6ucxn,6ucxn6
267,1,1,11,8,soja,20221007,20230214,130,6,6tw4,6tw4x,6tw4xb
487,1,3,2,1,soja,20241022,20250314,143,6,6vqn,6vqnt,6vqntd
10,161,5,33,2,soja,20251111,20260306,115,6,6tys,6tys9,6tys92
42,61,20,42,1,soja,20241206,20250309,93,7,7n8d,7n8d3,7n8d37
329,1,1,1041,3,soja,20221121,20230328,127,6,6ytj,6ytjb,6ytjbz
350,1,39,3,404,soja,20251112,20260412,151,6,6vxm,6vxmg,6vxmgu
176,1,8,810,4,soja,20211123,20220403,131,6,6ucj,6ucj1,6ucj19
460,1,2,11,23,soja,20241020,20250302,133,6,6vx2,6vx2t,6vx2tt
350,1,39,4,401,soja,20251127,20260424,148,6,6vxm,6vxmu,6vxmuv
175,62,2,10,1,soja,20211019,20220213,117,6,6yk9,6yk9s,6yk9s0
267,1,1,5,8,soja,20220930,20230115,107,6,6tw4,6tw4r,6tw4rd
1019,201,62,86,1,soja,20231009,20240307,150,6,6tx0,6tx0k,6tx0kf
15,41,2,19,3,soja,20221021,20230302,132,6,6vxy,6vxyj,6vxyj1
1019,221,39,234,3,soja,20231017,20240108,83,6,6tzv,6tzvc,6tzvcq
444,1,1,2,12,soja,20250106,20250504,118,6,6f4x,6f4xe,6f4xev
390,1,5,4,1,soja,20231006,20240121,107,6,6vjd,6vjde,6vjdej
52,1,101,5121,3,soja,20201208,20210402,115,6,6ucx,6ucxm,6ucxmj
466,1,1,39,1,soja,20241113,20250221,100,7,7n81,7n812,7n812j
313,41,1,3,2,soja,20241126,20250321,115,6,6uen,6uen0,6uen02
52,1,90,1305,1,soja,20211111,20220205,86,6,6v18,6v18n,6v18nr
221,1,8,84,21,soja,20231220,20240315,86,6,6u08,6u08c,6u08c1
52,1,121,5771,2,soja,20211113,20220419,157,6,6ucz,6ucz5,6ucz54
52,1,105,4505,1,soja,20201020,20210303,134,6,6v18,6v18w,6v18w6
232,1,1,1,8,soja,20211019,20220223,127,6,6vbt,6vbtm,6vbtmg
24,1,2001,224,1,soja,20201123,20210420,148,6,6uge,6uge2,6uge2w
315,1,1,27,13,soja,20221109,20230302,113,6,6vf8,6vf87,6vf87n
221,61,19,246,6,soja,20231213,20240413,122,6,6v0c,6v0cw,6v0cw6
253,1,1,7,8,soja,20221124,20230405,132,6,6yrf,6yrf0,6yrf0r
1022,1,5,16,16,soja,20211011,20220201,113,6,6vre,6vreg,6vregt
1019,161,18,120,2,soja,20231001,20240113,104,6,6vzs,6vzs9,6vzs9p
221,62,21,4,1,soja,20231030,20240306,128,6,6u95,6u955,6u955v
444,1,1,1,11,soja,20250110,20250506,116,6,6f4x,6f4xu,6f4xu4
177,1,101,9,1,soja,20211103,20220329,146,6,6vxp,6vxpv,6vxpvr
42,101,60,26,1,soja,20251203,20260413,131,7,7n8j,7n8jb,7n8jbj
177,1,101,25,1,soja,20231005,20240202,120,6,6vz0,6vz0m,6vz0mc
444,1,1,16,17,soja,20231230,20240517,139,6,6f4x,6f4xs,6f4xs2
30,61,3,341,1,soja,20211007,20220205,121,6,6yqz,6yqz0,6yqz0h
379,41,5001,13,1,soja,20231021,20240308,139,6,6vxd,6vxd5,6vxd56
436,83,6,91,1,soja,20251104,20260318,134,6,6vzm,6vzmd,6vzmdw
299,1,6,16,1,soja,20221119,20230302,103,6,6y28,6y280,6y280q
51,1,10,1,1,soja,20201204,20210407,124,6,6vzk,6vzk6,6vzk63
176,1,8,804,4,soja,20211026,20220301,126,6,6ubu,6ubux,6ubuxw
1019,543,11,322,2,soja,20251114,20260401,138,6,6yhp,6yhpu,6yhpu3
313,41,1,4,2,soja,20241026,20250303,128,6,6uej,6uejb,6uejbq
52,1,100,4900,3,soja,20211108,20220222,106,6,6ucx,6ucxw,6ucxwk
392,61,20,57,4,soja,20251005,20260211,129,6,6gsm,6gsm5,6gsm5m
52,1,78,3406,3,soja,20201216,20210416,121,6,6ucw,6ucwk,6ucwkj
483,1,2,4,2,soja,20251021,20260215,117,6,6twp,6twpx,6twpx6
39,1,100,14182,1,soja,20221106,20230414,159,6,6dxh,6dxhk,6dxhk1
1019,241,2,222,3,soja,20231219,20240401,104,6,6vnu,6vnu6,6vnu69
413,1,2,5,9,soja,20231002,20240116,106,6,6vbn,6vbn6,6vbn6d
360,101,3419374803,3439673303,3,soja,20251112,20260308,116,6,6v2k,6v2k4,6v2k4p
1019,181,44,24,1,soja,20231002,20240202,123,6,6vfe,6vfen,6vfenu
1019,461,68,132,1,soja,20231027,20240213,109,6,6v88,6v887,6v887r
360,41,421147202,6095321402,584573302,soja,20251101,20260307,126,6,6y5s,6y5sz,6y5szg
315,61,3,5,11,soja,20231116,20240305,110,6,6vfr,6vfrt,6vfrt3
1019,281,17,17,1,soja,20231229,20240529,152,6,6vx3,6vx3r,6vx3ry
1019,543,11,326,2,soja,20251102,20260402,151,6,6yhp,6yhpu,6yhpu2
1019,461,68,121,1,soja,20231002,20240121,111,6,6v88,6v885,6v885p
51,1,10,4,1,soja,20201204,20210407,124,6,6vz7,6vz78,6vz78u
49,2,2,5,6,soja,20231107,20240219,104,6,6vfg,6vfg4,6vfg4d
179,1,1,23,1,soja,20201125,20210405,131,7,7n81,7n81f,7n81fp
1019,281,17,31,1,soja,20231120,20240425,157,6,6vx3,6vx3p,6vx3p6
1019,221,39,209,2,soja,20231025,20240222,120,6,6tzy,6tzy8,6tzy8e
52,1,52,3208,2,soja,20221201,20230413,133,6,6ucy,6ucyc,6ucycn
52,1,78,3405,3,soja,20201214,20210420,127,6,6ucw,6ucws,6ucws6
52,1,106,4516,1,soja,20201102,20210315,133,6,6v19,6v19x,6v19x9
392,41,21,7,2,soja,20251104,20260320,136,6,6ywk,6ywkb,6ywkbd
175,1,1,60,1,soja,20231117,20240316,120,6,6ym3,6ym3c,6ym3cg
361,1,1,435,1,soja,20230428,20230801,95,6,6vus,6vusk,6vuskp
232,1,2,1,11,soja,20211105,20220215,102,6,6vbj,6vbju,6vbju0
361,1,1,122,1,soja,20250524,20250903,102,6,6vus,6vusy,6vusy2
444,1,1,2,18,soja,20240109,20240515,127,6,6f4x,6f4xe,6f4xev
444,1,1,2,17,soja,20231230,20240517,139,6,6f4x,6f4xe,6f4xev
439,1,1,27,1,soja,20251030,20260401,153,7,7h86,7h867,7h867m
444,1,1,16,12,soja,20240107,20240601,146,6,6f4x,6f4xs,6f4xs2
483,1,1,8,1,soja,20241006,20250122,108,6,6twq,6twq4,6twq4j
1019,261,64,250,1,soja,20241106,20250321,135,6,6yx0,6yx0w,6yx0w4
1022,1,25,110,110,soja,20221007,20230128,113,6,6vru,6vru9,6vru9z
1019,381,93,335,3,soja,20241107,20250311,124,6,6vxm,6vxmp,6vxmpx
52,1,62,630,4,soja,20201111,20210413,153,6,6ucz,6ucz6,6ucz6q
1019,141,8,16,1,soja,20231113,20240306,114,6,6yqw,6yqwv,6yqwvs
436,82,5,162,1,soja,20251008,20260216,131,6,6vxw,6vxwu,6vxwut
239,41,3,43,1,soja,20221102,20230410,159,6,6y02,6y021,6y0217
52,1,14,416,3,soja,20201108,20210316,128,6,6ucx,6ucxr,6ucxre
390,1,5,1,1,soja,20231006,20240121,107,6,6vjd,6vjde,6vjden
1019,543,11,202,1,soja,20251010,20260204,117,6,6yk1,6yk1d,6yk1d8
52,1,15,430,2,soja,20201205,20210325,110,6,6ucx,6ucxz,6ucxz8
52,1,22,215,3,soja,20211112,20220323,131,6,6ucx,6ucxx,6ucxx6
1019,341,23,9,1,soja,20231227,20240418,113,6,6yrs,6yrs1,6yrs14
324,1,1,18,1,soja,20231213,20240412,121,6,6urt,6urt8,6urt83
1019,241,2,71,1,soja,20231003,20240130,119,6,6vn5,6vn5k,6vn5kz
284,1,2,1,3,soja,20221125,20230414,140,7,7h0w,7h0wu,7h0wu0
175,1,1,28,1,soja,20201117,20210320,123,6,6ym3,6ym3c,6ym3cg
436,1,1,2,1,soja,20241009,20250201,115,6,6vzt,6vzt8,6vzt8k
267,1,1,8,8,soja,20220930,20230111,103,6,6tw4,6tw4r,6tw4r8
400,1,7,4,1,soja,20241029,20250203,97,6,6txv,6txvg,6txvgc
221,63,22,11,2,soja,20231207,20240320,104,6,6v45,6v458,6v458h
353,41,1,15,1,soja,20221018,20230121,95,6,6tv0,6tv0r,6tv0rn
374,42,1,27,9,soja,20251124,20260326,122,6,6yxr,6yxrq,6yxrqs
175,61,3,6,1,soja,20211022,20220308,137,6,6ykc,6ykc5,6ykc58
1019,543,11,122,1,soja,20251126,20260407,132,6,6yk0,6yk0v,6yk0vx
1019,341,23,17,1,soja,20231206,20240314,99,6,6yrs,6yrs6,6yrs6h
4,1,1,31,2,soja,20221117,20230301,104,6,6tzu,6tzus,6tzusb
221,1,2,14,6,soja,20210916,20220125,131,6,6u02,6u02t,6u02tf
279,1,1,3,1,soja,20221122,20230314,112,6,6vnk,6vnk9,6vnk9w
238,61,1,146,4,soja,20211203,20220329,116,6,6trt,6trt8,6trt8z
175,1,1,34,7,soja,20211106,20220220,106,6,6ym3,6ym3c,6ym3cg
27,1,1,221,4,soja,20221115,20230309,114,6,6vzt,6vztx,6vztxp
42,61,20,70,1,soja,20251201,20260406,126,7,7n8d,7n8d0,7n8d0h
52,1,94,1409,3,soja,20211213,20220406,114,6,6ucw,6ucwv,6ucwv1
436,61,3,15,1,soja,20241103,20250305,122,6,6vzx,6vzx1,6vzx1q
238,61,1,151,4,soja,20211110,20220310,120,6,6trt,6trt9,6trt9q
350,1,35,2,118,soja,20221125,20230412,138,6,6vxq,6vxq2,6vxq2d
327,41,401,2,3,soja,20231227,20240409,104,6,6yrf,6yrf7,6yrf7p
175,62,2,53,4,soja,20221011,20230203,115,6,6yk9,6yk9s,6yk9s0
175,62,2,53,4,soja,20221011,20230203,115,6,6yk9,6yk9s,6yk9s0
1019,181,44,53,1,soja,20231028,20240226,121,6,6vfe,6vfez,6vfez6
1019,181,44,211,2,soja,20241115,20250314,119,6,6vfg,6vfgf,6vfgft
4,2,2,25,4,soja,20201026,20210210,107,6,6vb6,6vb69,6vb69s
379,41,5001,9,1,soja,20231014,20240225,134,6,6vx9,6vx9f,6vx9fz
444,1,1,14,13,soja,20240103,20240526,144,6,6f4x,6f4xe,6f4xej
360,81,6925497002,6925626702,1,soja,20241104,20250315,131,6,6v0e,6v0ee,6v0eez
15,41,2,49,1,soja,20241205,20250401,117,6,6vxy,6vxyq,6vxyqm
52,1,82,706,2,soja,20201019,20210213,117,6,6v1b,6v1b0,6v1b0v
177,61,5,15,1,soja,20221211,20230306,85,6,6ywb,6ywbp,6ywbpy
52,1,15,432,3,soja,20221101,20230315,134,6,6ucx,6ucxz,6ucxz9
15,1,1,10,1,soja,20251205,20260423,139,6,6vx4,6vx4r,6vx4ru
51,1,8,28,2,soja,20231016,20240117,93,6,6vzk,6vzk3,6vzk3k
177,42,107,5,3,soja,20201203,20210404,122,6,6yr5,6yr5m,6yr5mg
327,1,402,40,1,soja,20221012,20230202,113,6,6vrw,6vrw4,6vrw4s
232,1,1,2,1,soja,20211005,20220111,98,6,6vbt,6vbtm,6vbtm9
127,1,1,49,5,soja,20201020,20210226,129,6,6vq8,6vq8w,6vq8wh
27,1,1,261,3,soja,20231214,20240316,93,6,6vzt,6vzt7,6vzt7y
360,41,421147202,5993822302,584573002,soja,20231116,20240226,102,6,6y5v,6y5v2,6y5v21
176,41,7,704,1,soja,20221010,20230201,114,6,6vdu,6vdug,6vdugr
359,1,1,17,1,soja,20221122,20230411,140,7,7n8j,7n8jh,7n8jhr
175,1,1,22,1,soja,20201125,20210305,100,6,6ym3,6ym3c,6ym3cg
42,61,20,44,1,soja,20241122,20250305,103,7,7n8d,7n8d6,7n8d6f
42,61,20,44,1,soja,20241122,20250305,103,7,7n8d,7n8d6,7n8d6f
1019,461,68,110,1,soja,20231005,20240125,112,6,6v88,6v886,6v886q
15,41,2,4,2,soja,20221111,20230408,148,6,6vxv,6vxvk,6vxvkr
10,1,1,4,1,soja,20201012,20210126,106,6,6tqm,6tqmx,6tqmxu
353,41,1,21,1,soja,20241018,20250221,126,6,6tv0,6tv0p,6tv0pr
179,1,2,6,6,soja,20221205,20230320,105,7,7n84,7n845,7n8451
1019,181,44,1555,2,soja,20241024,20250302,129,6,6vfe,6vfez,6vfezg
460,1,2,5,23,soja,20241129,20250312,103,6,6vx2,6vx2t,6vx2tn
52,1,99,4002,1,soja,20201121,20210321,120,6,6v1c,6v1cq,6v1cqh
179,1,1,31,1,soja,20201116,20210413,148,7,7n84,7n84d,7n84dz
1019,401,77,101,1,soja,20231001,20240113,104,6,6v82,6v82f,6v82f9
27,1,1,41,2,soja,20221108,20230323,135,6,6vzt,6vztm,6vztmm
182,41,29,2,1,soja,20211106,20220314,128,6,6vzp,6vzpf,6vzpft
309,1,2,4,2,soja,20251105,20260305,120,6,6txb,6txbc,6txbcv
10,101,2,35,2,soja,20201201,20210316,105,6,6trh,6trh8,6trh8q
52,1,13,80,3,soja,20211025,20220223,121,6,6ucx,6ucxp,6ucxp7
444,1,1,8,22,soja,20241121,20250420,150,6,6f4x,6f4xs,6f4xsm
27,1,1,22,2,soja,20201124,20210409,136,6,6vzt,6vzts,6vztsp
390,1,11,1,1,soja,20231124,20240406,134,6,6vjd,6vjd3,6vjd3g
382,1,2,5,4,soja,20241101,20250306,125,6,6ugn,6ugn4,6ugn43
176,1,8,801,3,soja,20211208,20220403,116,6,6ubu,6ubux,6ubuxz
260,1,1,1,4,soja,20230103,20230501,118,6,6ttk,6ttkj,6ttkj6
350,1,38,1,201,soja,20251129,20260424,146,6,6vxm,6vxmf,6vxmf4
253,1,3,17,3,soja,20211117,20220322,125,6,6yrg,6yrgy,6yrgyy
281,1,1,18,1,soja,20221019,20230205,109,6,6y38,6y38e,6y38ef
281,1,1,9,1,soja,20221013,20230201,111,6,6y38,6y38d,6y38dc
444,1,1,13,12,soja,20241223,20250502,130,6,6f4x,6f4xk,6f4xkt
256,1,1,24,1,soja,20211017,20220207,113,6,6vcm,6vcmz,6vcmz8
374,1,2,6,2,soja,20230110,20230504,114,6,6yx6,6yx6w,6yx6w4
275,1,100,21,3,soja,20251011,20260215,127,6,6ugs,6ugsu,6ugsue
42,1,1102,87,1,soja,20200108,20200513,126,6,6yx8,6yx8n,6yx8n5
175,62,2,4,1,soja,20211025,20220216,114,6,6yk9,6yk9s,6yk9s0
1019,381,93,103,1,soja,20231002,20240129,119,6,6vx7,6vx7z,6vx7zx
466,1,1,56,1,soja,20251119,20260307,108,6,6yxc,6yxcn,6yxcne
52,1,82,703,1,soja,20221006,20230224,141,6,6v1b,6v1b1,6v1b1r
323,1,5130,4,1,soja,20221022,20230314,143,6,6udw,6udwk,6udwkc
1019,241,2,18,1,soja,20231027,20240301,126,6,6vn5,6vn5p,6vn5p3
52,1,22,221,3,soja,20211115,20220319,124,6,6ucx,6ucxx,6ucxxs
221,41,24,3,24,soja,20231122,20240318,117,6,6u07,6u079,6u079z
179,1,1,19,3,soja,20201201,20210416,136,7,7n84,7n847,7n847w
350,1,35,3,408,soja,20231217,20240415,120,6,6vxq,6vxq3,6vxq3h
27,1,1,201,1,soja,20221116,20230306,110,6,6vzt,6vzt7,6vzt7x
400,1,3,5,1,soja,20241013,20250216,126,6,6tzc,6tzc4,6tzc46
278,1,18,1,4,soja,20231101,20240304,124,6,6y7u,6y7u3,6y7u3j
52,1,56,4102,2,soja,20201110,20210328,138,6,6ucz,6ucz8,6ucz8r
444,1,1,3,28,soja,20240103,20240518,136,6,6f4x,6f4xu,6f4xut
175,62,2,24,1,soja,20211011,20220202,114,6,6yk9,6yk9s,6yk9s0
1019,301,10,57,1,soja,20231121,20240417,148,6,6vx5,6vx5y,6vx5yb
1019,181,44,35,1,soja,20231101,20240301,121,6,6vfg,6vfg2,6vfg2h
27,1,1,25,3,soja,20201125,20210418,144,6,6vzt,6vztx,6vztxv
27,1,1,25,3,soja,20201125,20210418,144,6,6vzt,6vztx,6vztxv
52,1,56,4103,3,soja,20221022,20230303,132,6,6ucz,6uczb,6uczb3
1019,241,2,68,1,soja,20231006,20240213,130,6,6vn5,6vn5s,6vn5s6
331,41,1,21,1,soja,20221024,20230306,133,6,6gcw,6gcwq,6gcwq0
52,1,122,5804,1,soja,20201024,20210304,131,6,6v18,6v18q,6v18qc
39,1,15,1540,7,soja,20211201,20220424,144,6,6dxh,6dxhe,6dxhec
10,101,2,37,2,soja,20201115,20210317,122,6,6trh,6trhb,6trhb1
1019,201,62,43,1,soja,20231002,20240108,98,6,6tx0,6tx0q,6tx0qp
281,1,1,28,1,soja,20220927,20230122,117,6,6y38,6y387,6y3871
27,1,1,5,3,soja,20211112,20220327,135,6,6vzt,6vzts,6vztsu
444,1,1,10,18,soja,20231229,20240510,133,6,6f4x,6f4xe,6f4xeq
444,1,1,10,12,soja,20241231,20250502,122,6,6f4x,6f4xe,6f4xeq
1019,441,70,160,2,soja,20241118,20250220,94,6,6y00,6y009,6y009s
1019,361,22,313,1,soja,20231228,20240501,125,6,6ypd,6ypdh,6ypdh7
52,1,103,4571,1,soja,20221124,20230425,152,6,6v1c,6v1cu,6v1cus
1019,181,44,13,1,soja,20231024,20240215,114,6,6vfe,6vfeq,6vfeqv
52,1,5,405,1,soja,20201028,20210225,120,6,6v18,6v18x,6v18xb
52,1,51,481,4,soja,20201223,20210402,100,6,6ucz,6ucz0,6ucz0d
36,1,1,78,3,soja,20201117,20210319,122,6,6v8h,6v8h1,6v8h18
52,1,86,845,1,soja,20201125,20210325,120,6,6v1b,6v1bv,6v1bvx
253,1,3,11,1,soja,20221201,20230412,132,6,6yrg,6yrgz,6yrgz3
1019,381,93,229,2,soja,20231228,20240417,111,6,6vxk,6vxkx,6vxkxm
275,41,500,1,12,soja,20221122,20230324,122,6,6v5n,6v5ng,6v5ngz
1019,81,83,129,1,soja,20230921,20240109,110,6,6udt,6udt1,6udt1z
232,1,2,3,11,soja,20211104,20220218,106,6,6vbj,6vbju,6vbjud
1019,201,62,102,1,soja,20231023,20240215,115,6,6tx0,6tx0n,6tx0n8
238,61,1,220,3,soja,20211210,20220330,110,6,6trt,6trtb,6trtb1
39,1,100,14189,1,soja,20221106,20230415,160,6,6dxh,6dxh5,6dxh5z
1019,181,44,3,1,soja,20230928,20240124,118,6,6vfe,6vfen,6vfen5
1019,241,2,49,1,soja,20231025,20240222,120,6,6vn5,6vn57,6vn57k
127,1,2,72,2,soja,20251121,20260404,134,6,6vqb,6vqbb,6vqbb8
1019,141,8,125,2,soja,20231028,20240217,112,6,6yqz,6yqzb,6yqzbb
221,41,25,49,25,soja,20231122,20240311,110,6,6u07,6u07t,6u07tf
221,41,25,49,25,soja,20231122,20240311,110,6,6u07,6u07t,6u07tf
52,1,14,411,3,soja,20201108,20210405,148,6,6ucx,6ucxr,6ucxr8
52,1,7,19,1,soja,20211019,20220202,106,6,6v18,6v18n,6v18nn
446,1,1,2,5,soja,20251215,20260513,149,6,6f1z,6f1zw,6f1zw6
232,1,3,1,10,soja,20211027,20220401,156,6,6tzy,6tzyk,6tzykt
24,1,2001,212,1,soja,20201026,20210301,126,6,6uge,6uge2,6uge24
450,1,2,31,1,soja,20240102,20240317,75,6,6v10,6v100,6v100q
39,1,100,149,1,soja,20241112,20250405,144,6,6dxh,6dxhs,6dxhs6
52,1,15,428,2,soja,20201205,20210324,109,6,6ucx,6ucxx,6ucxxy
436,81,4,104,3,soja,20251015,20260211,119,6,6yxf,6yxfj,6yxfjy
436,83,6,71,1,soja,20251013,20260103,82,6,6vzm,6vzm6,6vzm60
487,1,3,7,1,soja,20241228,20250314,76,6,6vqn,6vqnw,6vqnwk
331,41,1,19,1,soja,20231114,20240319,126,6,6gcw,6gcwq,6gcwq3
27,1,1,29,5,soja,20201116,20210401,136,6,6vzt,6vztk,6vztkc
127,1,4,124,4,soja,20251119,20260408,140,6,6vnz,6vnz1,6vnz17
10,1,1,48,1,soja,20231024,20240301,129,6,6tqt,6tqtf,6tqtf5
1019,181,44,38,1,soja,20231024,20240218,117,6,6vfe,6vfex,6vfexb
232,1,2,7,16,soja,20221012,20230201,112,6,6vbn,6vbn6,6vbn60
1019,141,8,9,1,soja,20231021,20240305,136,6,6yqw,6yqwy,6yqwy1
1019,161,18,411,1,soja,20231104,20240306,123,6,6vzq,6vzqb,6vzqb3
256,1,1,12,1,soja,20211020,20220217,120,6,6vcq,6vcqj,6vcqjf
1019,241,2,72,1,soja,20231002,20240205,126,6,6vn5,6vn5k,6vn5ky
327,1,402,68,1,soja,20221005,20230126,113,6,6vrx,6vrxq,6vrxq5
444,1,1,9,13,soja,20240104,20240526,143,6,6f4x,6f4xg,6f4xg3
282,1,1,4,2,soja,20221111,20230208,89,6,6vn6,6vn6f,6vn6f1
436,82,5,169,1,soja,20250927,20260117,112,6,6vxx,6vxxh,6vxxh8
42,1,1102,300,1,soja,20251015,20260114,91,6,6yxb,6yxb3,6yxb3n
1019,181,44,26,1,soja,20231105,20240308,124,6,6vfe,6vfep,6vfepj
1019,181,44,1111,2,soja,20241011,20250127,108,6,6vfe,6vfer,6vfer8
1019,181,44,22,1,soja,20231014,20240202,111,6,6vfe,6vfen,6vfend
30,61,4,422,1,soja,20221019,20230208,112,6,6ywb,6ywb8,6ywb85
30,61,3,32,1,soja,20211026,20220215,112,6,6yqz,6yqz2,6yqz2b
221,41,25,18,25,soja,20231011,20240211,123,6,6u07,6u07e,6u07er
392,61,20,6,2,soja,20251107,20260324,137,6,6gsm,6gsms,6gsmst
51,1,8,30,2,soja,20231001,20240202,124,6,6vzk,6vzk3,6vzk3r
315,61,3,8,11,soja,20231011,20240210,122,6,6vfr,6vfrt,6vfrth
275,41,500,26,1000,soja,20241106,20250313,127,6,6v5p,6v5p4,6v5p44
350,1,35,3,115,soja,20221109,20230401,143,6,6vxq,6vxq3,6vxq3h
27,1,1,44,2,soja,20221107,20230309,122,6,6vzt,6vztf,6vztfw
1019,361,22,103,1,soja,20231228,20240501,125,6,6yps,6ypsq,6ypsq2
27,1,1,44,5,soja,20201110,20210327,137,6,6vzt,6vztf,6vztfw
361,41,2,423,2,soja,20221122,20230412,141,6,6vxd,6vxd0,6vxd0w
175,1,1,110,1,soja,20241012,20250212,123,6,6ym3,6ym37,6ym37u
450,1,2,22,1,soja,20241030,20250320,141,6,6v10,6v102,6v102d
240,1,1,22,1,soja,20220102,20220411,99,7,7nb3,7nb3t,7nb3th
1019,381,93,137,1,soja,20231002,20240117,107,6,6vxk,6vxkp,6vxkp8
209,1,6,20,6,soja,20221103,20230308,125,6,6uu4,6uu4t,6uu4tj
350,41,36,5,517,soja,20251112,20260321,129,6,6vzd,6vzdu,6vzdud
331,41,1,22,1,soja,20221024,20230306,133,6,6gcw,6gcwn,6gcwnp
15,1,1,2,2,soja,20201204,20210423,140,6,6vx7,6vx7h,6vx7hs
239,1,1,15,1,soja,20211124,20220227,95,6,6y11,6y11y,6y11yq
299,1,5,4,1,soja,20220928,20230114,108,6,6y22,6y22n,6y22n3
127,1,1,42,1,soja,20251106,20260322,136,6,6vq8,6vq8t,6vq8tt
1019,101,6,6,1,soja,20231101,20240221,112,6,6uf0,6uf0k,6uf0kz
352,1,2,2,2,soja,20241125,20250408,134,7,7h0w,7h0wv,7h0wvt
315,41,2,9,1,soja,20221013,20230301,139,6,6v0t,6v0tk,6v0tkk
30,101,5,201,1,soja,20231206,20240321,106,6,6yxj,6yxjc,6yxjc5
329,1,1,1050,3,soja,20231130,20240404,126,6,6ytj,6ytjb,6ytjbq
392,61,20,20,2,soja,20251127,20260401,125,6,6gsm,6gsms,6gsmsh
221,41,25,63,25,soja,20231122,20240312,111,6,6u07,6u07w,6u07wk
179,1,2,3,6,soja,20221226,20230601,157,7,7n84,7n845,7n845x
444,1,1,8,22,soja,20241121,20250420,150,6,6f4x,6f4xs,6f4xsm
232,1,3,1,6,soja,20211022,20220214,115,6,6tzy,6tzyk,6tzykt
42,103,59,12,1,soja,20251106,20260327,141,6,6yrw,6yrw8,6yrw84
42,103,59,12,1,soja,20251106,20260327,141,6,6yrw,6yrw8,6yrw84
481,1,1,3,1,soja,20241109,20250308,119,6,6uf5,6uf51,6uf51s
444,1,1,5,24,soja,20231214,20240503,141,6,6f4x,6f4xv,6f4xvj
413,1,2,2,2,soja,20231009,20240213,127,6,6vbj,6vbju,6vbju3
221,63,22,1,2,soja,20231201,20240214,75,6,6v45,6v452,6v452m
27,1,1,22,4,soja,20201125,20210416,142,6,6vzt,6vzts,6vztsp
27,1,1,22,4,soja,20201125,20210416,142,6,6vzt,6vzts,6vztsp
27,1,1,8,4,soja,20211118,20220328,130,6,6vzt,6vzts,6vztsy
444,1,1,8,28,soja,20240103,20240518,136,6,6f4x,6f4xs,6f4xsm
221,63,23,21,3,soja,20231104,20240221,109,6,6v1g,6v1gz,6v1gzc
42,1,1102,163,1,soja,20231201,20240328,118,6,6yrx,6yrxy,6yrxyv
221,1,5,49,10,soja,20231102,20240301,120,6,6u03,6u03n,6u03n8
39,1,15,1554,7,soja,20211203,20220423,141,6,6dxh,6dxhs,6dxhs0
42,101,60,22,1,soja,20251215,20260325,100,6,6yxv,6yxvz,6yxvzt
232,1,2,5,6,soja,20211016,20220124,100,6,6vbj,6vbjd,6vbjd6
275,41,500,11,1000,soja,20231210,20240405,117,6,6v5p,6v5p4,6v5p4w
27,1,1,6,4,soja,20211118,20220325,127,6,6vzt,6vztv,6vztvt
284,43,4,27,1,soja,20241121,20250414,144,7,7h0w,7h0w4,7h0w4u
350,1,35,2,117,soja,20221111,20230407,147,6,6vxq,6vxq2,6vxq2d
299,1,2,5,1,soja,20221019,20230210,114,6,6y28,6y284,6y284f
221,41,25,26,25,soja,20231128,20240319,112,6,6u07,6u07s,6u07ss
52,1,116,5710,3,soja,20201206,20210403,118,6,6ucx,6ucxs,6ucxs5
1019,401,77,208,2,soja,20231104,20240220,108,6,6try,6tryp,6trype
52,1,13,73,3,soja,20211111,20220413,153,6,6ucx,6ucxp,6ucxpq
176,1,8,810,1,soja,20211108,20220318,130,6,6ucj,6ucj1,6ucj19
232,1,2,4,2,soja,20211011,20220203,115,6,6vbj,6vbjg,6vbjgb
52,1,86,840,1,soja,20201126,20210323,117,6,6v1b,6v1bv,6v1bvs
400,1,8,1,1,soja,20230917,20240102,107,6,6v85,6v85t,6v85tx
444,1,1,7,2,soja,20241124,20250424,151,6,6f4x,6f4xs,6f4xs7
4,2,2,27,4,soja,20201026,20210209,106,6,6vb6,6vb69,6vb695
42,101,60,27,1,soja,20251106,20260414,159,7,7n8j,7n8jb,7n8jb6
27,1,1,20,3,soja,20201125,20210418,144,6,6vzt,6vzty,6vztyc
1019,201,62,80,1,soja,20231012,20240116,96,6,6trp,6trpw,6trpw8
52,1,114,5679,4,soja,20201207,20210408,122,6,6ucz,6uczj,6uczj2
240,1,1,7,1,soja,20240102,20240417,106,7,7nb3,7nb3k,7nb3kq
221,1,11,107,12,soja,20251020,20260305,136,6,6u09,6u091,6u091w
253,1,1,10,1,soja,20211108,20220321,133,6,6yrf,6yrff,6yrffs
309,1,2,7,2,soja,20251104,20260304,120,6,6txb,6txbf,6txbf2
1019,81,83,103,1,soja,20231001,20240212,134,6,6udt,6udt5,6udt5z
360,61,572302,1616102,572802,soja,20231017,20240210,116,6,6ucq,6ucqk,6ucqkf
4,2,2,19,4,soja,20201022,20210126,96,6,6vb6,6vb6d,6vb6dw
39,1,100,1552,7,soja,20241124,20250415,142,6,6dxh,6dxhk,6dxhkr
327,1,402,54,1,soja,20221005,20230125,112,6,6vrw,6vrwv,6vrwvy
331,41,1,31,1,soja,20221125,20230308,103,6,6gcw,6gcwj,6gcwjy
182,161,1,6,3,soja,20251104,20260303,119,6,6vxk,6vxk4,6vxk4s
413,1,2,4,2,soja,20230922,20231228,97,6,6vbj,6vbjg,6vbjgb
30,101,5,7,1,soja,20231204,20240319,106,6,6yxj,6yxjc,6yxjch
331,41,1,27,1,soja,20221020,20230304,135,6,6gcw,6gcwm,6gcwmf
275,41,500,29,1000,soja,20251124,20260403,130,6,6v5p,6v5p6,6v5p69
52,1,15,426,3,soja,20221105,20230306,121,6,6ucx,6ucxx,6ucxxt
175,62,2,22,1,soja,20211011,20220201,113,6,6yk9,6yk9s,6yk9s0
367,61,1,8,2,soja,20241011,20250201,113,6,6v8m,6v8m3,6v8m36
374,42,1,30,9,soja,20251109,20260316,127,6,6yxr,6yxrq,6yxrq4
27,1,1,26,3,soja,20201125,20210421,147,6,6vzt,6vztx,6vztxd
221,61,20,250,4,soja,20231122,20240403,133,6,6v0c,6v0cq,6v0cq2
315,1,1,22,12,soja,20221105,20230224,111,6,6vf8,6vf8g,6vf8g2
52,1,114,5676,4,soja,20201206,20210412,127,6,6ucz,6uczj,6uczj0
335,1,2,21,2,soja,20250922,20260118,118,6,6tyw,6tywr,6tywr8
466,1,1,18,1,soja,20241206,20250402,117,6,6yxc,6yxcn,6yxcnb
52,1,93,1310,3,soja,20201126,20210401,126,6,6ucx,6ucxh,6ucxh9
353,1,2,20,1,soja,20221018,20230205,110,6,6twq,6twqs,6twqsb
52,1,107,4526,1,soja,20201102,20210312,130,6,6v1c,6v1cb,6v1cb5
1022,1,5,17,17,soja,20211004,20220123,111,6,6vre,6vreg,6vreg7
1019,543,11,308,1,soja,20251121,20260226,97,6,6yk0,6yk0h,6yk0hp
1019,521,500,3,2,soja,20251025,20260308,134,6,6vf7,6vf7s,6vf7s3
444,1,1,1,15,soja,20231228,20240520,144,6,6f4x,6f4xu,6f4xu4
175,62,2,57,2,soja,20211026,20220207,104,6,6yk9,6yk9s,6yk9s0
175,62,2,57,2,soja,20211026,20220207,104,6,6yk9,6yk9s,6yk9s0
1019,381,93,514,5,soja,20231002,20240111,101,6,6vxs,6vxsz,6vxsz4
30,41,2,122,1,soja,20201213,20210411,119,6,6yx8,6yx8f,6yx8fv
327,1,402,38,1,soja,20221011,20230202,114,6,6vrw,6vrw4,6vrw4u
1019,81,83,201,2,soja,20231026,20240212,109,6,6udt,6udtf,6udtf0
10,161,5,78,3,soja,20240106,20240406,91,6,6tys,6tysc,6tysc4
439,1,1,18,1,soja,20251008,20260302,145,7,7h86,7h867,7h867x
1022,1,25,203,203,soja,20211111,20220320,129,6,6vrv,6vrv5,6vrv5u
341,1,1,11,1,soja,20231104,20240222,110,6,6y0e,6y0es,6y0est
42,1,1102,103,1,soja,20231120,20240411,143,6,6yrz,6yrzf,6yrzfv
466,1,1,4,1,soja,20241202,20250314,102,7,7n80,7n80b,7n80bs
393,42,3,2,1,soja,20230919,20231220,92,6,6twg,6twg2,6twg2c
379,61,4001,201,4,soja,20231125,20240405,132,6,6gk6,6gk6h,6gk6hy
52,1,113,5653,2,soja,20211129,20220409,131,6,6ucy,6ucyc,6ucyc6
184,1,1,26,1,soja,20201211,20210407,117,6,6yx9,6yx9w,6yx9wr
27,1,1,27,3,soja,20231117,20240319,123,6,6vzt,6vztr,6vztrr
413,1,2,3,4,soja,20230918,20231221,94,6,6vbj,6vbju,6vbjud
444,1,1,1,1,soja,20241130,20250426,147,6,6f4x,6f4xu,6f4xu4
221,61,17,241,9,soja,20231125,20240410,137,6,6v11,6v118,6v118w
350,1,35,3,107,soja,20221106,20230328,142,6,6vxq,6vxq3,6vxq3h
52,1,101,5113,3,soja,20201203,20210401,119,6,6ucx,6ucxj,6ucxjr
466,1,1,29,1,soja,20241110,20250218,100,6,6yxc,6yxcr,6yxcrv
1019,101,6,9,1,soja,20231006,20240122,108,6,6uf0,6uf0t,6uf0tc
52,1,101,5100,3,soja,20211209,20220412,124,6,6ucx,6ucxh,6ucxhp
36,1,1,1,3,soja,20201112,20210218,98,6,6v8h,6v8hh,6v8hhq
10,1,1,144,1,soja,20231009,20240305,148,6,6tqt,6tqt9,6tqt92
36,1,1,25,2,soja,20201005,20210201,119,6,6v85,6v85f,6v85fu
1019,241,2,123,2,soja,20241026,20250224,121,6,6vjf,6vjfm,6vjfmm
1019,421,74,136,1,soja,20231101,20240206,97,6,6tqz,6tqzw,6tqzw0
1019,201,62,112,2,soja,20241010,20250127,109,6,6tx0,6tx0k,6tx0ke
444,1,1,11,17,soja,20231231,20240517,138,6,6f4x,6f4xk,6f4xkr
27,1,1,17,3,soja,20210101,20210417,106,6,6vzt,6vztu,6vztu3
253,1,1,11,5,soja,20221130,20230401,122,6,6yrf,6yrfq,6yrfqw
324,1,1,24,1,soja,20231122,20240406,136,6,6urm,6urmx,6urmxt
52,1,4,12,1,soja,20201022,20210301,130,6,6v18,6v18r,6v18re
221,41,25,35,25,soja,20231201,20240322,112,6,6u07,6u07u,6u07ug
51,1,8,33,1,soja,20211117,20220325,128,6,6vzk,6vzk3,6vzk3d
1019,381,93,211,2,soja,20231205,20240330,116,6,6vxk,6vxkr,6vxkrm
1019,81,83,201,1,soja,20241101,20250301,120,6,6udt,6udtf,6udtf0
52,1,996,2914,2,soja,20221022,20230228,129,6,6ufp,6ufp6,6ufp63
1019,141,8,20,1,soja,20231025,20240310,137,6,6yqw,6yqwt,6yqwt5
232,1,3,1,1,soja,20211025,20220126,93,6,6tzy,6tzyk,6tzykt
275,1,100,19,2,soja,20251027,20260227,123,6,6ugs,6ugss,6ugssj
374,1,1,17,10,soja,20251121,20260405,135,6,6yxd,6yxd2,6yxd26
221,63,23,25,3,soja,20251107,20260318,131,6,6v1g,6v1gw,6v1gwy
390,1,2,2,1,soja,20231123,20240402,131,6,6vjd,6vjd5,6vjd54
278,1,18,1,13,soja,20231120,20240321,122,6,6y7u,6y7u3,6y7u3j
278,1,18,1,13,soja,20231120,20240321,122,6,6y7u,6y7u3,6y7u3j
238,61,1,12,1,soja,20211027,20220214,110,6,6trm,6trmq,6trmq3
1019,441,70,240,3,soja,20241101,20250228,119,6,6wpc,6wpcj,6wpcjt
350,1,35,3,101,soja,20221121,20230416,146,6,6vxq,6vxq3,6vxq3h
350,1,35,1,301,soja,20221105,20230323,138,6,6vxn,6vxnn,6vxnnz
30,41,2,253,1,soja,20201118,20210311,113,6,6yx8,6yx87,6yx870
1019,401,77,137,1,soja,20231001,20240121,112,6,6v82,6v82d,6v82de
52,1,86,831,1,soja,20211105,20220225,112,6,6v1b,6v1bs,6v1bsf
436,83,6,100,1,soja,20251101,20260215,106,6,6vzm,6vzm1,6vzm1e
209,1,10,200,4,soja,20231010,20240213,126,6,6uu4,6uu4m,6uu4m5
444,1,1,10,26,soja,20231201,20240425,146,6,6f4x,6f4xe,6f4xeq
278,1,18,7,2,soja,20220924,20230116,114,6,6y7u,6y7u0,6y7u0v
36,1,1,41,3,soja,20201024,20210211,110,6,6v85,6v85e,6v85ex
42,103,59,46,1,soja,20251201,20260419,139,6,6yrm,6yrms,6yrmsr
42,103,59,46,1,soja,20251201,20260419,139,6,6yrm,6yrms,6yrmsr
49,2,2,47,3,soja,20241111,20250129,79,6,6vff,6vff8,6vff8p
177,42,107,1,1,soja,20201202,20210426,145,6,6yr7,6yr70,6yr70e
350,41,36,32,544,soja,20251129,20260404,126,6,6vze,6vzen,6vzen5
209,1,6,135,6,soja,20221026,20230307,132,6,6uu4,6uu4t,6uu4tn
52,1,4,22,1,soja,20201106,20210311,125,6,6v18,6v18n,6v18nv
52,1,17,91,2,soja,20201106,20210317,131,6,6ucx,6ucxz,6ucxzz
177,42,107,4,2,soja,20201201,20210409,129,6,6yr5,6yr5m,6yr5mc
221,41,24,13,24,soja,20231221,20240326,96,6,6u07,6u07g,6u07gr
42,42,1101,241,1,soja,20231212,20240319,98,6,6yru,6yru2,6yru26
240,1,1,39,1,soja,20231211,20240506,147,7,7nb3,7nb3n,7nb3ng
239,1,1,36,2,soja,20211006,20220201,118,6,6y16,6y160,6y160b
331,41,1,26,1,soja,20221125,20230304,99,6,6gcw,6gcwm,6gcwmc
282,1,1,3,1,soja,20221208,20230302,84,6,6vn6,6vn6d,6vn6dr
52,1,109,503,2,soja,20211205,20220404,120,6,6ucz,6uczd,6uczdn
177,1,101,17,1,soja,20231002,20240110,100,6,6vz0,6vz0j,6vz0je
42,1,1102,142,1,soja,20231211,20240402,113,6,6yxb,6yxb3,6yxb32
361,41,2,415,2,soja,20221105,20230326,141,6,6vx6,6vx6p,6vx6pu
253,1,1,3,6,soja,20221109,20230301,112,6,6yrf,6yrfk,6yrfk0
1019,161,18,216,1,soja,20241101,20250311,130,6,6vzj,6vzjw,6vzjwe
374,42,1,28,9,soja,20251107,20260314,127,6,6yxr,6yxrq,6yxrqk
221,41,25,71,25,soja,20231101,20240301,121,6,6u07,6u07q,6u07qm
232,1,1,4,5,soja,20211014,20220125,103,6,6vbt,6vbtm,6vbtm3
52,1,100,4907,2,soja,20201119,20210404,136,6,6ucx,6ucxw,6ucxwt
350,1,35,4,410,soja,20231215,20240416,123,6,6vxn,6vxnx,6vxnxf
175,62,2,72,4,soja,20211201,20220324,113,6,6yk9,6yk9s,6yk9s0
52,1,114,5675,2,soja,20211107,20220325,138,6,6ucz,6uczh,6uczhc
284,1,1,11,1,soja,20221107,20230325,138,7,7h0w,7h0wf,7h0wfc
390,1,7,6,4,soja,20241022,20250220,121,6,6uvp,6uvp7,6uvp76
221,41,25,40,25,soja,20231127,20240316,110,6,6u07,6u07u,6u07uv
52,1,109,506,2,soja,20211204,20220327,113,6,6ucz,6uczf,6uczf4
444,1,1,3,28,soja,20240103,20240518,136,6,6f4x,6f4xu,6f4xut
52,1,79,3502,1,soja,20201105,20210320,135,6,6ucz,6uczg,6uczgy
52,1,114,5671,2,soja,20211110,20220413,154,6,6ucy,6ucyu,6ucyun
175,62,2,12,1,soja,20211018,20220212,117,6,6yk9,6yk9s,6yk9s1
392,1,15,52,1,soja,20230401,20230701,91,6,6yrn,6yrn1,6yrn1z
1019,181,44,5554,2,soja,20241101,20250223,114,6,6vfe,6vfez,6vfez9
315,1,1,2,21,soja,20241016,20250212,119,6,6vg1,6vg1q,6vg1qu
1019,381,93,209,2,soja,20231208,20240402,116,6,6vxk,6vxkr,6vxkrh
1019,181,44,18,2,soja,20241013,20250126,105,6,6vfd,6vfdy,6vfdyp
284,1,2,3,2,soja,20230118,20230417,89,7,7h0w,7h0wg,7h0wgs
1019,81,83,210,2,soja,20231101,20240305,125,6,6udt,6udtc,6udtct
282,1,1,3,2,soja,20221108,20230209,93,6,6vn6,6vn6d,6vn6dr
221,41,25,65,25,soja,20231016,20240221,128,6,6u07,6u07x,6u07xp
221,41,25,65,25,soja,20231016,20240221,128,6,6u07,6u07x,6u07xp
1019,341,23,15,1,soja,20231114,20240309,116,6,6yrs,6yrs6,6yrs6r
359,1,1,40,1,soja,20231205,20240330,116,7,7n8h,7n8h6,7n8h60
221,41,25,36,25,soja,20231201,20240320,110,6,6u07,6u07v,6u07v7
360,1,871802,89,1683602,soja,20231128,20240318,111,6,6y21,6y21b,6y21bj
1019,221,39,105,1,soja,20231011,20240115,96,6,6tzv,6tzvx,6tzvxe
329,1,1,1003,1,soja,20221026,20230221,118,6,6ytj,6ytjb,6ytjb6
360,1,871802,83,168302,soja,20241020,20250222,125,6,6wrc,6wrcz,6wrczu
444,1,1,5,13,soja,20240104,20240526,143,6,6f4x,6f4xv,6f4xvj
221,1,7,70,20,soja,20231208,20240402,116,6,6u02,6u02x,6u02xu
1019,421,74,148,1,soja,20230920,20240105,107,6,6tqz,6tqzk,6tqzk8
1022,1,5,12,12,soja,20211102,20220314,132,6,6vre,6vree,6vreeq
253,1,3,4,1,soja,20221112,20230414,153,6,6yrg,6yrgx,6yrgxh
52,1,107,4532,1,soja,20211207,20220408,122,6,6v1f,6v1f0,6v1f09
392,1,15,123,2,soja,20231127,20240315,109,6,6yrj,6yrj2,6yrj2x
1019,381,93,105,1,soja,20231006,20240126,112,6,6vxk,6vxkp,6vxkpc
282,1,1,88,2,soja,20220926,20230204,131,6,6vn7,6vn70,6vn709
1019,281,17,48,1,soja,20231107,20240415,160,6,6vx3,6vx3p,6vx3p0
52,1,114,5675,4,soja,20201205,20210410,126,6,6ucz,6uczh,6uczhc
1019,201,62,78,1,soja,20231009,20240130,113,6,6trp,6trpx,6trpx1
1019,261,64,9,1,soja,20241113,20250315,122,6,6yrp,6yrpz,6yrpzq
39,1,100,1430,1,soja,20241102,20250403,152,6,6dxh,6dxhs,6dxhs3
52,1,4,15,1,soja,20201022,20210222,123,6,6v18,6v18r,6v18r3
52,1,94,1420,3,soja,20211116,20220324,128,6,6ucw,6ucwy,6ucwy6
323,1,5553,2,1,soja,20221026,20230324,149,6,6udw,6udwh,6udwhu
175,62,2,25,1,soja,20211016,20220203,110,6,6yk9,6yk9s,6yk9s0
481,1,3,1,1,soja,20241114,20250319,125,6,6ucf,6ucfq,6ucfqm
221,41,25,32,25,soja,20231201,20240322,112,6,6u07,6u07u,6u07ub
52,1,33,303,2,soja,20201103,20210313,130,6,6v18,6v18n,6v18n3
1019,341,23,7,1,soja,20231223,20240415,114,6,6yrs,6yrs1,6yrs1n
30,62,4,303,1,soja,20211025,20220223,121,6,6ywb,6ywbb,6ywbbw
36,1,1,12,2,soja,20201013,20210128,107,6,6v85,6v85d,6v85dt
282,1,1,1,3,soja,20221207,20230402,116,6,6vn6,6vn6d,6vn6d1
52,1,14,417,3,soja,20201120,20210312,112,6,6ucx,6ucxr,6ucxr7
324,1,1,9,1,soja,20221021,20230201,103,6,6urm,6urmx,6urmxy
52,1,11,38,3,soja,20201124,20210328,124,6,6ucx,6ucxq,6ucxq6
313,41,1,2,3,soja,20241101,20250312,131,6,6udv,6udvz,6udvzz
52,1,100,4902,3,soja,20211109,20220301,112,6,6ucx,6ucxw,6ucxw4
27,1,1,7,4,soja,20211117,20220403,137,6,6vzt,6vzts,6vztsc
323,41,11413,2,1,soja,20221027,20230305,129,6,6udq,6udqh,6udqhb
10,1,1,83,1,soja,20231023,20240307,136,6,6tqt,6tqtf,6tqtfw
278,1,18,1,6,soja,20221025,20230217,115,6,6y7u,6y7u3,6y7u3j
1019,81,83,127,1,soja,20231025,20240209,107,6,6udt,6udt3,6udt3c
460,61,2,6,1,soja,20251130,20260401,122,6,6vrp,6vrpr,6vrpr9
175,1,1,58,1,soja,20231116,20240313,118,6,6ym3,6ym3c,6ym3cg
221,61,17,242,9,soja,20231126,20240416,142,6,6v11,6v118,6v118t
393,41,2,7,1,soja,20230914,20240114,122,6,6v2t,6v2ty,6v2ty9
52,1,114,5670,2,soja,20211110,20220410,151,6,6ucy,6ucyu,6ucyuh
221,61,17,236,9,soja,20231204,20240418,136,6,6v0c,6v0cx,6v0cx9
10,101,2,44,2,soja,20201101,20210301,120,6,6trh,6trhb,6trhbs
323,41,44940,47,1,soja,20221005,20230302,148,6,6udq,6udqh,6udqhv
390,1,7,2,4,soja,20241023,20250221,121,6,6uvp,6uvp6,6uvp6v
267,1,1,18,5,soja,20221020,20230223,126,6,6tw6,6tw62,6tw62r
52,1,90,1307,1,soja,20201108,20210304,116,6,6v18,6v18n,6v18nz
52,1,86,830,1,soja,20211105,20220226,113,6,6v1b,6v1bs,6v1bst
1019,421,74,152,1,soja,20230922,20240102,102,6,6tqz,6tqzk,6tqzkg
221,41,25,67,25,soja,20231128,20240315,108,6,6u07,6u07w,6u07w3
239,41,2,1,1,soja,20221010,20230129,111,6,6y02,6y02y,6y02yf
1019,201,62,88,1,soja,20231021,20240307,138,6,6tx0,6tx0m,6tx0mj
52,1,105,4509,1,soja,20201019,20210301,133,6,6v18,6v18t,6v18tf
27,1,1,61,4,soja,20231123,20240321,119,6,6vzt,6vztv,6vztvw
361,1,1,347,1,soja,20230511,20230829,110,6,6vus,6vusv,6vusvt
221,63,22,14,2,soja,20231201,20240404,125,6,6v45,6v45f,6v45fg
240,1,1,10034,1,soja,20251226,20260504,129,7,7nb3,7nb3q,7nb3qe
367,61,1,5,2,soja,20241022,20250216,117,6,6v8m,6v8m1,6v8m1h
1019,321,46,240,1,soja,20231205,20240410,127,6,6vxm,6vxmk,6vxmky
392,41,21,6,2,soja,20241204,20250323,109,6,6ywk,6ywkb,6ywkb3
51,1,12,8,5,soja,20231212,20240401,111,6,6vzq,6vzq0,6vzq0w
238,61,1,226,4,soja,20211203,20220320,107,6,6trt,6trtb,6trtbc
299,1,7,4,1,soja,20221031,20230301,121,6,6y22,6y22p,6y22p1
221,63,22,12,2,soja,20231121,20240401,132,6,6v45,6v458,6v458p
500,1,1,6,3,soja,20251121,20260301,100,6,6v80,6v80e,6v80eb
1019,181,44,3337,2,soja,20241023,20250219,119,6,6vfg,6vfg2,6vfg2t
52,1,98,3708,4,soja,20201120,20210401,132,6,6ucw,6ucwz,6ucwzv
313,1,3,7,1,soja,20221001,20230203,125,6,6ugk,6ugkh,6ugkh7
425,41,2,13,1,soja,20231001,20240201,123,6,6tmy,6tmyc,6tmycd
379,41,5001,15,1,soja,20231022,20240311,141,6,6vxd,6vxd4,6vxd4c
209,1,10,196,4,soja,20221103,20230302,119,6,6uu4,6uu4m,6uu4m8
392,61,20,18,2,soja,20251110,20260327,137,6,6gsk,6gskj,6gskjs
1019,181,44,9,2,soja,20241021,20250203,105,6,6vfe,6vfeq,6vfeq9
52,1,7,20,1,soja,20211019,20220202,106,6,6v18,6v18n,6v18nn
27,1,1,4,5,soja,20201107,20210325,138,6,6vzt,6vztv,6vztvd
309,1,2,8,2,soja,20251101,20260301,120,6,6txb,6txbf,6txbf3
36,1,1,3,1,soja,20201113,20210308,115,6,6v8h,6v8hh,6v8hh5
184,1,1,20,1,soja,20201106,20210306,120,6,6yx9,6yx9w,6yx9wj
10,121,4,5,1,soja,20211022,20220113,83,6,6ttc,6ttc5,6ttc5h
1019,181,44,114,2,soja,20241103,20250306,123,6,6vfg,6vfg1,6vfg1w
327,1,402,39,1,soja,20221012,20230202,113,6,6vrw,6vrw4,6vrw4g
253,1,1,10,9,soja,20221202,20230413,132,6,6yrf,6yrff,6yrffs
240,1,1,20,1,soja,20240105,20240501,117,7,7nb3,7nb3v,7nb3v0
221,1,8,76,21,soja,20231201,20240411,132,6,6u08,6u088,6u0886
1019,461,68,106,1,soja,20231108,20240209,93,6,6v88,6v884,6v884e
1019,281,17,30,1,soja,20231201,20240413,134,6,6vx2,6vx2z,6vx2zh
278,1,18,12,12,soja,20231101,20240305,125,6,6y7t,6y7tn,6y7tnv
367,61,1,4,1,soja,20240917,20250102,107,6,6v8m,6v8m0,6v8m0s
